customer_id,total_revenue,total_transactions,total_quantity,avg_transaction_value,customer_segment,frequency_group
g0l3rtz5,117.4,2,9,58.7,High Value,Occasional (2-3)
cy2c11bd,109.56,3,14,36.52,High Value,Occasional (2-3)
gb205hu0,91.0,2,10,45.5,High Value,Occasional (2-3)
zvvmi177,84.6,1,6,84.6,High Value,One-time (1)
164bckbr,82.8,1,6,82.8,High Value,One-time (1)
zuumcnjy,81.0,1,5,81.0,High Value,One-time (1)
x3kl5x1x,80.0,1,5,80.0,High Value,One-time (1)
ga9ta76n,79.89,2,7,39.945,High Value,Occasional (2-3)
za4aeijt,75.0,1,5,75.0,High Value,One-time (1)
azmh5ajf,75.0,1,4,75.0,High Value,One-time (1)
vwhholi5,75.0,4,14,18.75,High Value,Frequent (4-7)
g6ooh1xa,74.91,2,12,37.455,High Value,Occasional (2-3)
8y64sn7w,73.52,1,4,73.52,High Value,One-time (1)
nlppxd35,71.25,1,5,71.25,High Value,One-time (1)
qgdd1bsv,66.15,1,9,66.15,High Value,One-time (1)
97xo485d,65.48,2,8,32.74,High Value,Occasional (2-3)
s38yr19s,64.8,1,5,64.8,High Value,One-time (1)
0q7xwio6,64.8,1,4,64.8,High Value,One-time (1)
thjy43lx,63.75,1,4,63.75,High Value,One-time (1)
nnz8gpwp,61.5,1,5,61.5,High Value,One-time (1)
mw04u923,61.5,1,5,61.5,High Value,One-time (1)
arbkabl1,61.2,1,6,61.2,High Value,One-time (1)
a374ceio,60.91,1,6,60.91,High Value,One-time (1)
p35t54gy,60.779999999999994,4,9,15.194999999999999,High Value,Frequent (4-7)
rb9opllv,59.35,4,16,14.8375,High Value,Frequent (4-7)
cxz2ei92,59.04,4,15,14.76,High Value,Frequent (4-7)
x7fv5djr,59.04,1,6,59.04,High Value,One-time (1)
a9pxnekr,58.8,1,4,58.8,High Value,One-time (1)
lfqf5e8o,57.599999999999994,3,10,19.2,High Value,Occasional (2-3)
7mhxofkc,57.32,2,8,28.66,High Value,Occasional (2-3)
aeyid7lv,56.4,1,4,56.4,High Value,One-time (1)
nfzod7ek,56.4,1,4,56.4,High Value,One-time (1)
ytuagdl1,55.93,3,10,18.643333333333334,High Value,Occasional (2-3)
l5b56bnv,55.709999999999994,2,10,27.854999999999997,High Value,Occasional (2-3)
ot8hljef,55.42,3,5,18.473333333333333,High Value,Occasional (2-3)
mf1tqz3k,55.2,1,4,55.2,High Value,One-time (1)
9zoolxkj,55.14,1,3,55.14,High Value,One-time (1)
9rh7ab4k,55.04,1,8,55.04,High Value,One-time (1)
raayq7n1,54.45,1,9,54.45,High Value,One-time (1)
tqatbaue,53.46,1,9,53.46,High Value,One-time (1)
0z9ts3dx,53.43,1,3,53.43,High Value,One-time (1)
osoow1rw,52.38,1,5,52.38,High Value,One-time (1)
aqvkizzq,52.019999999999996,3,13,17.34,High Value,Occasional (2-3)
q4wr0npb,51.0,1,5,51.0,High Value,One-time (1)
spxlseun,51.0,1,5,51.0,High Value,One-time (1)
oehczsvd,49.5,1,3,49.5,High Value,One-time (1)
13j2e8gz,49.2,1,4,49.2,High Value,One-time (1)
pfbyc1bc,48.58,1,7,48.58,High Value,One-time (1)
bwaufxqp,48.0,1,3,48.0,High Value,One-time (1)
41tcm9j6,48.0,1,3,48.0,High Value,One-time (1)
at67zfpt,47.13,1,3,47.13,High Value,One-time (1)
um45qi5w,47.04,1,8,47.04,High Value,One-time (1)
b4jgrxoz,47.0,3,8,15.666666666666666,High Value,Occasional (2-3)
w9myyoke,46.93,3,12,15.643333333333333,High Value,Occasional (2-3)
txw1vzc7,46.6,3,6,15.533333333333333,High Value,Occasional (2-3)
nxgni03r,46.56,1,4,46.56,High Value,One-time (1)
ng0apsal,46.05,3,9,15.35,High Value,Occasional (2-3)
k94w6wuu,46.0,3,6,15.333333333333334,High Value,Occasional (2-3)
7dypmlva,45.36,4,4,11.34,High Value,Frequent (4-7)
dxpx2ooy,45.12,1,4,45.12,High Value,One-time (1)
1cao8w81,45.0,1,3,45.0,High Value,One-time (1)
x5aibdxh,45.0,1,3,45.0,High Value,One-time (1)
9owwew9v,44.599999999999994,4,15,11.149999999999999,High Value,Frequent (4-7)
1r11q7uw,44.36,2,8,22.18,High Value,Occasional (2-3)
3xb1cmqo,44.1,1,6,44.1,High Value,One-time (1)
v5u4pr4z,43.65,1,3,43.65,High Value,One-time (1)
rimmdwot,43.32,1,4,43.32,High Value,One-time (1)
b7l8v1zo,43.14,2,12,21.57,High Value,Occasional (2-3)
6hcn86s2,42.75,1,3,42.75,High Value,One-time (1)
mxhgrygq,42.75,1,3,42.75,High Value,One-time (1)
w2d0gz4u,42.75,1,3,42.75,High Value,One-time (1)
fx4u4jrc,42.34,1,4,42.34,High Value,One-time (1)
swhibz3k,42.32,1,8,42.32,High Value,One-time (1)
7drem95q,42.3,1,3,42.3,High Value,One-time (1)
7cu0gm0g,42.3,1,3,42.3,High Value,One-time (1)
xq531d1k,42.3,4,10,10.575,High Value,Frequent (4-7)
cq99chj7,42.3,1,3,42.3,High Value,One-time (1)
k7yt624x,42.03,1,9,42.03,High Value,One-time (1)
t9fk0vwx,41.76,1,8,41.76,High Value,One-time (1)
imev9wem,41.4,1,3,41.4,High Value,One-time (1)
zj38zmm4,41.4,1,3,41.4,High Value,One-time (1)
s1qiq2el,41.4,1,3,41.4,High Value,One-time (1)
ns0gnh8s,41.28,3,14,13.76,High Value,Occasional (2-3)
pq6oqkiw,40.86,1,6,40.86,High Value,One-time (1)
dyms1mwn,40.8,2,8,20.4,High Value,Occasional (2-3)
qyhmdhrt,40.74,1,7,40.74,High Value,One-time (1)
yj38xrg2,40.739999999999995,5,8,8.148,High Value,Frequent (4-7)
crzxc4vn,40.72,2,12,20.36,High Value,Occasional (2-3)
m3pp00cd,40.28,2,8,20.14,High Value,Occasional (2-3)
lnpsf9ta,40.18,1,9,40.18,High Value,One-time (1)
1lm7qmxr,40.18,1,7,40.18,High Value,One-time (1)
iqmb0u9y,40.17,1,3,40.17,High Value,One-time (1)
r00vi3ia,40.17,1,3,40.17,High Value,One-time (1)
blu27xnp,40.019999999999996,2,7,20.009999999999998,High Value,Occasional (2-3)
vk8sqgrk,39.6,1,6,39.6,High Value,One-time (1)
amhxq5kn,39.36,1,4,39.36,High Value,One-time (1)
yrw3ueei,39.36,1,4,39.36,High Value,One-time (1)
zsxh6ozd,39.33,1,9,39.33,High Value,One-time (1)
fsx3njzh,39.0,1,6,39.0,High Value,One-time (1)
pk0zfknw,38.96,2,10,19.48,High Value,Occasional (2-3)
uk19x0pt,38.88,1,3,38.88,High Value,One-time (1)
3ab28ghe,38.88,1,3,38.88,High Value,One-time (1)
ggwymsl8,38.88,1,3,38.88,High Value,One-time (1)
fgvzmual,38.88,1,3,38.88,High Value,One-time (1)
3vj0pojk,38.88,1,3,38.88,High Value,One-time (1)
d6isxrio,38.7,1,7,38.7,High Value,One-time (1)
ztfwgv3j,38.43,1,9,38.43,High Value,One-time (1)
87aeaf7l,38.4,1,6,38.4,High Value,One-time (1)
v41echj9,38.25,1,3,38.25,High Value,One-time (1)
e4dlhju5,38.25,1,3,38.25,High Value,One-time (1)
rynsx09j,37.8,1,6,37.8,High Value,One-time (1)
sxzn5jdy,37.8,1,6,37.8,High Value,One-time (1)
k5j42oi6,37.72,4,13,9.43,High Value,Frequent (4-7)
mrmsnt0k,37.71,1,3,37.71,High Value,One-time (1)
5e4bdlb3,37.5,1,2,37.5,High Value,One-time (1)
0edoijh9,37.5,1,5,37.5,High Value,One-time (1)
bvh4fut5,37.5,1,2,37.5,High Value,One-time (1)
1v09ikkt,37.31,1,7,37.31,High Value,One-time (1)
7lchjt9b,37.11,1,3,37.11,High Value,One-time (1)
1zvq558j,36.84,1,6,36.84,High Value,One-time (1)
5btvl1f4,36.75,1,5,36.75,High Value,One-time (1)
r45g1rec,36.72,1,4,36.72,High Value,One-time (1)
z7gn668j,36.72,1,4,36.72,High Value,One-time (1)
wewnd9yw,36.68,1,7,36.68,High Value,One-time (1)
wcjbqn5r,36.66,1,6,36.66,High Value,One-time (1)
ueihx74d,36.56,3,12,12.186666666666667,High Value,Occasional (2-3)
sgkxzp1n,36.48,1,8,36.48,High Value,One-time (1)
inu6g896,36.4,1,6,36.4,High Value,One-time (1)
xvm25v1d,36.34,1,3,36.34,High Value,One-time (1)
x7n89lta,36.32,3,4,12.106666666666667,High Value,Occasional (2-3)
5j8kihhu,36.3,1,6,36.3,High Value,One-time (1)
8r7sn1tc,36.230000000000004,2,8,18.115000000000002,High Value,Occasional (2-3)
tat7cmty,35.91,1,9,35.91,High Value,One-time (1)
0i9bl14h,35.67,2,7,17.835,High Value,Occasional (2-3)
oxx1rjbo,35.64,1,6,35.64,High Value,One-time (1)
uvvsbk58,35.62,1,2,35.62,High Value,One-time (1)
vuuodwvk,35.6,1,5,35.6,High Value,One-time (1)
bc2swsoz,35.52,2,12,17.76,High Value,Occasional (2-3)
o7mnae6m,35.49,1,7,35.49,High Value,One-time (1)
48zkgacb,35.4,1,9,35.4,High Value,One-time (1)
17lntlfb,35.28,1,3,35.28,High Value,One-time (1)
gctc80vj,35.28,1,6,35.28,High Value,One-time (1)
8x18gdw1,35.28,1,6,35.28,High Value,One-time (1)
yiiwnvp4,35.22,1,6,35.22,High Value,One-time (1)
hapm93vu,35.1,1,5,35.1,High Value,One-time (1)
o7so3hkj,35.1,1,5,35.1,High Value,One-time (1)
y8sj4wsu,34.92,1,3,34.92,High Value,One-time (1)
7nidp9mg,34.86,4,9,8.715,High Value,Frequent (4-7)
svt8udx8,34.65,1,9,34.65,High Value,One-time (1)
9nfe7yu2,34.65,1,9,34.65,High Value,One-time (1)
19j0onea,34.56,1,6,34.56,High Value,One-time (1)
cb8rs0kj,34.56,1,8,34.56,High Value,One-time (1)
kl1flxcu,34.56,1,3,34.56,High Value,One-time (1)
6ufqdsd3,34.5,1,2,34.5,High Value,One-time (1)
5g589heb,34.32,1,6,34.32,High Value,One-time (1)
fxl6kpl0,34.23,1,3,34.23,High Value,One-time (1)
sz9acqyr,34.11,1,9,34.11,High Value,One-time (1)
jptnkupb,33.93,1,9,33.93,High Value,One-time (1)
gjtttqvo,33.84,1,3,33.84,High Value,One-time (1)
bn2eziyb,33.84,1,3,33.84,High Value,One-time (1)
5b1g2uxb,33.84,1,3,33.84,High Value,One-time (1)
zacbgp6j,33.84,1,8,33.84,High Value,One-time (1)
ttnh7jl5,33.84,1,3,33.84,High Value,One-time (1)
xuqhissw,33.84,1,6,33.84,High Value,One-time (1)
mgsz7ee3,33.78,1,6,33.78,High Value,One-time (1)
ph3oasy8,33.7,1,7,33.7,High Value,One-time (1)
16cer90c,33.67,1,7,33.67,High Value,One-time (1)
1cy0lwz6,33.6,1,5,33.6,High Value,One-time (1)
wiimchrl,33.53,1,7,33.53,High Value,One-time (1)
whwkmy9x,33.3,1,6,33.3,High Value,One-time (1)
65bnvc4g,33.3,1,6,33.3,High Value,One-time (1)
ptxcodbk,33.21,1,3,33.21,High Value,One-time (1)
xtdervcg,33.18,1,6,33.18,High Value,One-time (1)
uvws7605,33.12,1,3,33.12,High Value,One-time (1)
1tt5xs7p,33.12,1,3,33.12,High Value,One-time (1)
df08087e,33.12,1,3,33.12,High Value,One-time (1)
64drczes,33.12,1,6,33.12,High Value,One-time (1)
ui8vpadx,33.12,1,3,33.12,High Value,One-time (1)
3ilxgirz,33.0,1,5,33.0,High Value,One-time (1)
jykb3x37,33.0,1,2,33.0,High Value,One-time (1)
ad2mlfqz,33.0,1,2,33.0,High Value,One-time (1)
06esngjm,32.82,1,3,32.82,High Value,One-time (1)
oiqpm708,32.82,1,3,32.82,High Value,One-time (1)
zn1f0fp8,32.7,3,15,10.9,High Value,Occasional (2-3)
kk61li4o,32.7,1,6,32.7,High Value,One-time (1)
ryozdppb,32.64,3,10,10.88,High Value,Occasional (2-3)
vy32i3pj,32.4,1,2,32.4,High Value,One-time (1)
vdy7ro92,32.4,1,2,32.4,High Value,One-time (1)
bnn3phg2,32.4,1,9,32.4,High Value,One-time (1)
vhzbyq9h,32.4,1,2,32.4,High Value,One-time (1)
gow2vjyp,32.4,1,2,32.4,High Value,One-time (1)
e7q9n3n6,32.4,1,2,32.4,High Value,One-time (1)
xn3n21kx,32.4,1,2,32.4,High Value,One-time (1)
i55rspxj,32.4,1,2,32.4,High Value,One-time (1)
l41hly49,32.29,1,6,32.29,High Value,One-time (1)
f397gh1g,32.27,1,7,32.27,High Value,One-time (1)
aaxa3bl1,32.23,2,8,16.115,High Value,Occasional (2-3)
lw9yzfpr,32.1,1,6,32.1,High Value,One-time (1)
yghar6et,32.1,1,6,32.1,High Value,One-time (1)
sa6zowec,32.04,1,9,32.04,High Value,One-time (1)
izjdilxp,32.0,1,2,32.0,High Value,One-time (1)
aj269nem,32.0,1,2,32.0,High Value,One-time (1)
jv7f77ac,32.0,1,2,32.0,High Value,One-time (1)
j0adchwx,32.0,1,2,32.0,High Value,One-time (1)
kadokbax,32.0,1,2,32.0,High Value,One-time (1)
o4vp6aqg,31.98,1,6,31.98,High Value,One-time (1)
plwu3ex5,31.95,1,9,31.95,High Value,One-time (1)
n2d7ki3x,31.93,2,7,15.965,High Value,Occasional (2-3)
xaypntrf,31.85,1,5,31.85,High Value,One-time (1)
4mi05kuy,31.85,1,5,31.85,High Value,One-time (1)
nv165kx9,31.74,1,6,31.74,High Value,One-time (1)
a0l7253j,31.7,2,5,15.85,High Value,Occasional (2-3)
vkl46cej,31.5,1,5,31.5,High Value,One-time (1)
vbgr8w2m,31.5,1,5,31.5,High Value,One-time (1)
55xe7lv2,31.5,1,5,31.5,High Value,One-time (1)
3uopway9,31.5,1,5,31.5,High Value,One-time (1)
9n75vhf4,31.44,1,6,31.44,High Value,One-time (1)
5xya06dz,31.42,1,2,31.42,High Value,One-time (1)
dl0biqkz,31.38,1,6,31.38,High Value,One-time (1)
w42nfcu5,31.32,1,6,31.32,High Value,One-time (1)
q52wspof,31.3,2,6,15.65,High Value,Occasional (2-3)
6k8djzr5,31.2,1,6,31.2,High Value,One-time (1)
kifgzvjv,31.14,1,9,31.14,High Value,One-time (1)
85m43270,31.05,1,6,31.05,High Value,One-time (1)
c6s6lw2y,31.05,1,6,31.05,High Value,One-time (1)
rdqth8ec,31.05,1,2,31.05,High Value,One-time (1)
sruowvg5,30.88,1,4,30.88,High Value,One-time (1)
bsh76rbh,30.85,1,5,30.85,High Value,One-time (1)
63o0wcqv,30.85,1,5,30.85,High Value,One-time (1)
jd2v1l1v,30.83,2,9,15.415,High Value,Occasional (2-3)
q19jz0z7,30.78,1,9,30.78,High Value,One-time (1)
c03rvnrx,30.6,1,6,30.6,High Value,One-time (1)
s9dmlfx7,30.6,1,3,30.6,High Value,One-time (1)
eyrmbmpt,30.6,1,3,30.6,High Value,One-time (1)
vum5umst,30.56,1,8,30.56,High Value,One-time (1)
86tc5lol,30.55,1,5,30.55,High Value,One-time (1)
bmc97c7b,30.55,1,5,30.55,High Value,One-time (1)
5w1d8zaf,30.5,1,6,30.5,High Value,One-time (1)
rhocn9j2,30.45,2,2,15.225,High Value,Occasional (2-3)
z3bg52ib,30.41,2,8,15.205,High Value,Occasional (2-3)
0thl2c53,30.36,2,6,15.18,High Value,Occasional (2-3)
m2hnpur3,30.36,1,6,30.36,High Value,One-time (1)
skzo3i9l,30.34,3,8,10.113333333333333,High Value,Occasional (2-3)
37ktll8s,30.330000000000002,2,3,15.165000000000001,High Value,Occasional (2-3)
ucl5uwjd,30.33,1,5,30.33,High Value,One-time (1)
486d43i2,30.259999999999998,4,7,7.5649999999999995,High Value,Frequent (4-7)
aqhqmycg,30.21,1,9,30.21,High Value,One-time (1)
mip863jh,30.08,1,8,30.08,High Value,One-time (1)
yijbg36t,30.0,1,2,30.0,High Value,One-time (1)
qr5ct3g5,30.0,1,5,30.0,High Value,One-time (1)
22szgih4,30.0,1,2,30.0,High Value,One-time (1)
wct8jbbs,30.0,1,2,30.0,High Value,One-time (1)
1w7uwquy,29.9,1,5,29.9,High Value,One-time (1)
nk98xflg,29.7,1,5,29.7,High Value,One-time (1)
98ie4ty2,29.7,1,5,29.7,High Value,One-time (1)
13fhrn8y,29.67,1,3,29.67,High Value,One-time (1)
uiish7x4,29.65,1,5,29.65,High Value,One-time (1)
tfblamzr,29.54,1,3,29.54,High Value,One-time (1)
242prq3f,29.52,1,3,29.52,High Value,One-time (1)
5k1wzq0s,29.46,1,6,29.46,High Value,One-time (1)
6ph4zv1b,29.46,1,6,29.46,High Value,One-time (1)
q2gv5il7,29.4,1,2,29.4,High Value,One-time (1)
c28wscci,29.4,1,2,29.4,High Value,One-time (1)
qh7ppcad,29.4,1,2,29.4,High Value,One-time (1)
7be1ohbu,29.4,1,4,29.4,High Value,One-time (1)
g41xiokq,29.4,1,2,29.4,High Value,One-time (1)
kzzp40ul,29.4,1,4,29.4,High Value,One-time (1)
r1kbo8s9,29.4,1,6,29.4,High Value,One-time (1)
p0rk9yly,29.35,1,5,29.35,High Value,One-time (1)
0m4azg1t,29.34,1,6,29.34,High Value,One-time (1)
3wq371fd,29.34,1,6,29.34,High Value,One-time (1)
5u41s67o,29.34,1,6,29.34,High Value,One-time (1)
d6fe36t6,29.2,1,8,29.2,High Value,One-time (1)
pwiat8nd,29.16,1,6,29.16,High Value,One-time (1)
z6jqxja3,29.1,1,2,29.1,High Value,One-time (1)
1qbriugn,29.1,1,2,29.1,High Value,One-time (1)
88mruhl4,29.1,1,2,29.1,High Value,One-time (1)
uaz71uf0,29.049999999999997,4,9,7.262499999999999,High Value,Frequent (4-7)
6df08upn,29.04,2,8,14.52,High Value,Occasional (2-3)
iuz5olce,29.0,1,5,29.0,High Value,One-time (1)
aqdmfztg,28.98,2,8,14.49,High Value,Occasional (2-3)
xujdt4kb,28.98,1,6,28.98,High Value,One-time (1)
xkogs3g3,28.92,1,6,28.92,High Value,One-time (1)
0r3qhvuz,28.92,1,6,28.92,High Value,One-time (1)
dkv58qm2,28.8,1,2,28.8,High Value,One-time (1)
8g4gy54b,28.8,1,5,28.8,High Value,One-time (1)
lobnknsl,28.75,1,5,28.75,High Value,One-time (1)
p1o8m291,28.68,2,6,14.34,High Value,Occasional (2-3)
7yxft7su,28.68,1,6,28.68,High Value,One-time (1)
led1lg8y,28.619999999999997,3,8,9.54,High Value,Occasional (2-3)
exl2qqlw,28.6,1,4,28.6,High Value,One-time (1)
4abz82or,28.6,1,5,28.6,High Value,One-time (1)
tarjxikr,28.6,1,4,28.6,High Value,One-time (1)
228g0209,28.52,1,2,28.52,High Value,One-time (1)
m5lj18pg,28.52,1,2,28.52,High Value,One-time (1)
7160irqb,28.52,1,2,28.52,High Value,One-time (1)
dgc8uvqk,28.5,1,6,28.5,High Value,One-time (1)
mltka726,28.5,1,2,28.5,High Value,One-time (1)
vvcinty7,28.5,1,2,28.5,High Value,One-time (1)
1f8rdb6n,28.5,1,2,28.5,High Value,One-time (1)
86gswlaf,28.5,1,2,28.5,High Value,One-time (1)
55j2o7s3,28.5,1,2,28.5,High Value,One-time (1)
vlkvtybh,28.49,1,7,28.49,High Value,One-time (1)
t9zlo8h6,28.48,1,4,28.48,High Value,One-time (1)
3qmyor47,28.48,1,4,28.48,High Value,One-time (1)
gk6t9dhs,28.42,3,6,9.473333333333334,High Value,Occasional (2-3)
nv4f0te2,28.38,2,6,14.19,High Value,Occasional (2-3)
kreg167d,28.369999999999997,3,5,9.456666666666665,High Value,Occasional (2-3)
wdz4rg3b,28.35,1,7,28.35,High Value,One-time (1)
dwxx3uj3,28.35,1,7,28.35,High Value,One-time (1)
39p705xi,28.26,1,6,28.26,High Value,One-time (1)
htfzb49a,28.2,1,2,28.2,High Value,One-time (1)
mgqnux7y,28.2,1,2,28.2,High Value,One-time (1)
hznfw4z7,28.2,1,6,28.2,High Value,One-time (1)
sv9hmg4u,28.2,1,2,28.2,High Value,One-time (1)
9du5klge,28.2,1,6,28.2,High Value,One-time (1)
opy89aeg,28.2,1,2,28.2,High Value,One-time (1)
pbc6gceu,28.2,1,2,28.2,High Value,One-time (1)
2g9ngesl,28.2,1,2,28.2,High Value,One-time (1)
kxaqzxub,28.2,1,2,28.2,High Value,One-time (1)
7c8mdrxb,28.2,1,2,28.2,High Value,One-time (1)
tk3hrly4,28.2,1,6,28.2,High Value,One-time (1)
7zkbh783,28.2,1,2,28.2,High Value,One-time (1)
wwjbl5mm,28.15,1,5,28.15,High Value,One-time (1)
t4hvc336,28.08,1,4,28.08,High Value,One-time (1)
l5e41mho,28.08,1,4,28.08,High Value,One-time (1)
h8on3nqq,28.02,1,6,28.02,High Value,One-time (1)
fsue55ox,27.81,1,9,27.81,High Value,One-time (1)
v0dszrk6,27.799999999999997,3,8,9.266666666666666,High Value,Occasional (2-3)
x3pd3x3y,27.76,1,4,27.76,High Value,One-time (1)
objlzy1u,27.75,1,5,27.75,High Value,One-time (1)
95n9gzw4,27.72,1,4,27.72,High Value,One-time (1)
y5hat1nq,27.64,1,2,27.64,High Value,One-time (1)
jv81d3e8,27.64,1,2,27.64,High Value,One-time (1)
vn9625ae,27.6,1,5,27.6,High Value,One-time (1)
c5au9qzh,27.6,1,4,27.6,High Value,One-time (1)
kce02xmt,27.6,1,2,27.6,High Value,One-time (1)
3sva88xl,27.6,1,5,27.6,High Value,One-time (1)
9nm0lqsr,27.6,1,5,27.6,High Value,One-time (1)
eo60dup1,27.6,1,2,27.6,High Value,One-time (1)
0kwva602,27.6,1,2,27.6,High Value,One-time (1)
p4pcrgoc,27.6,1,5,27.6,High Value,One-time (1)
acd0n0m5,27.6,1,4,27.6,High Value,One-time (1)
6et3pymh,27.6,1,2,27.6,High Value,One-time (1)
vf2ndhj0,27.6,1,2,27.6,High Value,One-time (1)
0zu63cym,27.6,1,2,27.6,High Value,One-time (1)
zyatsl1u,27.6,1,2,27.6,High Value,One-time (1)
bgeb66gv,27.6,1,2,27.6,High Value,One-time (1)
l5u7nted,27.56,2,3,13.78,High Value,Occasional (2-3)
87p24diu,27.54,1,3,27.54,High Value,One-time (1)
d90a0tt4,27.52,1,4,27.52,High Value,One-time (1)
ke09fx4l,27.52,1,4,27.52,High Value,One-time (1)
6251mo6w,27.5,1,5,27.5,High Value,One-time (1)
sv9amle1,27.5,1,5,27.5,High Value,One-time (1)
dbiupghl,27.44,1,7,27.44,High Value,One-time (1)
uwyqsgb3,27.36,1,8,27.36,High Value,One-time (1)
mgcjdgfa,27.32,1,4,27.32,High Value,One-time (1)
r7scbtw7,27.24,1,4,27.24,High Value,One-time (1)
7yo2onal,27.18,1,6,27.18,High Value,One-time (1)
d9er94te,27.099999999999998,2,5,13.549999999999999,High Value,Occasional (2-3)
b68qj1b8,27.06,1,6,27.06,High Value,One-time (1)
4c8j6e07,27.0,5,8,5.4,High Value,Frequent (4-7)
mwfekre3,27.0,1,2,27.0,High Value,One-time (1)
dsd894xq,26.96,1,4,26.96,High Value,One-time (1)
k0jl81lm,26.91,1,5,26.91,High Value,One-time (1)
zl6z36ry,26.88,1,4,26.88,High Value,One-time (1)
j6c119kc,26.81,1,9,26.81,High Value,One-time (1)
gzotntr7,26.78,1,2,26.78,High Value,One-time (1)
pj2sjy4r,26.75,1,5,26.75,High Value,One-time (1)
j95lyio6,26.71,1,2,26.71,High Value,One-time (1)
k95kp7v3,26.7,1,5,26.7,High Value,One-time (1)
csus443t,26.7,1,3,26.7,High Value,One-time (1)
nkk1jxpp,26.65,1,5,26.65,High Value,One-time (1)
jdan085r,26.630000000000003,2,9,13.315000000000001,High Value,Occasional (2-3)
figj8665,26.55,1,9,26.55,High Value,One-time (1)
18cwfjk2,26.48,1,8,26.48,High Value,One-time (1)
tx5ht5sb,26.46,1,2,26.46,High Value,One-time (1)
ozja1nu7,26.45,1,5,26.45,High Value,One-time (1)
9z6e1ufo,26.45,1,5,26.45,High Value,One-time (1)
i7deqd7r,26.44,1,4,26.44,High Value,One-time (1)
kagwntki,26.4,1,2,26.4,High Value,One-time (1)
xzq1cmir,26.22,1,6,26.22,High Value,One-time (1)
nn09d2oh,26.22,1,6,26.22,High Value,One-time (1)
88u595ce,26.19,1,2,26.19,High Value,One-time (1)
vebocm6s,26.11,1,7,26.11,High Value,One-time (1)
rtll9dyb,26.1,1,5,26.1,High Value,One-time (1)
97pwdbol,26.1,1,9,26.1,High Value,One-time (1)
6khq61cd,25.92,1,2,25.92,High Value,One-time (1)
42t79019,25.92,1,2,25.92,High Value,One-time (1)
xsufaexx,25.92,1,4,25.92,High Value,One-time (1)
k6m9w4pa,25.92,1,2,25.92,High Value,One-time (1)
0wf6ogwa,25.92,1,2,25.92,High Value,One-time (1)
qr160041,25.92,1,2,25.92,High Value,One-time (1)
rb4fkvwq,25.92,1,2,25.92,High Value,One-time (1)
545gclek,25.92,1,2,25.92,High Value,One-time (1)
m3iv6v9f,25.68,1,6,25.68,High Value,One-time (1)
v16xeghp,25.66,2,4,12.83,High Value,Occasional (2-3)
bvxketug,25.64,2,6,12.82,High Value,Occasional (2-3)
zo1ssihw,25.62,1,6,25.62,High Value,One-time (1)
s0dtfq20,25.6,1,2,25.6,High Value,One-time (1)
9br6gs2a,25.6,1,2,25.6,High Value,One-time (1)
fvxzn5mc,25.6,1,4,25.6,High Value,One-time (1)
54pfnpwa,25.6,1,2,25.6,High Value,One-time (1)
4qxxva2i,25.57,4,9,6.3925,High Value,Frequent (4-7)
t49bx8ut,25.56,1,9,25.56,High Value,One-time (1)
c7dryhl4,25.56,1,6,25.56,High Value,One-time (1)
0wiqflfd,25.55,1,7,25.55,High Value,One-time (1)
z52ohkbm,25.53,2,2,12.765,High Value,Occasional (2-3)
diyt7qti,25.5,1,2,25.5,High Value,One-time (1)
ik49eagc,25.5,1,5,25.5,High Value,One-time (1)
sl5wqu22,25.5,1,2,25.5,High Value,One-time (1)
yit18gqj,25.5,1,5,25.5,High Value,One-time (1)
3g6osxbv,25.5,1,2,25.5,High Value,One-time (1)
eiafc9kn,25.5,1,2,25.5,High Value,One-time (1)
q2cu9p9v,25.5,1,2,25.5,High Value,One-time (1)
iqusy2o3,25.47,2,5,12.735,High Value,Occasional (2-3)
rds2tnfx,25.46,1,5,25.46,High Value,One-time (1)
n8z4c0x2,25.46,3,8,8.486666666666666,High Value,Occasional (2-3)
0wfft8ne,25.44,1,8,25.44,High Value,One-time (1)
ybovakhe,25.4,2,8,12.7,High Value,Occasional (2-3)
ase7gudv,25.32,1,4,25.32,High Value,One-time (1)
v59hotgd,25.32,2,6,12.66,High Value,Occasional (2-3)
yf1bjve8,25.3,1,5,25.3,High Value,One-time (1)
gyy2787w,25.3,1,5,25.3,High Value,One-time (1)
hr07n8vo,25.259999999999998,2,9,12.629999999999999,High Value,Occasional (2-3)
kov1l28r,25.24,2,6,12.62,High Value,Occasional (2-3)
l7r5ii1q,25.22,1,6,25.22,High Value,One-time (1)
pvye6s6g,25.2,1,5,25.2,High Value,One-time (1)
v1xbxlk5,25.2,1,5,25.2,High Value,One-time (1)
w5i5virh,25.16,1,4,25.16,High Value,One-time (1)
blc98e2l,25.14,1,2,25.14,High Value,One-time (1)
8q23qdyd,25.14,1,2,25.14,High Value,One-time (1)
5sgf71fi,25.0,1,5,25.0,High Value,One-time (1)
e5c3gcs0,25.0,1,5,25.0,High Value,One-time (1)
589dlbnp,25.0,1,5,25.0,High Value,One-time (1)
oy5q8p2n,24.95,1,5,24.95,High Value,One-time (1)
9zqhbqiq,24.85,2,5,12.425,High Value,Occasional (2-3)
72mnsle7,24.85,1,5,24.85,High Value,One-time (1)
9wbrqgxn,24.84,1,9,24.84,High Value,One-time (1)
e7m7h6oq,24.84,1,2,24.84,High Value,One-time (1)
mslgeljy,24.84,1,6,24.84,High Value,One-time (1)
dkczhlm2,24.8,1,8,24.8,High Value,One-time (1)
ati2wjs7,24.8,1,5,24.8,High Value,One-time (1)
0r6hrc0b,24.79,1,5,24.79,High Value,One-time (1)
1t2tala7,24.78,2,5,12.39,High Value,Occasional (2-3)
nb945p0s,24.75,1,5,24.75,High Value,One-time (1)
swxkqtq3,24.75,1,5,24.75,High Value,One-time (1)
rij5y2rn,24.74,1,2,24.74,High Value,One-time (1)
nns6alfj,24.74,1,2,24.74,High Value,One-time (1)
a7beecot,24.72,1,6,24.72,High Value,One-time (1)
k13j9fcy,24.7,1,5,24.7,High Value,One-time (1)
guhdxthd,24.68,1,4,24.68,High Value,One-time (1)
yri2kllq,24.68,1,4,24.68,High Value,One-time (1)
i4s550zq,24.68,1,4,24.68,High Value,One-time (1)
2sds8b25,24.659999999999997,2,6,12.329999999999998,High Value,Occasional (2-3)
w3hp6a1i,24.63,1,7,24.63,High Value,One-time (1)
v2o4p5r2,24.6,1,6,24.6,High Value,One-time (1)
a61847ph,24.6,1,2,24.6,High Value,One-time (1)
mtbjmfn5,24.6,1,2,24.6,High Value,One-time (1)
ygr86xqf,24.6,1,2,24.6,High Value,One-time (1)
j2ekc3oy,24.6,1,2,24.6,High Value,One-time (1)
si4aik1o,24.6,1,2,24.6,High Value,One-time (1)
740zs3kp,24.6,1,2,24.6,High Value,One-time (1)
he7ur23g,24.58,2,6,12.29,High Value,Occasional (2-3)
nrl2hpqb,24.55,1,5,24.55,High Value,One-time (1)
77y9hm5v,24.55,1,5,24.55,High Value,One-time (1)
x4g9dlgf,24.53,1,6,24.53,High Value,One-time (1)
wutswvjr,24.45,1,5,24.45,High Value,One-time (1)
mb5fiw9z,24.45,1,5,24.45,High Value,One-time (1)
i0098twr,24.44,1,4,24.44,High Value,One-time (1)
xkg1qe1e,24.44,1,4,24.44,High Value,One-time (1)
bbxux1ox,24.35,3,5,8.116666666666667,High Value,Occasional (2-3)
wednya3s,24.32,5,6,4.864,High Value,Frequent (4-7)
9v9rvode,24.3,1,6,24.3,High Value,One-time (1)
1fgpml7z,24.25,1,5,24.25,High Value,One-time (1)
ggo9dvws,24.21,2,9,12.105,High Value,Occasional (2-3)
os97b23i,24.2,1,4,24.2,High Value,One-time (1)
syjrtotf,24.2,1,4,24.2,High Value,One-time (1)
599n1ree,24.2,1,4,24.2,High Value,One-time (1)
kx70pjwk,24.12,1,6,24.12,High Value,One-time (1)
gw0kccvl,24.12,1,6,24.12,High Value,One-time (1)
529eykg9,24.1,1,2,24.1,High Value,One-time (1)
a08w0fjm,24.1,1,5,24.1,High Value,One-time (1)
dfnkx6l2,24.1,1,5,24.1,High Value,One-time (1)
iokpg3dp,24.08,2,7,12.04,High Value,Occasional (2-3)
ttfvt65l,24.08,1,6,24.08,High Value,One-time (1)
nzer6rse,24.05,1,5,24.05,High Value,One-time (1)
7rk62xpf,24.01,1,7,24.01,High Value,One-time (1)
5rwyqsp7,24.0,1,2,24.0,High Value,One-time (1)
f758suih,24.0,1,5,24.0,High Value,One-time (1)
gwifse45,23.98,1,5,23.98,High Value,One-time (1)
4iqeze74,23.94,1,6,23.94,High Value,One-time (1)
vlvx00ie,23.94,1,6,23.94,High Value,One-time (1)
j4k06dcx,23.92,1,4,23.92,High Value,One-time (1)
1s74zzlb,23.92,1,4,23.92,High Value,One-time (1)
k2p3ajfa,23.92,2,3,11.96,High Value,Occasional (2-3)
9f9kfgxo,23.92,1,4,23.92,High Value,One-time (1)
9c0xipuv,23.92,1,4,23.92,High Value,One-time (1)
ysdbgzjl,23.88,1,6,23.88,High Value,One-time (1)
5ug7n6nn,23.88,1,6,23.88,High Value,One-time (1)
nrjof4n2,23.88,1,3,23.88,High Value,One-time (1)
65321qfw,23.82,1,6,23.82,High Value,One-time (1)
9dxoq2vp,23.810000000000002,3,7,7.936666666666667,High Value,Occasional (2-3)
6ybp10df,23.76,1,4,23.76,High Value,One-time (1)
5ok6ywm6,23.76,1,4,23.76,High Value,One-time (1)
rnmtji89,23.76,1,4,23.76,High Value,One-time (1)
pzlt3ije,23.76,1,4,23.76,High Value,One-time (1)
ypfw4wmp,23.76,1,4,23.76,High Value,One-time (1)
a26ja50u,23.76,1,4,23.76,High Value,One-time (1)
4sw9zg65,23.75,1,5,23.75,High Value,One-time (1)
nqav06ev,23.75,1,5,23.75,High Value,One-time (1)
dalmjegq,23.75,1,5,23.75,High Value,One-time (1)
8teb5bcq,23.72,1,4,23.72,High Value,One-time (1)
awb09y8s,23.68,1,4,23.68,High Value,One-time (1)
4xekz83y,23.64,2,6,11.82,High Value,Occasional (2-3)
0odwmqx5,23.64,2,7,11.82,High Value,Occasional (2-3)
s7nvv28u,23.63,3,6,7.876666666666666,High Value,Occasional (2-3)
e9qdi3g1,23.6,2,9,11.8,High Value,Occasional (2-3)
4k5miqkw,23.6,1,6,23.6,High Value,One-time (1)
15r3f052,23.55,1,5,23.55,High Value,One-time (1)
ivjkk1hw,23.55,1,5,23.55,High Value,One-time (1)
6k9te7sj,23.52,1,6,23.52,High Value,One-time (1)
ne0zbzdo,23.52,1,2,23.52,High Value,One-time (1)
xi073isv,23.52,1,2,23.52,High Value,One-time (1)
yro3hdqd,23.52,1,2,23.52,High Value,One-time (1)
biefu8zj,23.52,1,2,23.52,High Value,One-time (1)
l9bi5o0x,23.52,1,4,23.52,High Value,One-time (1)
5mk75l5n,23.5,1,5,23.5,High Value,One-time (1)
fk03goyn,23.48,1,4,23.48,High Value,One-time (1)
1on8qfop,23.48,1,4,23.48,High Value,One-time (1)
047c9v5v,23.46,1,6,23.46,High Value,One-time (1)
yesu4fcl,23.46,2,6,11.73,High Value,Occasional (2-3)
oy3zlnf3,23.46,1,6,23.46,High Value,One-time (1)
7zvph31y,23.4,1,5,23.4,High Value,One-time (1)
xgmpw5d3,23.36,2,7,11.68,High Value,Occasional (2-3)
qr4fszr4,23.35,1,5,23.35,High Value,One-time (1)
ktsg7fxz,23.34,2,4,11.67,High Value,Occasional (2-3)
9cwydjl1,23.33,1,4,23.33,High Value,One-time (1)
vemd3n9p,23.31,1,7,23.31,High Value,One-time (1)
a2teycz1,23.28,1,2,23.28,High Value,One-time (1)
bjeh7t39,23.28,1,2,23.28,High Value,One-time (1)
0n114py4,23.28,3,5,7.760000000000001,High Value,Occasional (2-3)
toqpcekb,23.28,1,2,23.28,High Value,One-time (1)
mlg5v0wa,23.28,1,2,23.28,High Value,One-time (1)
i4zvlg23,23.28,1,2,23.28,High Value,One-time (1)
tlmhq7wd,23.28,1,2,23.28,High Value,One-time (1)
sgv4flvd,23.27,1,5,23.27,High Value,One-time (1)
0uy9f8p4,23.26,4,5,5.815,High Value,Frequent (4-7)
xao914am,23.1,1,7,23.1,High Value,One-time (1)
k2vmwwyz,23.08,4,6,5.77,High Value,Frequent (4-7)
7mthkiwj,23.04,1,4,23.04,High Value,One-time (1)
1qig4h61,23.04,1,6,23.04,High Value,One-time (1)
vfdbz3za,23.04,1,6,23.04,High Value,One-time (1)
b9m82d99,23.04,1,4,23.04,High Value,One-time (1)
xu43iedd,23.009999999999998,2,6,11.504999999999999,High Value,Occasional (2-3)
4vos701o,23.0,1,5,23.0,High Value,One-time (1)
6y2j1791,23.0,1,4,23.0,High Value,One-time (1)
2mrop2by,23.0,2,4,11.5,High Value,Occasional (2-3)
owgzrixa,22.939999999999998,2,5,11.469999999999999,High Value,Occasional (2-3)
z2nf94af,22.92,1,6,22.92,High Value,One-time (1)
gpzpm888,22.92,1,6,22.92,High Value,One-time (1)
vrnegn2b,22.92,2,6,11.46,High Value,Occasional (2-3)
wzl0ngua,22.82,1,2,22.82,High Value,One-time (1)
h55hewlg,22.81,4,6,5.7025,High Value,Frequent (4-7)
zvmz4to8,22.8,1,6,22.8,High Value,One-time (1)
7fqbyknf,22.8,1,5,22.8,High Value,One-time (1)
i06pii99,22.8,1,2,22.8,High Value,One-time (1)
apv5c9ox,22.8,1,2,22.8,High Value,One-time (1)
bym0x4eo,22.8,1,2,22.8,High Value,One-time (1)
ve9vontb,22.8,1,2,22.8,High Value,One-time (1)
l7lgcerk,22.8,1,6,22.8,High Value,One-time (1)
8a2vzpy9,22.8,2,4,11.4,High Value,Occasional (2-3)
70atijpn,22.79,1,4,22.79,High Value,One-time (1)
f8s0x7m2,22.740000000000002,2,6,11.370000000000001,High Value,Occasional (2-3)
nheavdk9,22.68,1,5,22.68,High Value,One-time (1)
o4egxc7x,22.65,1,5,22.65,High Value,One-time (1)
96r4co1f,22.63,1,2,22.63,High Value,One-time (1)
st76q98h,22.63,1,2,22.63,High Value,One-time (1)
l8iuwak8,22.62,1,6,22.62,High Value,One-time (1)
8h01ceab,22.62,1,6,22.62,High Value,One-time (1)
lgqyjdzz,22.62,1,6,22.62,High Value,One-time (1)
z05vq0k7,22.62,1,6,22.62,High Value,One-time (1)
2r9pegln,22.6,2,7,11.3,High Value,Occasional (2-3)
5jizc7ez,22.56,1,4,22.56,High Value,One-time (1)
i3akv6lz,22.56,1,4,22.56,High Value,One-time (1)
72forcbf,22.56,1,2,22.56,High Value,One-time (1)
5wai79yt,22.56,1,2,22.56,High Value,One-time (1)
qzvy9qq8,22.56,1,2,22.56,High Value,One-time (1)
pq4yhxj1,22.56,1,4,22.56,High Value,One-time (1)
aukhv19g,22.56,1,6,22.56,High Value,One-time (1)
4g9xsoel,22.56,1,2,22.56,High Value,One-time (1)
wei6fu27,22.56,1,2,22.56,High Value,One-time (1)
dwsolt6w,22.55,1,5,22.55,High Value,One-time (1)
2rdns649,22.55,1,5,22.55,High Value,One-time (1)
wd2uni24,22.55,1,5,22.55,High Value,One-time (1)
wq1gaz5u,22.54,2,4,11.27,High Value,Occasional (2-3)
2r2ojtvt,22.52,1,4,22.52,High Value,One-time (1)
tzs4pb14,22.5,1,5,22.5,High Value,One-time (1)
estrrrwq,22.5,1,3,22.5,High Value,One-time (1)
nt77i4td,22.5,1,3,22.5,High Value,One-time (1)
q4d35pdu,22.48,1,4,22.48,High Value,One-time (1)
fpelawti,22.48,1,4,22.48,High Value,One-time (1)
x6ka7fy7,22.48,1,4,22.48,High Value,One-time (1)
9qqylwgx,22.48,1,4,22.48,High Value,One-time (1)
qw32qlil,22.48,1,4,22.48,High Value,One-time (1)
xvqog26t,22.44,1,3,22.44,High Value,One-time (1)
623o3whq,22.44,1,3,22.44,High Value,One-time (1)
cjxcse2k,22.44,1,3,22.44,High Value,One-time (1)
h6vrth0v,22.44,1,3,22.44,High Value,One-time (1)
osaowjgf,22.44,1,3,22.44,High Value,One-time (1)
up5pa57d,22.38,1,6,22.38,High Value,One-time (1)
r8xfp9c7,22.38,1,6,22.38,High Value,One-time (1)
d96ni6br,22.35,1,5,22.35,High Value,One-time (1)
bs7587h9,22.33,2,4,11.165,High Value,Occasional (2-3)
oncgfxeu,22.32,1,4,22.32,High Value,One-time (1)
bjhy3m2i,22.31,3,4,7.4366666666666665,High Value,Occasional (2-3)
b7s9tj1g,22.26,3,6,7.420000000000001,High Value,Occasional (2-3)
ipgik9ua,22.2,1,4,22.2,High Value,One-time (1)
3dzxlrgn,22.18,3,10,7.3933333333333335,High Value,Occasional (2-3)
ihk2438i,22.18,1,5,22.18,High Value,One-time (1)
wl3zyt91,22.16,2,4,11.08,High Value,Occasional (2-3)
q0wwf7z0,22.14,1,6,22.14,High Value,One-time (1)
5ch9uze3,22.14,1,2,22.14,High Value,One-time (1)
xi0rjqry,22.14,1,6,22.14,High Value,One-time (1)
s0tcxdzz,22.14,1,2,22.14,High Value,One-time (1)
mbasdmtp,22.12,1,4,22.12,High Value,One-time (1)
ycmcdf6c,22.09,1,5,22.09,High Value,One-time (1)
jd576o06,22.08,1,2,22.08,High Value,One-time (1)
9983z0wj,22.08,1,6,22.08,High Value,One-time (1)
cr64vyx1,22.08,1,6,22.08,High Value,One-time (1)
i4h1dc0k,22.08,1,2,22.08,High Value,One-time (1)
r1pquukp,22.08,1,2,22.08,High Value,One-time (1)
v8k4s4rb,22.08,1,2,22.08,High Value,One-time (1)
tz9k52z3,22.05,1,5,22.05,High Value,One-time (1)
okontpo4,22.05,1,5,22.05,High Value,One-time (1)
ccmrncig,22.05,1,3,22.05,High Value,One-time (1)
qu7dknnc,22.04,1,4,22.04,High Value,One-time (1)
g4gks6r6,22.04,2,5,11.02,High Value,Occasional (2-3)
g4xfgph7,22.02,1,6,22.02,High Value,One-time (1)
mjk1z2e3,22.0,1,5,22.0,High Value,One-time (1)
c4pl7mhb,21.9,1,5,21.9,High Value,One-time (1)
n67d8dm8,21.88,1,4,21.88,High Value,One-time (1)
vhdk8lw2,21.88,1,4,21.88,High Value,One-time (1)
ea25bhc7,21.88,1,4,21.88,High Value,One-time (1)
jwapodo0,21.88,1,2,21.88,High Value,One-time (1)
1v1pmncj,21.85,1,5,21.85,High Value,One-time (1)
fc21g6ng,21.85,1,5,21.85,High Value,One-time (1)
63okq48n,21.85,1,5,21.85,High Value,One-time (1)
yjxrpj1e,21.810000000000002,2,6,10.905000000000001,High Value,Occasional (2-3)
awqy6j1c,21.8,1,4,21.8,High Value,One-time (1)
e1myjkbp,21.8,1,4,21.8,High Value,One-time (1)
csg4ofdt,21.779999999999998,2,4,10.889999999999999,High Value,Occasional (2-3)
eq3rjaig,21.76,1,8,21.76,High Value,One-time (1)
oh9sdbdw,21.73,1,5,21.73,High Value,One-time (1)
01ejt1wt,21.72,2,6,10.86,High Value,Occasional (2-3)
66ynqnxw,21.68,1,2,21.68,High Value,One-time (1)
cx9sux44,21.66,1,6,21.66,High Value,One-time (1)
2fs567gg,21.66,1,6,21.66,High Value,One-time (1)
l676lztc,21.66,1,6,21.66,High Value,One-time (1)
2y0e7049,21.66,1,6,21.66,High Value,One-time (1)
s9ryllwb,21.659999999999997,2,6,10.829999999999998,High Value,Occasional (2-3)
wgt2lb25,21.630000000000003,2,5,10.815000000000001,High Value,Occasional (2-3)
cbkwg3y9,21.6,1,6,21.6,High Value,One-time (1)
qbjpvbks,21.6,1,5,21.6,High Value,One-time (1)
mer6a953,21.6,1,5,21.6,High Value,One-time (1)
0onpfth7,21.6,1,5,21.6,High Value,One-time (1)
6s1ftk5w,21.6,1,5,21.6,High Value,One-time (1)
cxd0dowx,21.6,1,5,21.6,High Value,One-time (1)
7udol2ca,21.6,1,5,21.6,High Value,One-time (1)
a52cu08r,21.57,1,3,21.57,High Value,One-time (1)
gtud4gfi,21.56,1,4,21.56,High Value,One-time (1)
3aee475e,21.49,1,3,21.49,High Value,One-time (1)
5qwqzl6b,21.42,1,9,21.42,High Value,One-time (1)
51ob537q,21.42,2,4,10.71,High Value,Occasional (2-3)
nuakrpq8,21.42,1,6,21.42,High Value,One-time (1)
72l8wn10,21.42,1,2,21.42,High Value,One-time (1)
aw5uoj63,21.4,1,5,21.4,High Value,One-time (1)
fwlr6qyh,21.4,1,4,21.4,High Value,One-time (1)
mwc52inm,21.4,1,4,21.4,High Value,One-time (1)
0o6geax9,21.4,1,4,21.4,High Value,One-time (1)
5naqz4rr,21.35,1,5,21.35,High Value,One-time (1)
xkzm0k96,21.35,1,5,21.35,High Value,One-time (1)
v6n99a2y,21.35,1,5,21.35,High Value,One-time (1)
n0fx9yjl,21.35,1,5,21.35,High Value,One-time (1)
t75ghbj4,21.32,1,4,21.32,High Value,One-time (1)
wucx67xk,21.32,2,4,10.66,High Value,Occasional (2-3)
16tldsuo,21.32,1,4,21.32,High Value,One-time (1)
61z23a2t,21.32,1,4,21.32,High Value,One-time (1)
vcw0ikpy,21.32,1,4,21.32,High Value,One-time (1)
lrlokkpv,21.32,1,4,21.32,High Value,One-time (1)
npwubwld,21.32,1,4,21.32,High Value,One-time (1)
n8fl90v3,21.32,1,4,21.32,High Value,One-time (1)
78mfs0iu,21.259999999999998,3,3,7.086666666666666,High Value,Occasional (2-3)
yyq55rak,21.2,1,5,21.2,High Value,One-time (1)
m4cm2n2v,21.2,1,5,21.2,High Value,One-time (1)
idp3fwj8,21.18,1,6,21.18,High Value,One-time (1)
fszxbj58,21.17,1,4,21.17,High Value,One-time (1)
67od2iql,21.17,1,4,21.17,High Value,One-time (1)
td3abeg1,21.16,2,5,10.58,High Value,Occasional (2-3)
bk0h5ypj,21.15,1,5,21.15,High Value,One-time (1)
5qk7wugh,21.15,1,5,21.15,High Value,One-time (1)
9wbiuieh,21.15,1,5,21.15,High Value,One-time (1)
vmk4bi39,21.15,1,5,21.15,High Value,One-time (1)
z8ct8e7k,21.15,1,5,21.15,High Value,One-time (1)
5v80xhy8,21.15,1,5,21.15,High Value,One-time (1)
9q1ni10k,21.15,1,5,21.15,High Value,One-time (1)
xnzkhqh9,21.06,1,3,21.06,High Value,One-time (1)
ljh3rknr,21.06,1,3,21.06,High Value,One-time (1)
v0vnwxai,21.06,1,3,21.06,High Value,One-time (1)
q2jmqisk,21.06,1,3,21.06,High Value,One-time (1)
rr8vd9fr,21.06,1,3,21.06,High Value,One-time (1)
1hck19ad,21.06,1,3,21.06,High Value,One-time (1)
myx93jh2,21.06,1,3,21.06,High Value,One-time (1)
ql3y9mt8,21.06,1,3,21.06,High Value,One-time (1)
y08p0fod,21.05,3,6,7.016666666666667,High Value,Occasional (2-3)
qvdk6drn,20.939999999999998,3,5,6.9799999999999995,High Value,Occasional (2-3)
kdizgr8i,20.92,1,4,20.92,High Value,One-time (1)
tu0xaqpu,20.92,1,4,20.92,High Value,One-time (1)
zr4e5izb,20.9,1,4,20.9,High Value,One-time (1)
otuo4uw5,20.9,2,4,10.45,High Value,Occasional (2-3)
wr0ley41,20.88,1,4,20.88,High Value,One-time (1)
4m4uq39o,20.88,1,4,20.88,High Value,One-time (1)
74y0eovg,20.84,1,3,20.84,High Value,One-time (1)
9yo4af5n,20.84,1,3,20.84,High Value,One-time (1)
5aucao5d,20.82,1,3,20.82,High Value,One-time (1)
s7553erd,20.82,1,3,20.82,High Value,One-time (1)
v3d7fxc2,20.8,1,4,20.8,High Value,One-time (1)
6vmvd4qc,20.79,1,3,20.79,High Value,One-time (1)
megqo99k,20.79,1,3,20.79,High Value,One-time (1)
96ew8257,20.79,2,6,10.395,High Value,Occasional (2-3)
mqdgpyc1,20.79,1,3,20.79,High Value,One-time (1)
e57bqjty,20.76,1,6,20.76,High Value,One-time (1)
erswnpao,20.76,1,6,20.76,High Value,One-time (1)
bgfcncm9,20.75,1,5,20.75,High Value,One-time (1)
r30smxe1,20.72,1,4,20.72,High Value,One-time (1)
1zlkgjuo,20.72,1,4,20.72,High Value,One-time (1)
210wczc6,20.7,1,5,20.7,High Value,One-time (1)
3v4sn2nr,20.7,1,3,20.7,High Value,One-time (1)
dswpbhws,20.68,1,4,20.68,High Value,One-time (1)
dgvhtj5f,20.68,1,4,20.68,High Value,One-time (1)
9jo7fyez,20.68,1,4,20.68,High Value,One-time (1)
usupwq7x,20.68,1,4,20.68,High Value,One-time (1)
iawg8ya7,20.68,1,4,20.68,High Value,One-time (1)
39umwvk3,20.68,1,4,20.68,High Value,One-time (1)
ilktzz1x,20.68,1,4,20.68,High Value,One-time (1)
jm3orl26,20.68,1,4,20.68,High Value,One-time (1)
yh435fr4,20.68,1,4,20.68,High Value,One-time (1)
3qsqcq30,20.66,2,6,10.33,High Value,Occasional (2-3)
vlub6fcn,20.64,1,6,20.64,High Value,One-time (1)
13qol63z,20.64,1,6,20.64,High Value,One-time (1)
y440fixz,20.64,1,6,20.64,High Value,One-time (1)
kqll7uc8,20.64,1,6,20.64,High Value,One-time (1)
xt1prtjx,20.64,1,6,20.64,High Value,One-time (1)
omd3tlvj,20.64,1,6,20.64,High Value,One-time (1)
u87cm453,20.64,1,3,20.64,High Value,One-time (1)
d5xmdzqm,20.64,1,3,20.64,High Value,One-time (1)
lssl6o9i,20.64,1,3,20.64,High Value,One-time (1)
q8zgvwwu,20.619999999999997,2,5,10.309999999999999,High Value,Occasional (2-3)
0k4qpsdr,20.6,1,5,20.6,High Value,One-time (1)
4u7im82g,20.59,1,4,20.59,High Value,One-time (1)
8gjux3h6,20.56,1,4,20.56,High Value,One-time (1)
g2q144o5,20.55,1,5,20.55,High Value,One-time (1)
izgy0w4o,20.54,1,2,20.54,High Value,One-time (1)
fq7rdi9v,20.52,1,4,20.52,High Value,One-time (1)
t4fvkllj,20.43,1,3,20.43,High Value,One-time (1)
uk9e1v2i,20.43,1,3,20.43,High Value,One-time (1)
sf20mv8m,20.4,1,3,20.4,High Value,One-time (1)
me1t315m,20.4,1,2,20.4,High Value,One-time (1)
7y2ne8bq,20.4,1,3,20.4,High Value,One-time (1)
8sxphsb8,20.4,1,2,20.4,High Value,One-time (1)
ncb403kf,20.4,1,2,20.4,High Value,One-time (1)
ixzhhqmv,20.4,1,4,20.4,High Value,One-time (1)
06rh9r43,20.4,1,2,20.4,High Value,One-time (1)
jouyvlzj,20.4,1,2,20.4,High Value,One-time (1)
bxcfmh88,20.4,1,2,20.4,High Value,One-time (1)
9j7jq6vp,20.4,1,4,20.4,High Value,One-time (1)
hhze0ymt,20.4,1,4,20.4,High Value,One-time (1)
ybsp4yp1,20.4,1,2,20.4,High Value,One-time (1)
7odkef82,20.38,4,4,5.095,High Value,Frequent (4-7)
1nlc8jpr,20.37,2,5,10.185,High Value,Occasional (2-3)
gpccftwl,20.32,1,5,20.32,High Value,One-time (1)
6k9t2syg,20.29,1,5,20.29,High Value,One-time (1)
ae2091wl,20.28,1,6,20.28,High Value,One-time (1)
o0k6j6gy,20.25,1,5,20.25,High Value,One-time (1)
o7r1pj2o,20.25,1,5,20.25,High Value,One-time (1)
ig29dd9d,20.24,1,4,20.24,High Value,One-time (1)
mc4oenr2,20.24,1,4,20.24,High Value,One-time (1)
0y1sf9uz,20.24,1,4,20.24,High Value,One-time (1)
f4nl1g35,20.23,1,4,20.23,High Value,One-time (1)
jfb527qh,20.16,1,3,20.16,High Value,One-time (1)
myhqqhsk,20.16,1,3,20.16,High Value,One-time (1)
1x4bj3in,20.16,1,3,20.16,High Value,One-time (1)
31fi0n6d,20.16,1,4,20.16,High Value,One-time (1)
2td9mnv9,20.16,1,4,20.16,High Value,One-time (1)
dscppzpc,20.16,1,3,20.16,High Value,One-time (1)
9pciflwd,20.080000000000002,2,4,10.040000000000001,High Value,Occasional (2-3)
rw6tm2o0,20.080000000000002,2,3,10.040000000000001,High Value,Occasional (2-3)
vskp30tx,20.08,3,6,6.6933333333333325,High Value,Occasional (2-3)
4c36cdlk,20.04,1,6,20.04,High Value,One-time (1)
bl7ue6f2,19.98,1,4,19.98,High Value,One-time (1)
ob7nugpj,19.93,2,2,9.965,High Value,Occasional (2-3)
20opwlxg,19.92,1,6,19.92,High Value,One-time (1)
kk7x34ud,19.92,2,6,9.96,High Value,Occasional (2-3)
gfx9e9lk,19.9,1,5,19.9,High Value,One-time (1)
4z21677j,19.88,1,4,19.88,High Value,One-time (1)
v4kfq5dz,19.86,3,8,6.62,High Value,Occasional (2-3)
21vty7vu,19.83,1,3,19.83,High Value,One-time (1)
j6x0t5ku,19.8,1,3,19.8,High Value,One-time (1)
yoje8jun,19.8,1,3,19.8,High Value,One-time (1)
1bm3mmto,19.8,1,3,19.8,High Value,One-time (1)
z4a5lm32,19.8,1,4,19.8,High Value,One-time (1)
lj7rq6rq,19.8,1,3,19.8,High Value,One-time (1)
rokklqdm,19.8,1,3,19.8,High Value,One-time (1)
fecy2yys,19.8,1,4,19.8,High Value,One-time (1)
iiqg94ir,19.8,1,3,19.8,High Value,One-time (1)
768ml4x4,19.8,1,4,19.8,High Value,One-time (1)
lfa7pslk,19.8,1,4,19.8,High Value,One-time (1)
2wz8fq5o,19.78,1,2,19.78,High Value,One-time (1)
966tiope,19.76,1,4,19.76,High Value,One-time (1)
o3qc1813,19.76,1,5,19.76,High Value,One-time (1)
t2458h1j,19.69,1,2,19.69,High Value,One-time (1)
zfhhstkc,19.68,1,4,19.68,High Value,One-time (1)
1lnowkhe,19.68,1,4,19.68,High Value,One-time (1)
rkfi8c5r,19.68,1,4,19.68,High Value,One-time (1)
fjxz4yad,19.68,1,6,19.68,High Value,One-time (1)
r8rwh56p,19.68,1,6,19.68,High Value,One-time (1)
69997hif,19.68,1,2,19.68,High Value,One-time (1)
el8gvhix,19.68,1,4,19.68,High Value,One-time (1)
e6jl5es2,19.68,1,4,19.68,High Value,One-time (1)
8w4fdgmz,19.68,1,2,19.68,High Value,One-time (1)
xt1027fl,19.68,1,2,19.68,High Value,One-time (1)
jrs4gp81,19.68,1,6,19.68,High Value,One-time (1)
hz35p35y,19.65,1,5,19.65,High Value,One-time (1)
l02wicj3,19.65,1,5,19.65,High Value,One-time (1)
tt5os57k,19.64,1,4,19.64,High Value,One-time (1)
zqk93txe,19.64,1,4,19.64,High Value,One-time (1)
1jrj5xfe,19.6,1,4,19.6,High Value,One-time (1)
eqmbeue9,19.6,1,5,19.6,High Value,One-time (1)
juis2gy9,19.59,2,4,9.795,High Value,Occasional (2-3)
0t466jrp,19.59,1,3,19.59,High Value,One-time (1)
a57920f1,19.59,1,3,19.59,High Value,One-time (1)
whteepf0,19.56,1,4,19.56,High Value,One-time (1)
jkc6re6r,19.56,1,4,19.56,High Value,One-time (1)
ncjceyri,19.56,1,4,19.56,High Value,One-time (1)
3sh969py,19.56,1,4,19.56,High Value,One-time (1)
z20bh2fc,19.56,1,4,19.56,High Value,One-time (1)
gsljugi8,19.56,1,4,19.56,High Value,One-time (1)
o1dlumyf,19.55,1,5,19.55,High Value,One-time (1)
ea0hj59c,19.55,1,5,19.55,High Value,One-time (1)
rwteeox3,19.55,1,5,19.55,High Value,One-time (1)
k3fnwad2,19.5,1,3,19.5,High Value,One-time (1)
x24kcqyz,19.5,1,3,19.5,High Value,One-time (1)
a3kamox9,19.5,1,3,19.5,High Value,One-time (1)
mvk8ktvr,19.5,1,3,19.5,High Value,One-time (1)
wmvrocnk,19.49,1,6,19.49,High Value,One-time (1)
lrki72oa,19.46,2,5,9.73,High Value,Occasional (2-3)
5lj6hi93,19.44,1,5,19.44,High Value,One-time (1)
tvzgp6d3,19.44,1,3,19.44,High Value,One-time (1)
r0fwnh2l,19.44,1,3,19.44,High Value,One-time (1)
hbr952pw,19.44,1,4,19.44,High Value,One-time (1)
seid5s66,19.44,1,6,19.44,High Value,One-time (1)
nd7u4xxg,19.44,1,4,19.44,High Value,One-time (1)
96eg2tek,19.44,1,3,19.44,High Value,One-time (1)
bkikrhvf,19.4,1,5,19.4,High Value,One-time (1)
6r229bf0,19.4,1,5,19.4,High Value,One-time (1)
r3ly7hjn,19.4,1,5,19.4,High Value,One-time (1)
88jo8b81,19.4,1,4,19.4,High Value,One-time (1)
9agn8w2c,19.4,1,5,19.4,High Value,One-time (1)
d330awiq,19.4,1,5,19.4,High Value,One-time (1)
bhaiiwi0,19.35,4,5,4.8375,High Value,Frequent (4-7)
pl6uza28,19.35,3,6,6.45,High Value,Occasional (2-3)
t860x5zu,19.33,2,4,9.665,High Value,Occasional (2-3)
b9xv8wob,19.32,2,8,9.66,High Value,Occasional (2-3)
16bstv8g,19.32,1,4,19.32,High Value,One-time (1)
g0u04huv,19.28,1,4,19.28,High Value,One-time (1)
8ua3a6s5,19.28,1,4,19.28,High Value,One-time (1)
oj1vt4v7,19.28,1,4,19.28,High Value,One-time (1)
vltj4vnu,19.28,1,2,19.28,High Value,One-time (1)
joxdjbcd,19.26,1,6,19.26,High Value,One-time (1)
x2zrsbzv,19.25,1,5,19.25,High Value,One-time (1)
89nn1nct,19.24,1,4,19.24,High Value,One-time (1)
5axi7c6k,19.22,1,6,19.22,High Value,One-time (1)
8bqwgzhc,19.2,1,4,19.2,High Value,One-time (1)
ohfddvsz,19.2,1,5,19.2,High Value,One-time (1)
1gvhqn31,19.2,1,6,19.2,High Value,One-time (1)
riqjq3oy,19.2,1,4,19.2,High Value,One-time (1)
kyd6nnkb,19.2,1,4,19.2,High Value,One-time (1)
8jvh7ujo,19.2,1,3,19.2,High Value,One-time (1)
upou3ux2,19.19,1,4,19.19,High Value,One-time (1)
noysdcau,19.19,1,4,19.19,High Value,One-time (1)
028w8tky,19.19,1,4,19.19,High Value,One-time (1)
zux5ezof,19.16,1,4,19.16,High Value,One-time (1)
j5991kdg,19.16,1,4,19.16,High Value,One-time (1)
r6hvlcaa,19.16,1,4,19.16,High Value,One-time (1)
emalo53f,19.15,1,5,19.15,High Value,One-time (1)
1tnzrf5a,19.14,2,4,9.57,High Value,Occasional (2-3)
x8l008uh,19.14,2,4,9.57,High Value,Occasional (2-3)
4r9v4k00,19.14,2,6,9.57,High Value,Occasional (2-3)
e1m8ok5n,19.14,1,6,19.14,High Value,One-time (1)
3259ousc,19.12,1,4,19.12,High Value,One-time (1)
536g70j6,19.12,1,4,19.12,High Value,One-time (1)
wcvwthu9,19.12,1,4,19.12,High Value,One-time (1)
eqo9byzc,19.12,1,4,19.12,High Value,One-time (1)
znuhh2i5,19.12,1,4,19.12,High Value,One-time (1)
uh17j8qo,19.119999999999997,2,4,9.559999999999999,High Value,Occasional (2-3)
2plcfojd,19.11,1,7,19.11,High Value,One-time (1)
yr6cxt49,19.11,1,3,19.11,High Value,One-time (1)
asrcwd7v,19.11,1,4,19.11,High Value,One-time (1)
f4c5t2ws,19.1,1,5,19.1,High Value,One-time (1)
xcb1th4s,19.05,1,5,19.05,High Value,One-time (1)
o3xuov16,19.02,1,6,19.02,High Value,One-time (1)
gu8ou2h4,19.0,1,5,19.0,High Value,One-time (1)
qsalvwtd,19.0,1,5,19.0,High Value,One-time (1)
63z4wcx1,19.0,1,5,19.0,High Value,One-time (1)
qxx84nbb,19.0,1,5,19.0,High Value,One-time (1)
xsegve7x,19.0,1,4,19.0,High Value,One-time (1)
6g6meeba,18.99,1,3,18.99,High Value,One-time (1)
jnwfx8b4,18.96,1,4,18.96,High Value,One-time (1)
ktd2hho9,18.95,1,5,18.95,High Value,One-time (1)
qxiwe6rg,18.95,3,5,6.316666666666666,High Value,Occasional (2-3)
9rxeyd0z,18.9,1,3,18.9,High Value,One-time (1)
bypknxmf,18.88,3,3,6.293333333333333,High Value,Occasional (2-3)
g8zf2l4c,18.87,2,3,9.435,High Value,Occasional (2-3)
hcgw33a8,18.87,1,3,18.87,High Value,One-time (1)
v61f3h1d,18.84,1,4,18.84,High Value,One-time (1)
8xo9uke2,18.84,1,4,18.84,High Value,One-time (1)
x1oz9sok,18.84,1,6,18.84,High Value,One-time (1)
zzvi4k6s,18.84,1,4,18.84,High Value,One-time (1)
2iy2ec11,18.8,1,5,18.8,High Value,One-time (1)
6oxbmcmh,18.8,1,5,18.8,High Value,One-time (1)
r125nzgw,18.78,1,6,18.78,High Value,One-time (1)
py9e576m,18.78,2,6,9.39,High Value,Occasional (2-3)
j3bxi2kk,18.78,1,6,18.78,High Value,One-time (1)
cvmm3jd4,18.78,1,6,18.78,High Value,One-time (1)
j7q4kfmm,18.77,2,2,9.385,High Value,Occasional (2-3)
8mtk0rso,18.759999999999998,2,3,9.379999999999999,High Value,Occasional (2-3)
g68r2kab,18.75,1,1,18.75,High Value,One-time (1)
0iv1ggxr,18.75,3,6,6.25,High Value,Occasional (2-3)
9yt6n6yj,18.75,1,1,18.75,High Value,One-time (1)
1lzqafgn,18.75,1,3,18.75,High Value,One-time (1)
rhgg183c,18.75,1,3,18.75,High Value,One-time (1)
xyaeazrz,18.75,1,3,18.75,High Value,One-time (1)
6m1fmpry,18.75,2,2,9.375,High Value,Occasional (2-3)
07x7o9uq,18.75,1,1,18.75,High Value,One-time (1)
ityu1cq3,18.72,1,6,18.72,High Value,One-time (1)
urleau6u,18.68,1,4,18.68,High Value,One-time (1)
1au9dsav,18.68,3,5,6.226666666666667,High Value,Occasional (2-3)
4tez5isg,18.68,1,4,18.68,High Value,One-time (1)
tbgjwuy1,18.68,1,4,18.68,High Value,One-time (1)
r5d42gdx,18.68,1,4,18.68,High Value,One-time (1)
rt3oojld,18.67,1,5,18.67,High Value,One-time (1)
ufx397gf,18.65,1,5,18.65,High Value,One-time (1)
nb8hv0f4,18.65,1,5,18.65,High Value,One-time (1)
myws23ce,18.64,1,4,18.64,High Value,One-time (1)
x6wb68q0,18.62,2,3,9.31,High Value,Occasional (2-3)
skdy44go,18.6,1,5,18.6,High Value,One-time (1)
rjj9v2u4,18.6,1,5,18.6,High Value,One-time (1)
86qdj5dw,18.6,1,6,18.6,High Value,One-time (1)
zjsszwd0,18.59,5,5,3.718,High Value,Frequent (4-7)
ypkw7493,18.580000000000002,2,4,9.290000000000001,High Value,Occasional (2-3)
hbfya8b4,18.58,1,6,18.58,High Value,One-time (1)
0yzusiy1,18.56,1,4,18.56,High Value,One-time (1)
grl0cbji,18.54,1,3,18.54,High Value,One-time (1)
gghaqmgf,18.51,1,3,18.51,High Value,One-time (1)
u5kbfcro,18.51,1,3,18.51,High Value,One-time (1)
l76kaoki,18.51,1,3,18.51,High Value,One-time (1)
0oecbazi,18.51,1,3,18.51,High Value,One-time (1)
9eejoko9,18.51,1,3,18.51,High Value,One-time (1)
3aqrcikv,18.51,1,3,18.51,High Value,One-time (1)
6pngjwnf,18.51,1,3,18.51,High Value,One-time (1)
8nbhnal3,18.48,3,5,6.16,High Value,Occasional (2-3)
q1jw4brm,18.45,1,5,18.45,High Value,One-time (1)
addqhkga,18.45,3,5,6.1499999999999995,High Value,Occasional (2-3)
x85hg3l0,18.45,1,5,18.45,High Value,One-time (1)
dj6z4b7q,18.44,1,4,18.44,High Value,One-time (1)
pmam4uo5,18.42,1,3,18.42,High Value,One-time (1)
hy8v0u6i,18.42,1,3,18.42,High Value,One-time (1)
iiuqrb1c,18.42,1,3,18.42,High Value,One-time (1)
9xpfoq9s,18.4,1,5,18.4,High Value,One-time (1)
mfrq4cad,18.4,1,5,18.4,High Value,One-time (1)
jdldel77,18.4,1,4,18.4,High Value,One-time (1)
gcsotdhh,18.4,1,5,18.4,High Value,One-time (1)
kx7z85zr,18.4,1,5,18.4,High Value,One-time (1)
2wo1ztbj,18.39,1,3,18.39,High Value,One-time (1)
sn8f0ceb,18.38,1,1,18.38,High Value,One-time (1)
3nmrpwyw,18.38,1,1,18.38,High Value,One-time (1)
6kf1622v,18.36,2,4,9.18,High Value,Occasional (2-3)
ooathz7l,18.36,1,4,18.36,High Value,One-time (1)
y8fv2bc2,18.34,2,4,9.17,High Value,Occasional (2-3)
h3h38ahf,18.33,1,3,18.33,High Value,One-time (1)
oydew7ly,18.33,1,3,18.33,High Value,One-time (1)
n1k77b42,18.33,1,3,18.33,High Value,One-time (1)
urtde2av,18.33,1,3,18.33,High Value,One-time (1)
ux2zy5v1,18.33,1,3,18.33,High Value,One-time (1)
1din0ihm,18.25,1,5,18.25,High Value,One-time (1)
c043s703,18.25,1,5,18.25,High Value,One-time (1)
b1ajo091,18.240000000000002,2,4,9.120000000000001,High Value,Occasional (2-3)
4vgzhuuv,18.24,1,6,18.24,High Value,One-time (1)
kpgnj1kr,18.24,1,2,18.24,High Value,One-time (1)
yj67fz8b,18.24,1,6,18.24,High Value,One-time (1)
qjrxsjtw,18.24,1,4,18.24,High Value,One-time (1)
sliwkyuo,18.24,1,4,18.24,High Value,One-time (1)
ptxkokvl,18.23,1,5,18.23,High Value,One-time (1)
l8qqzyek,18.22,2,7,9.11,High Value,Occasional (2-3)
lnd581lt,18.189999999999998,2,6,9.094999999999999,High Value,Occasional (2-3)
vt9xgmv8,18.16,1,4,18.16,High Value,One-time (1)
7jpagv8z,18.16,1,4,18.16,High Value,One-time (1)
2lg6kyua,18.15,1,3,18.15,High Value,One-time (1)
6qdy4lmc,18.15,2,4,9.075,High Value,Occasional (2-3)
et9f48c0,18.15,1,3,18.15,High Value,One-time (1)
oiz8z3rq,18.15,1,5,18.15,High Value,One-time (1)
ssn8viw1,18.15,1,3,18.15,High Value,One-time (1)
uux9burm,18.14,1,4,18.14,High Value,One-time (1)
cglo14sq,18.12,1,4,18.12,High Value,One-time (1)
z6e75ycy,18.1,1,5,18.1,High Value,One-time (1)
mvxpj4hn,18.09,4,6,4.5225,High Value,Frequent (4-7)
tunypizw,18.06,1,6,18.06,High Value,One-time (1)
njsj6g3p,18.05,1,5,18.05,High Value,One-time (1)
sun839on,18.04,1,4,18.04,High Value,One-time (1)
l7jf80tm,18.04,1,4,18.04,High Value,One-time (1)
m7ypswm1,18.0,1,3,18.0,High Value,One-time (1)
2qvz0bv2,18.0,1,5,18.0,High Value,One-time (1)
2zg0im75,18.0,1,5,18.0,High Value,One-time (1)
cf99ge75,18.0,1,3,18.0,High Value,One-time (1)
k44uv4s9,18.0,1,5,18.0,High Value,One-time (1)
nkbtfshb,18.0,2,4,9.0,High Value,Occasional (2-3)
2p813kla,18.0,1,3,18.0,High Value,One-time (1)
y5x1x6e7,17.97,1,3,17.97,High Value,One-time (1)
cf1y3q9d,17.96,1,4,17.96,High Value,One-time (1)
1797z9py,17.95,1,3,17.95,High Value,One-time (1)
84fnk3lv,17.94,1,3,17.94,High Value,One-time (1)
nq41awhi,17.94,1,3,17.94,High Value,One-time (1)
qfygxebg,17.94,1,3,17.94,High Value,One-time (1)
z74se8mv,17.94,1,3,17.94,High Value,One-time (1)
mbnmmmig,17.94,1,3,17.94,High Value,One-time (1)
sts7keet,17.93,1,6,17.93,High Value,One-time (1)
9nfvti8m,17.92,1,4,17.92,High Value,One-time (1)
jl2ck43s,17.92,1,7,17.92,High Value,One-time (1)
0iob24tv,17.89,1,7,17.89,High Value,One-time (1)
ewbpwn5n,17.86,1,4,17.86,High Value,One-time (1)
dk9vabrf,17.85,1,7,17.85,High Value,One-time (1)
mblmswbm,17.84,1,4,17.84,High Value,One-time (1)
cskp9zfq,17.84,1,6,17.84,High Value,One-time (1)
ae41hnt4,17.84,1,4,17.84,High Value,One-time (1)
yp6xt6am,17.84,1,4,17.84,High Value,One-time (1)
9dcnwmbx,17.83,4,6,4.4575,High Value,Frequent (4-7)
0z6qgeaj,17.82,1,3,17.82,High Value,One-time (1)
p3xmwa6p,17.82,1,3,17.82,High Value,One-time (1)
bdgg7pvr,17.82,1,3,17.82,High Value,One-time (1)
iatkfvwe,17.82,1,3,17.82,High Value,One-time (1)
h2q571ww,17.82,1,3,17.82,High Value,One-time (1)
y5yf6a4s,17.82,1,3,17.82,High Value,One-time (1)
t9ekb8k4,17.82,1,3,17.82,High Value,One-time (1)
9u4u934x,17.82,1,6,17.82,High Value,One-time (1)
bo7fvzm5,17.81,1,1,17.81,High Value,One-time (1)
hqr20wt2,17.81,1,1,17.81,High Value,One-time (1)
jwc0861k,17.81,1,1,17.81,High Value,One-time (1)
nc83llo6,17.79,1,3,17.79,High Value,One-time (1)
0zydu4x6,17.78,1,4,17.78,High Value,One-time (1)
vogrhgmq,17.76,1,3,17.76,High Value,One-time (1)
qxm87oct,17.76,1,3,17.76,High Value,One-time (1)
ifg1hrr7,17.76,1,3,17.76,High Value,One-time (1)
06akt7zq,17.76,1,3,17.76,High Value,One-time (1)
vamprgeu,17.75,1,4,17.75,High Value,One-time (1)
2rtiwxb5,17.71,1,2,17.71,High Value,One-time (1)
k3fuqvu5,17.71,1,2,17.71,High Value,One-time (1)
79v9vwqu,17.71,1,2,17.71,High Value,One-time (1)
qnezw9he,17.71,1,2,17.71,High Value,One-time (1)
ximtimep,17.69,1,7,17.69,High Value,One-time (1)
fb95knun,17.68,1,4,17.68,High Value,One-time (1)
xn1jg6a6,17.68,1,4,17.68,High Value,One-time (1)
c157gtha,17.68,1,4,17.68,High Value,One-time (1)
hnsrhh1y,17.68,1,4,17.68,High Value,One-time (1)
8r92ugex,17.68,1,4,17.68,High Value,One-time (1)
jlvmbs5u,17.67,1,6,17.67,High Value,One-time (1)
b61kpfii,17.64,1,6,17.64,High Value,One-time (1)
uh58tz8h,17.64,1,4,17.64,High Value,One-time (1)
51j8hgnl,17.64,1,3,17.64,High Value,One-time (1)
tndvuvyj,17.64,1,5,17.64,High Value,One-time (1)
mqbe2j6i,17.64,1,4,17.64,High Value,One-time (1)
qsus7egf,17.61,1,3,17.61,High Value,One-time (1)
ywz6i9ju,17.6,1,4,17.6,High Value,One-time (1)
d1dfcchs,17.6,1,4,17.6,High Value,One-time (1)
dtecafvo,17.6,1,4,17.6,High Value,One-time (1)
44g9v60e,17.6,1,4,17.6,High Value,One-time (1)
wmlj0zzp,17.6,1,4,17.6,High Value,One-time (1)
574s5umy,17.6,1,4,17.6,High Value,One-time (1)
c2rh2xk2,17.6,1,4,17.6,High Value,One-time (1)
icpetx74,17.58,1,6,17.58,High Value,One-time (1)
xyw4pud8,17.58,1,6,17.58,High Value,One-time (1)
jahu3pk5,17.58,1,6,17.58,High Value,One-time (1)
s45rz83v,17.55,1,3,17.55,High Value,One-time (1)
zgopjdn8,17.55,3,3,5.8500000000000005,High Value,Occasional (2-3)
20xkiaip,17.54,2,4,8.77,High Value,Occasional (2-3)
x717hw0b,17.54,2,4,8.77,High Value,Occasional (2-3)
cm0w3c1z,17.52,2,6,8.76,High Value,Occasional (2-3)
362qrcl0,17.48,1,4,17.48,High Value,One-time (1)
3175pdqi,17.48,1,4,17.48,High Value,One-time (1)
jram79mt,17.48,1,4,17.48,High Value,One-time (1)
pts9po7y,17.48,1,4,17.48,High Value,One-time (1)
w61zmaug,17.46,1,3,17.46,High Value,One-time (1)
nk6qwuse,17.46,1,3,17.46,High Value,One-time (1)
4pvenk1b,17.46,1,3,17.46,High Value,One-time (1)
3yk2qfhn,17.46,1,5,17.46,High Value,One-time (1)
8eofbeap,17.45,1,5,17.45,High Value,One-time (1)
sx502upv,17.41,3,5,5.803333333333334,High Value,Occasional (2-3)
rd4m77qv,17.4,1,3,17.4,High Value,One-time (1)
bg9sho5d,17.4,2,6,8.7,High Value,Occasional (2-3)
1mejs50t,17.4,1,6,17.4,High Value,One-time (1)
2ho2az88,17.4,1,3,17.4,High Value,One-time (1)
e4n2524g,17.37,3,5,5.79,High Value,Occasional (2-3)
ev6cxi5a,17.34,1,6,17.34,High Value,One-time (1)
txcb48y1,17.32,4,6,4.33,High Value,Frequent (4-7)
4jom3dln,17.3,1,5,17.3,High Value,One-time (1)
9g3jb5j6,17.28,1,4,17.28,High Value,One-time (1)
0skxvmgk,17.28,1,4,17.28,High Value,One-time (1)
jnx3gxez,17.28,1,6,17.28,High Value,One-time (1)
48edfzea,17.28,1,4,17.28,High Value,One-time (1)
4fft8m93,17.28,1,3,17.28,High Value,One-time (1)
ibxxa0uz,17.28,1,4,17.28,High Value,One-time (1)
arp5nkht,17.28,1,4,17.28,High Value,One-time (1)
81hazvq2,17.28,1,5,17.28,High Value,One-time (1)
1g0bdx2v,17.28,1,4,17.28,High Value,One-time (1)
r6htrfdb,17.28,1,4,17.28,High Value,One-time (1)
s0wix4e1,17.28,1,4,17.28,High Value,One-time (1)
qhyjqcyi,17.28,1,3,17.28,High Value,One-time (1)
qlmd003p,17.28,1,4,17.28,High Value,One-time (1)
z1ca9iq8,17.28,1,3,17.28,High Value,One-time (1)
ps31k6lb,17.28,1,4,17.28,High Value,One-time (1)
qgrcfk9w,17.25,1,5,17.25,High Value,One-time (1)
z1hp0flg,17.25,1,1,17.25,High Value,One-time (1)
yj5tjplv,17.25,1,3,17.25,High Value,One-time (1)
2f4s1f8m,17.25,1,1,17.25,High Value,One-time (1)
m7dmd8yd,17.25,1,1,17.25,High Value,One-time (1)
7yqhu457,17.2,1,5,17.2,High Value,One-time (1)
q4gky6ai,17.2,1,5,17.2,High Value,One-time (1)
fu8m93n8,17.2,1,5,17.2,High Value,One-time (1)
m3vm6j59,17.2,1,5,17.2,High Value,One-time (1)
clka9lz5,17.18,3,4,5.726666666666667,High Value,Occasional (2-3)
immnstou,17.16,2,6,8.58,High Value,Occasional (2-3)
q2kj8yjr,17.16,1,3,17.16,High Value,One-time (1)
eu086jep,17.16,1,3,17.16,High Value,One-time (1)
v2ui4z2s,17.16,1,3,17.16,High Value,One-time (1)
h4ugadan,17.16,1,4,17.16,High Value,One-time (1)
57xuexc1,17.16,1,3,17.16,High Value,One-time (1)
aiack9ep,17.16,1,4,17.16,High Value,One-time (1)
p9buqrna,17.16,1,3,17.16,High Value,One-time (1)
ejwcf63e,17.16,1,3,17.16,High Value,One-time (1)
c856wpr9,17.16,2,6,8.58,High Value,Occasional (2-3)
nf0aav80,17.16,1,3,17.16,High Value,One-time (1)
peqydbpg,17.14,3,5,5.713333333333334,High Value,Occasional (2-3)
jc9o8q8w,17.12,1,4,17.12,High Value,One-time (1)
3gcnlens,17.1,1,5,17.1,High Value,One-time (1)
4gl6xo9x,17.1,1,4,17.1,High Value,One-time (1)
fjzhu70t,17.1,1,5,17.1,High Value,One-time (1)
mji83ytd,17.1,1,3,17.1,High Value,One-time (1)
drvpe38s,17.1,1,3,17.1,High Value,One-time (1)
bqtxqlcs,17.1,1,3,17.1,High Value,One-time (1)
e3q82gwq,17.1,1,3,17.1,High Value,One-time (1)
q62ugndh,17.1,1,3,17.1,High Value,One-time (1)
aouonpl5,17.1,1,3,17.1,High Value,One-time (1)
i6ivs2nv,17.1,1,3,17.1,High Value,One-time (1)
2shupsgb,17.1,1,3,17.1,High Value,One-time (1)
ifde9jlf,17.08,1,4,17.08,High Value,One-time (1)
yxdw2zcf,17.08,1,4,17.08,High Value,One-time (1)
knmyvwq6,17.08,1,4,17.08,High Value,One-time (1)
jo9w99ek,17.08,1,4,17.08,High Value,One-time (1)
zamchddp,17.08,1,4,17.08,High Value,One-time (1)
6lm4s909,17.08,1,4,17.08,High Value,One-time (1)
aawmt73p,17.07,1,3,17.07,High Value,One-time (1)
pla8jz9d,17.06,2,4,8.53,High Value,Occasional (2-3)
or6eh1rr,17.04,1,4,17.04,High Value,One-time (1)
unywtz1n,17.04,1,4,17.04,High Value,One-time (1)
4520szor,17.04,2,4,8.52,High Value,Occasional (2-3)
fg58b2li,17.04,1,4,17.04,High Value,One-time (1)
2uu0tmpb,17.04,1,4,17.04,High Value,One-time (1)
7k90c9ni,17.04,1,6,17.04,High Value,One-time (1)
w36496qv,17.04,1,6,17.04,High Value,One-time (1)
xg3osiih,17.0,1,5,17.0,High Value,One-time (1)
vvfrd2bd,17.0,1,5,17.0,High Value,One-time (1)
kw6rk64l,16.98,1,6,16.98,High Value,One-time (1)
b09qciiq,16.98,1,6,16.98,High Value,One-time (1)
vpcayp9y,16.96,1,4,16.96,High Value,One-time (1)
zrbzirjy,16.96,3,4,5.653333333333333,High Value,Occasional (2-3)
n8g7br0s,16.96,1,4,16.96,High Value,One-time (1)
7x3bqwrm,16.96,2,3,8.48,High Value,Occasional (2-3)
ul8ptgvs,16.96,1,4,16.96,High Value,One-time (1)
v8ll24mr,16.96,1,4,16.96,High Value,One-time (1)
peek035n,16.95,2,5,8.475,High Value,Occasional (2-3)
ghtftlfd,16.95,1,5,16.95,High Value,One-time (1)
2mz8m6xh,16.94,3,7,5.646666666666667,High Value,Occasional (2-3)
6i3ce8zn,16.93,3,5,5.6433333333333335,High Value,Occasional (2-3)
615keu1t,16.92,1,4,16.92,High Value,One-time (1)
f77ck40t,16.92,1,3,16.92,High Value,One-time (1)
o6fv5dgp,16.92,1,4,16.92,High Value,One-time (1)
luk0jj6c,16.92,1,4,16.92,High Value,One-time (1)
upd66ife,16.92,1,3,16.92,High Value,One-time (1)
qmuaz3uk,16.92,1,4,16.92,High Value,One-time (1)
s41iemy8,16.92,1,3,16.92,High Value,One-time (1)
nv9jn3lx,16.92,1,3,16.92,High Value,One-time (1)
vxcualh3,16.92,1,4,16.92,High Value,One-time (1)
efqjg02u,16.92,1,3,16.92,High Value,One-time (1)
voi9p8wi,16.92,1,4,16.92,High Value,One-time (1)
uoeyyavb,16.92,1,3,16.92,High Value,One-time (1)
065afu20,16.9,1,5,16.9,High Value,One-time (1)
k6fwvr99,16.9,1,5,16.9,High Value,One-time (1)
jp2zhczj,16.89,1,3,16.89,High Value,One-time (1)
6i62r2cx,16.88,2,4,8.44,High Value,Occasional (2-3)
dzij7q7g,16.86,1,3,16.86,High Value,One-time (1)
zo51ialp,16.86,1,3,16.86,High Value,One-time (1)
xhfq5dju,16.86,1,3,16.86,High Value,One-time (1)
nqjtb2l7,16.86,1,3,16.86,High Value,One-time (1)
k2s62m7t,16.86,1,3,16.86,High Value,One-time (1)
noxburjg,16.86,1,3,16.86,High Value,One-time (1)
lyuop4nq,16.86,1,3,16.86,High Value,One-time (1)
qgtoui87,16.86,1,3,16.86,High Value,One-time (1)
qgm5v2ww,16.83,1,3,16.83,High Value,One-time (1)
2xe0jdcz,16.81,2,7,8.405,High Value,Occasional (2-3)
2ld05nhq,16.8,3,3,5.6000000000000005,High Value,Occasional (2-3)
v1n75675,16.8,1,4,16.8,High Value,One-time (1)
0yn9yox4,16.76,1,4,16.76,High Value,One-time (1)
85ldjpyg,16.76,1,4,16.76,High Value,One-time (1)
jygqoaen,16.76,1,4,16.76,High Value,One-time (1)
gbpigte7,16.76,1,4,16.76,High Value,One-time (1)
0dt0zj1r,16.75,1,5,16.75,High Value,One-time (1)
poey9wmy,16.74,1,3,16.74,High Value,One-time (1)
x7m44q1p,16.74,1,3,16.74,High Value,One-time (1)
bd5807tg,16.74,1,3,16.74,High Value,One-time (1)
z3ssvoz3,16.73,1,3,16.73,High Value,One-time (1)
pacwqdmy,16.72,1,8,16.72,High Value,One-time (1)
qjy2ansy,16.72,1,4,16.72,High Value,One-time (1)
l8ot5zzl,16.69,1,3,16.69,High Value,One-time (1)
u21e1a7o,16.66,1,3,16.66,High Value,One-time (1)
pcu0m591,16.65,1,3,16.65,High Value,One-time (1)
fdssxovb,16.65,1,3,16.65,High Value,One-time (1)
ylq9ljxi,16.65,1,3,16.65,High Value,One-time (1)
xex7c326,16.65,1,5,16.65,High Value,One-time (1)
bsi5f16x,16.65,1,3,16.65,High Value,One-time (1)
3r9075ni,16.65,1,3,16.65,High Value,One-time (1)
itn1301l,16.65,1,3,16.65,High Value,One-time (1)
z1mgiene,16.61,1,5,16.61,High Value,One-time (1)
x082str5,16.6,1,4,16.6,High Value,One-time (1)
8hbckr5q,16.6,1,5,16.6,High Value,One-time (1)
wund47ad,16.6,1,5,16.6,High Value,One-time (1)
siy6a9ws,16.6,1,4,16.6,High Value,One-time (1)
i3rzulpo,16.57,1,3,16.57,High Value,One-time (1)
57w8vhks,16.56,1,4,16.56,High Value,One-time (1)
k3zm3jml,16.56,1,6,16.56,High Value,One-time (1)
ni4wxz8m,16.56,1,4,16.56,High Value,One-time (1)
9zyj7bt8,16.56,1,3,16.56,High Value,One-time (1)
hxug03li,16.56,1,3,16.56,High Value,One-time (1)
62z9x9mw,16.56,1,3,16.56,High Value,One-time (1)
40f13u39,16.56,1,3,16.56,High Value,One-time (1)
pdb1u0oh,16.56,1,4,16.56,High Value,One-time (1)
5jt959ky,16.56,1,4,16.56,High Value,One-time (1)
ou0ncfa5,16.56,1,3,16.56,High Value,One-time (1)
d2vg031u,16.56,1,4,16.56,High Value,One-time (1)
rghxzwe2,16.55,1,5,16.55,High Value,One-time (1)
qu2cj2md,16.54,1,1,16.54,High Value,One-time (1)
cuz3xv3d,16.53,1,3,16.53,High Value,One-time (1)
e6tdh7e4,16.53,1,3,16.53,High Value,One-time (1)
pqgc8sb6,16.53,1,3,16.53,High Value,One-time (1)
ir6ko7jh,16.5,1,1,16.5,High Value,One-time (1)
bq4lt830,16.5,1,1,16.5,High Value,One-time (1)
i962pp13,16.5,1,3,16.5,High Value,One-time (1)
za0nc0rw,16.5,1,1,16.5,High Value,One-time (1)
i7guslr3,16.5,1,3,16.5,High Value,One-time (1)
ibhk5fcw,16.5,1,5,16.5,High Value,One-time (1)
ikrabbna,16.5,1,6,16.5,High Value,One-time (1)
na6sgl0b,16.5,1,1,16.5,High Value,One-time (1)
pj3e2z52,16.5,1,3,16.5,High Value,One-time (1)
loykei2y,16.5,1,3,16.5,High Value,One-time (1)
ti49q7p1,16.5,1,5,16.5,High Value,One-time (1)
7icvwfl9,16.5,1,5,16.5,High Value,One-time (1)
oqr8st2j,16.48,1,4,16.48,High Value,One-time (1)
9fynlu40,16.48,1,4,16.48,High Value,One-time (1)
86u40wo1,16.48,1,4,16.48,High Value,One-time (1)
ve90626k,16.48,1,4,16.48,High Value,One-time (1)
pkp0lvmz,16.48,1,4,16.48,High Value,One-time (1)
hjrsjtmv,16.45,1,7,16.45,High Value,One-time (1)
9wxvyv8y,16.44,1,6,16.44,High Value,One-time (1)
mgz5nz6b,16.44,1,6,16.44,High Value,One-time (1)
l0r87l0x,16.42,1,3,16.42,High Value,One-time (1)
am6fc82m,16.41,1,3,16.41,High Value,One-time (1)
hhdziz1r,16.41,1,3,16.41,High Value,One-time (1)
7ajywj7n,16.4,1,5,16.4,High Value,One-time (1)
kv48fvzr,16.4,1,4,16.4,High Value,One-time (1)
qvvdsge4,16.4,1,4,16.4,High Value,One-time (1)
l18ert71,16.4,1,4,16.4,High Value,One-time (1)
2dyotlvy,16.38,1,3,16.38,High Value,One-time (1)
21id9vvn,16.38,2,4,8.19,High Value,Occasional (2-3)
dfl52d31,16.38,1,3,16.38,High Value,One-time (1)
l358kbvk,16.35,1,3,16.35,High Value,One-time (1)
vasy2erf,16.35,1,3,16.35,High Value,One-time (1)
7qsv3h0v,16.35,1,3,16.35,High Value,One-time (1)
xq8ov4kf,16.34,1,4,16.34,High Value,One-time (1)
0f2wpd2y,16.33,1,3,16.33,High Value,One-time (1)
ttxxwl4s,16.28,1,4,16.28,High Value,One-time (1)
jxwluuzz,16.28,1,4,16.28,High Value,One-time (1)
09lzrk79,16.27,2,2,8.135,High Value,Occasional (2-3)
4n89qkns,16.240000000000002,2,4,8.120000000000001,High Value,Occasional (2-3)
u6vwhjf6,16.24,1,2,16.24,High Value,One-time (1)
22swtbmd,16.2,1,1,16.2,High Value,One-time (1)
7uuzmeuq,16.2,1,1,16.2,High Value,One-time (1)
qjv8dwaz,16.2,1,1,16.2,High Value,One-time (1)
kps0lqap,16.2,1,4,16.2,High Value,One-time (1)
twbt223n,16.2,1,6,16.2,High Value,One-time (1)
gj3tibi2,16.2,1,6,16.2,High Value,One-time (1)
xuncsste,16.2,1,5,16.2,High Value,One-time (1)
31kl2kon,16.2,1,1,16.2,High Value,One-time (1)
wxgb3l58,16.2,1,3,16.2,High Value,One-time (1)
9sthvhtc,16.2,1,9,16.2,High Value,One-time (1)
zf68rnct,16.2,1,1,16.2,High Value,One-time (1)
x4cocn3x,16.2,1,3,16.2,High Value,One-time (1)
515y4wqq,16.2,1,1,16.2,High Value,One-time (1)
d09ibwu7,16.2,1,1,16.2,High Value,One-time (1)
rijrpfot,16.2,1,1,16.2,High Value,One-time (1)
etqhi9ew,16.2,1,5,16.2,High Value,One-time (1)
8vezj6qc,16.2,1,4,16.2,High Value,One-time (1)
kp4wsfjg,16.2,1,1,16.2,High Value,One-time (1)
qmedsxqj,16.17,1,3,16.17,High Value,One-time (1)
xrxui161,16.17,1,3,16.17,High Value,One-time (1)
9fr7wcjy,16.17,1,3,16.17,High Value,One-time (1)
9ti8vk2s,16.17,1,3,16.17,High Value,One-time (1)
1i82i5bn,16.15,1,3,16.15,High Value,One-time (1)
ywvl2wgn,16.15,1,3,16.15,High Value,One-time (1)
lkfm9zmr,16.15,1,3,16.15,High Value,One-time (1)
5ev2z384,16.15,1,5,16.15,High Value,One-time (1)
h45wtmbx,16.1,1,7,16.1,High Value,One-time (1)
0agghq76,16.1,1,7,16.1,High Value,One-time (1)
hrpn4vqg,16.08,1,3,16.08,High Value,One-time (1)
s62c1jlo,16.08,2,4,8.04,High Value,Occasional (2-3)
ym99f6vb,16.08,1,3,16.08,High Value,One-time (1)
90fj4qv1,16.07,1,4,16.07,High Value,One-time (1)
v3rw0jy2,16.06,1,4,16.06,High Value,One-time (1)
8mcppzxp,16.05,1,3,16.05,High Value,One-time (1)
quwaktmg,16.05,1,3,16.05,High Value,One-time (1)
f8tkplvh,16.05,1,3,16.05,High Value,One-time (1)
ueomoctp,16.05,1,3,16.05,High Value,One-time (1)
jiyfaas1,16.04,1,3,16.04,High Value,One-time (1)
3mh3kwnr,16.04,1,3,16.04,High Value,One-time (1)
olnojebl,16.02,1,6,16.02,High Value,One-time (1)
eszoymgj,16.02,1,6,16.02,High Value,One-time (1)
4d02b9f5,16.02,1,3,16.02,High Value,One-time (1)
4h5agkd3,16.0,1,4,16.0,High Value,One-time (1)
zk6cepwh,16.0,1,1,16.0,High Value,One-time (1)
z9s12nhn,16.0,1,1,16.0,High Value,One-time (1)
790igx7l,16.0,1,1,16.0,High Value,One-time (1)
3r7e67j5,16.0,1,1,16.0,High Value,One-time (1)
knmc3vza,16.0,1,1,16.0,High Value,One-time (1)
dpszm29w,16.0,1,4,16.0,High Value,One-time (1)
p9lakn16,16.0,1,1,16.0,High Value,One-time (1)
g4oodcy9,16.0,1,5,16.0,High Value,One-time (1)
3wfpyuxv,16.0,1,1,16.0,High Value,One-time (1)
vcktrt2w,16.0,1,4,16.0,High Value,One-time (1)
evlluc2y,16.0,1,1,16.0,High Value,One-time (1)
jxzdvyb4,16.0,1,1,16.0,High Value,One-time (1)
qtu6ynci,15.99,1,3,15.99,High Value,One-time (1)
h0qhbs4j,15.99,1,3,15.99,High Value,One-time (1)
aroq5b64,15.99,1,3,15.99,High Value,One-time (1)
hm9wxjxf,15.99,1,3,15.99,High Value,One-time (1)
l6wv8jjc,15.99,1,3,15.99,High Value,One-time (1)
3dvyjhmi,15.99,1,3,15.99,High Value,One-time (1)
3m3dedl8,15.99,1,3,15.99,High Value,One-time (1)
umbjezdv,15.99,1,3,15.99,High Value,One-time (1)
rh3pv9ju,15.99,1,3,15.99,High Value,One-time (1)
2scvhw2d,15.99,1,3,15.99,High Value,One-time (1)
geab09p4,15.99,1,3,15.99,High Value,One-time (1)
zf7lzpd9,15.99,1,3,15.99,High Value,One-time (1)
zsojp8c8,15.99,1,3,15.99,High Value,One-time (1)
y5lrbj4q,15.99,1,3,15.99,High Value,One-time (1)
5x1ty9xn,15.99,1,3,15.99,High Value,One-time (1)
jhyfgmqt,15.99,1,3,15.99,High Value,One-time (1)
tnlxddjc,15.96,1,4,15.96,High Value,One-time (1)
zvhji98f,15.96,1,6,15.96,High Value,One-time (1)
o4kvffln,15.96,2,4,7.98,High Value,Occasional (2-3)
ods8g73m,15.96,1,4,15.96,High Value,One-time (1)
kc7zs5kj,15.95,1,5,15.95,High Value,One-time (1)
z70r9ew2,15.92,1,4,15.92,High Value,One-time (1)
w7lirjbf,15.92,1,4,15.92,High Value,One-time (1)
j6wyj4oq,15.92,1,2,15.92,High Value,One-time (1)
yl8roull,15.92,1,4,15.92,High Value,One-time (1)
nrisi9my,15.91,1,4,15.91,High Value,One-time (1)
6vgtvyfy,15.89,3,4,5.296666666666667,High Value,Occasional (2-3)
lds7gowh,15.88,1,4,15.88,High Value,One-time (1)
jp8hhll7,15.88,1,3,15.88,High Value,One-time (1)
lz0lwkkk,15.88,1,4,15.88,High Value,One-time (1)
s0iyynuc,15.88,1,4,15.88,High Value,One-time (1)
sd23a9ab,15.84,1,4,15.84,High Value,One-time (1)
8y0h5iza,15.84,1,4,15.84,High Value,One-time (1)
xkrrywrd,15.84,1,4,15.84,High Value,One-time (1)
h9vgky5c,15.809999999999999,2,4,7.904999999999999,High Value,Occasional (2-3)
a5jpxr5u,15.76,1,2,15.76,High Value,One-time (1)
5nkv6ass,15.76,1,2,15.76,High Value,One-time (1)
4jdlel6r,15.76,1,2,15.76,High Value,One-time (1)
z2rcu8kd,15.72,2,4,7.86,High Value,Occasional (2-3)
7oq2zdo7,15.72,1,3,15.72,High Value,One-time (1)
gw0v3kf2,15.72,1,4,15.72,High Value,One-time (1)
bbqseqdc,15.72,1,6,15.72,High Value,One-time (1)
4tsdpcxn,15.72,1,4,15.72,High Value,One-time (1)
91kjdifv,15.71,1,1,15.71,High Value,One-time (1)
c9m4l3k1,15.71,1,1,15.71,High Value,One-time (1)
obj9caso,15.71,1,1,15.71,High Value,One-time (1)
73254o33,15.71,1,1,15.71,High Value,One-time (1)
j2orww81,15.71,1,1,15.71,High Value,One-time (1)
uuzpeal2,15.71,1,1,15.71,High Value,One-time (1)
uz9esmgv,15.71,1,1,15.71,High Value,One-time (1)
8ylexjql,15.71,1,6,15.71,High Value,One-time (1)
r2teagib,15.71,1,1,15.71,High Value,One-time (1)
v95ucfhz,15.71,1,1,15.71,High Value,One-time (1)
158r9b5f,15.7,1,5,15.7,High Value,One-time (1)
ay0a2zs1,15.7,1,5,15.7,High Value,One-time (1)
21vtdhup,15.69,1,3,15.69,High Value,One-time (1)
5amjuwa0,15.69,1,3,15.69,High Value,One-time (1)
w4y1r7u1,15.68,1,4,15.68,High Value,One-time (1)
8lug501s,15.68,1,4,15.68,High Value,One-time (1)
na31dbro,15.68,1,4,15.68,High Value,One-time (1)
4n7cdxb8,15.68,1,4,15.68,High Value,One-time (1)
w0y0u41k,15.66,1,3,15.66,High Value,One-time (1)
g78bgpr3,15.66,1,3,15.66,High Value,One-time (1)
opta3zup,15.66,1,3,15.66,High Value,One-time (1)
k1uy76xp,15.66,1,3,15.66,High Value,One-time (1)
5d0p92k3,15.66,1,3,15.66,High Value,One-time (1)
mfe5id0q,15.66,1,3,15.66,High Value,One-time (1)
34tftui0,15.66,1,6,15.66,High Value,One-time (1)
ntl769v1,15.66,1,3,15.66,High Value,One-time (1)
6m033ifh,15.65,1,5,15.65,High Value,One-time (1)
4dj6sxsn,15.64,1,4,15.64,High Value,One-time (1)
s08xod4e,15.64,1,4,15.64,High Value,One-time (1)
c18wqbwo,15.64,1,4,15.64,High Value,One-time (1)
o4fiknvb,15.64,1,4,15.64,High Value,One-time (1)
q85jsg65,15.620000000000001,3,4,5.206666666666667,High Value,Occasional (2-3)
xaa2ilgb,15.610000000000001,2,4,7.805000000000001,High Value,Occasional (2-3)
x99429l4,15.6,1,3,15.6,High Value,One-time (1)
umh9nkly,15.579999999999998,3,4,5.1933333333333325,High Value,Occasional (2-3)
xvdeos3j,15.57,1,5,15.57,High Value,One-time (1)
19lbl289,15.56,1,4,15.56,High Value,One-time (1)
gwpl7rxp,15.55,1,3,15.55,High Value,One-time (1)
vt4chu29,15.55,1,4,15.55,High Value,One-time (1)
7su62j8l,15.540000000000001,2,5,7.7700000000000005,High Value,Occasional (2-3)
8vhmewcj,15.54,2,7,7.77,High Value,Occasional (2-3)
xhqyrpin,15.54,1,6,15.54,High Value,One-time (1)
0uuij3r2,15.53,1,1,15.53,High Value,One-time (1)
0tw87s34,15.52,2,4,7.76,High Value,Occasional (2-3)
ck1cdnoh,15.52,1,4,15.52,High Value,One-time (1)
yrhoywtf,15.51,1,3,15.51,High Value,One-time (1)
e94j7yq1,15.51,1,3,15.51,High Value,One-time (1)
vo5rptp8,15.51,1,3,15.51,High Value,One-time (1)
som7z2j0,15.51,1,3,15.51,High Value,One-time (1)
xs936dyp,15.51,1,3,15.51,High Value,One-time (1)
y8b25hg6,15.51,1,3,15.51,High Value,One-time (1)
n9jka38t,15.51,1,3,15.51,High Value,One-time (1)
bmkpf4ok,15.51,1,3,15.51,High Value,One-time (1)
1c25xnof,15.51,1,3,15.51,High Value,One-time (1)
wyzdk5n7,15.51,1,3,15.51,High Value,One-time (1)
l3bckaxv,15.51,1,3,15.51,High Value,One-time (1)
52lk0z78,15.51,1,3,15.51,High Value,One-time (1)
wta5hyvu,15.51,1,3,15.51,High Value,One-time (1)
deri4k5o,15.5,2,4,7.75,High Value,Occasional (2-3)
mwtumvay,15.48,1,6,15.48,High Value,One-time (1)
q054slmj,15.45,1,5,15.45,High Value,One-time (1)
7dcar4rn,15.45,1,5,15.45,High Value,One-time (1)
73j36e31,15.44,1,2,15.44,High Value,One-time (1)
gy2wniqh,15.44,1,2,15.44,High Value,One-time (1)
w9f4fsvy,15.44,1,2,15.44,High Value,One-time (1)
npe6swyu,15.44,2,2,7.72,High Value,Occasional (2-3)
lv76mf4n,15.44,1,2,15.44,High Value,One-time (1)
st0nc2dd,15.44,1,2,15.44,High Value,One-time (1)
162lwj3r,15.44,1,4,15.44,High Value,One-time (1)
u5cp51dl,15.44,1,2,15.44,High Value,One-time (1)
v1fkhnnk,15.41,3,4,5.136666666666667,High Value,Occasional (2-3)
3xr7l9k6,15.4,1,4,15.4,High Value,One-time (1)
bqhkuj39,15.4,1,4,15.4,High Value,One-time (1)
gdwaxpcd,15.4,1,4,15.4,High Value,One-time (1)
vcz72b5t,15.4,1,5,15.4,High Value,One-time (1)
b3etiocv,15.4,1,4,15.4,High Value,One-time (1)
p6vakgjq,15.36,1,4,15.36,High Value,One-time (1)
jiy6dump,15.36,1,4,15.36,High Value,One-time (1)
txt837g2,15.36,1,4,15.36,High Value,One-time (1)
l3widc4f,15.36,1,4,15.36,High Value,One-time (1)
qym52xg8,15.35,2,6,7.675,High Value,Occasional (2-3)
knk7qyva,15.32,1,4,15.32,High Value,One-time (1)
6acjusoq,15.3,1,6,15.3,High Value,One-time (1)
62tdx4rt,15.3,1,3,15.3,High Value,One-time (1)
uwzoo0ke,15.3,1,6,15.3,High Value,One-time (1)
vkl5cpiv,15.3,1,3,15.3,High Value,One-time (1)
ej398f44,15.3,1,3,15.3,High Value,One-time (1)
kz0jvhkd,15.3,1,3,15.3,High Value,One-time (1)
vgr7twfb,15.3,1,3,15.3,High Value,One-time (1)
oauwmdzk,15.28,1,4,15.28,High Value,One-time (1)
darzy13q,15.28,1,4,15.28,High Value,One-time (1)
fh73bdxy,15.28,1,4,15.28,High Value,One-time (1)
k2rqjq20,15.26,1,8,15.26,High Value,One-time (1)
xkhn53e9,15.24,1,4,15.24,High Value,One-time (1)
he4cpyik,15.24,1,6,15.24,High Value,One-time (1)
hvowirmr,15.24,1,3,15.24,High Value,One-time (1)
ql43m1zd,15.24,1,6,15.24,High Value,One-time (1)
r81bmqf7,15.239999999999998,2,6,7.619999999999999,High Value,Occasional (2-3)
n6v3rzkd,15.23,2,4,7.615,High Value,Occasional (2-3)
u6gbicfi,15.21,1,3,15.21,High Value,One-time (1)
r4iu0y6f,15.21,1,5,15.21,High Value,One-time (1)
60eqit7k,15.21,1,5,15.21,High Value,One-time (1)
tdhcct6y,15.2,1,5,15.2,High Value,One-time (1)
c2guwjp0,15.2,1,4,15.2,High Value,One-time (1)
0g8f6zml,15.2,1,4,15.2,High Value,One-time (1)
0rwx0ygu,15.2,1,4,15.2,High Value,One-time (1)
8uf50xog,15.2,1,5,15.2,High Value,One-time (1)
8j87305a,15.2,1,8,15.2,High Value,One-time (1)
drtnbjzb,15.2,1,4,15.2,High Value,One-time (1)
yn8i8r3b,15.2,1,4,15.2,High Value,One-time (1)
k4e1od0p,15.2,1,4,15.2,High Value,One-time (1)
n6lo8ira,15.2,1,4,15.2,High Value,One-time (1)
ypr15x89,15.2,1,4,15.2,High Value,One-time (1)
ue3qbl2z,15.2,1,4,15.2,High Value,One-time (1)
1sloykeo,15.19,1,3,15.19,High Value,One-time (1)
1zzq4ud8,15.18,1,3,15.18,High Value,One-time (1)
ergw7cc4,15.18,1,3,15.18,High Value,One-time (1)
i5xt5wpl,15.18,1,3,15.18,High Value,One-time (1)
43tuyktk,15.18,1,3,15.18,High Value,One-time (1)
6i41l8nh,15.18,1,3,15.18,High Value,One-time (1)
sprotij9,15.18,1,3,15.18,High Value,One-time (1)
ixvswi8y,15.18,1,3,15.18,High Value,One-time (1)
htn0bzdr,15.18,1,3,15.18,High Value,One-time (1)
db07mkl6,15.18,1,3,15.18,High Value,One-time (1)
mo60qvl3,15.18,1,3,15.18,High Value,One-time (1)
9j8of7hn,15.18,1,3,15.18,High Value,One-time (1)
gs13jty3,15.18,1,3,15.18,High Value,One-time (1)
vp8xf62j,15.18,1,3,15.18,High Value,One-time (1)
wn5ura50,15.18,1,3,15.18,High Value,One-time (1)
4ud0nv6k,15.18,1,3,15.18,High Value,One-time (1)
zzqo17rv,15.149999999999999,2,4,7.574999999999999,High Value,Occasional (2-3)
kx6mj53y,15.14,2,4,7.57,High Value,Occasional (2-3)
6ga2sdfc,15.120000000000001,2,4,7.5600000000000005,High Value,Occasional (2-3)
s9eh5r99,15.12,1,3,15.12,High Value,One-time (1)
3xdciuyx,15.12,1,3,15.12,High Value,One-time (1)
px4y4lib,15.08,1,4,15.08,High Value,One-time (1)
032o7t5q,15.08,1,4,15.08,High Value,One-time (1)
j9820yky,15.08,1,4,15.08,High Value,One-time (1)
p0nwntj5,15.08,3,3,5.026666666666666,High Value,Occasional (2-3)
jo4iab0g,15.08,1,4,15.08,High Value,One-time (1)
96i6lw63,15.05,1,5,15.05,High Value,One-time (1)
daxf3o4n,15.04,1,4,15.04,High Value,One-time (1)
6oi6emhm,15.04,1,4,15.04,High Value,One-time (1)
nrrx77mg,15.04,1,4,15.04,High Value,One-time (1)
03vi36mf,15.04,1,4,15.04,High Value,One-time (1)
nekrcppr,15.04,2,6,7.52,High Value,Occasional (2-3)
onrv0omp,15.03,1,3,15.03,High Value,One-time (1)
5qspjkm0,15.03,1,3,15.03,High Value,One-time (1)
aeldwqxk,15.02,2,4,7.51,High Value,Occasional (2-3)
ayzxuedx,15.0,1,3,15.0,High Value,One-time (1)
33oyq4i6,15.0,1,1,15.0,High Value,One-time (1)
rbffdtve,15.0,1,1,15.0,High Value,One-time (1)
wxd0vkh0,15.0,1,2,15.0,High Value,One-time (1)
cq4hevfk,15.0,1,3,15.0,High Value,One-time (1)
769jthb5,15.0,1,2,15.0,High Value,One-time (1)
zv52shc2,15.0,1,1,15.0,High Value,One-time (1)
n3oygt3z,15.0,1,2,15.0,High Value,One-time (1)
ria5wg6w,15.0,1,5,15.0,High Value,One-time (1)
p1q0juo0,15.0,1,1,15.0,High Value,One-time (1)
9x95p48i,15.0,1,3,15.0,High Value,One-time (1)
68rff8zt,15.0,1,1,15.0,High Value,One-time (1)
gx1exqz2,15.0,1,2,15.0,High Value,One-time (1)
88c56j67,15.0,1,2,15.0,High Value,One-time (1)
q3iv957h,15.0,1,2,15.0,High Value,One-time (1)
qpcegpx1,15.0,1,2,15.0,High Value,One-time (1)
15a5h9dm,15.0,1,1,15.0,High Value,One-time (1)
lqga3qup,15.0,1,5,15.0,High Value,One-time (1)
ffzh88c5,14.99,1,6,14.99,High Value,One-time (1)
lr0nlxj8,14.98,1,3,14.98,High Value,One-time (1)
w10alreu,14.98,1,3,14.98,High Value,One-time (1)
0w94zo1u,14.97,1,3,14.97,High Value,One-time (1)
e7lorllw,14.96,1,2,14.96,High Value,One-time (1)
tj8rla49,14.96,1,2,14.96,High Value,One-time (1)
zx70t5b3,14.96,1,2,14.96,High Value,One-time (1)
96ildt3y,14.96,1,2,14.96,High Value,One-time (1)
pjpf240s,14.920000000000002,2,4,7.460000000000001,High Value,Occasional (2-3)
mqlgm0t7,14.92,1,4,14.92,High Value,One-time (1)
qeojgn4h,14.92,1,1,14.92,High Value,One-time (1)
48liwttu,14.92,1,4,14.92,High Value,One-time (1)
xmwj705p,14.91,1,3,14.91,High Value,One-time (1)
wbg1i7ns,14.91,1,3,14.91,High Value,One-time (1)
lzdpz1xc,14.91,1,3,14.91,High Value,One-time (1)
tivgimlr,14.91,1,3,14.91,High Value,One-time (1)
4x14h1q1,14.91,1,3,14.91,High Value,One-time (1)
2kbvsigb,14.91,2,3,7.455,High Value,Occasional (2-3)
u8fs2bsr,14.91,1,3,14.91,High Value,One-time (1)
oseo4j1n,14.91,1,3,14.91,High Value,One-time (1)
po78hwds,14.91,1,3,14.91,High Value,One-time (1)
yda4k40h,14.91,1,3,14.91,High Value,One-time (1)
gkvee4ej,14.91,1,3,14.91,High Value,One-time (1)
og26a83x,14.91,1,3,14.91,High Value,One-time (1)
zni37zcg,14.909999999999998,3,4,4.97,High Value,Occasional (2-3)
rrbszujb,14.88,2,3,7.44,High Value,Occasional (2-3)
cxtwbgq1,14.88,1,3,14.88,High Value,One-time (1)
v5g10ur5,14.879999999999999,3,3,4.96,High Value,Occasional (2-3)
i1rimvn1,14.879999999999999,2,3,7.4399999999999995,High Value,Occasional (2-3)
1dwtowua,14.85,1,3,14.85,High Value,One-time (1)
gt39ya5e,14.85,1,5,14.85,High Value,One-time (1)
gwawhpp3,14.85,1,3,14.85,High Value,One-time (1)
1fy6hrc8,14.85,1,5,14.85,High Value,One-time (1)
ch84610i,14.85,1,3,14.85,High Value,One-time (1)
oi8uru4c,14.85,1,6,14.85,High Value,One-time (1)
pcamvrcp,14.85,1,3,14.85,High Value,One-time (1)
8cdyfdyz,14.85,1,5,14.85,High Value,One-time (1)
swbkok3q,14.84,2,4,7.42,High Value,Occasional (2-3)
7p77w9ei,14.84,1,7,14.84,High Value,One-time (1)
slg6mm1z,14.84,4,4,3.71,High Value,Frequent (4-7)
ykoblauz,14.83,1,4,14.83,High Value,One-time (1)
c5ppza60,14.83,1,4,14.83,High Value,One-time (1)
dg0tq2ph,14.82,1,3,14.82,High Value,One-time (1)
yoz0xf0b,14.82,1,3,14.82,High Value,One-time (1)
xivyf8mv,14.82,1,3,14.82,High Value,One-time (1)
v5j7b0jw,14.82,1,3,14.82,High Value,One-time (1)
qax3xgtk,14.82,1,6,14.82,High Value,One-time (1)
4xfh29km,14.82,1,3,14.82,High Value,One-time (1)
kx2pahki,14.82,1,3,14.82,High Value,One-time (1)
1nein303,14.82,1,3,14.82,High Value,One-time (1)
6mq3ry3a,14.82,1,6,14.82,High Value,One-time (1)
sgpynyj0,14.77,3,7,4.923333333333333,High Value,Occasional (2-3)
f3q0e27z,14.77,2,3,7.385,High Value,Occasional (2-3)
6t4ufel6,14.77,3,4,4.923333333333333,High Value,Occasional (2-3)
jfjjdz5l,14.76,1,4,14.76,High Value,One-time (1)
c2hgl7l8,14.76,1,5,14.76,High Value,One-time (1)
6cx72zdc,14.76,1,4,14.76,High Value,One-time (1)
nqim3ztt,14.76,1,3,14.76,High Value,One-time (1)
jhxn0nec,14.76,1,4,14.76,High Value,One-time (1)
nfq3o80w,14.76,1,3,14.76,High Value,One-time (1)
dlv9rgxb,14.76,1,3,14.76,High Value,One-time (1)
jtweahts,14.76,1,4,14.76,High Value,One-time (1)
hjldqr9b,14.76,1,4,14.76,High Value,One-time (1)
hn3f9zxq,14.76,3,4,4.92,High Value,Occasional (2-3)
iim8wajh,14.76,1,6,14.76,High Value,One-time (1)
xfxrlxrj,14.76,1,3,14.76,High Value,One-time (1)
zxwkvcci,14.76,1,3,14.76,High Value,One-time (1)
9y3mehy1,14.76,1,4,14.76,High Value,One-time (1)
un8f8nnx,14.76,1,3,14.76,High Value,One-time (1)
9p018t1m,14.75,1,5,14.75,High Value,One-time (1)
2movs0cd,14.73,3,4,4.91,High Value,Occasional (2-3)
qik4x4bt,14.73,1,3,14.73,High Value,One-time (1)
21pk5ioi,14.73,1,3,14.73,High Value,One-time (1)
xs4m2rr3,14.73,1,3,14.73,High Value,One-time (1)
w2qtv9ol,14.73,1,3,14.73,High Value,One-time (1)
cnn7re3r,14.73,1,3,14.73,High Value,One-time (1)
x29z0s9e,14.73,1,3,14.73,High Value,One-time (1)
lyhhe9ag,14.73,1,3,14.73,High Value,One-time (1)
5tppkthk,14.73,1,3,14.73,High Value,One-time (1)
glppeafh,14.72,1,4,14.72,High Value,One-time (1)
i61cr197,14.72,1,3,14.72,High Value,One-time (1)
sn6a7ylh,14.72,1,4,14.72,High Value,One-time (1)
0a84zgf1,14.72,1,4,14.72,High Value,One-time (1)
ay2rsfy8,14.72,1,4,14.72,High Value,One-time (1)
45qype31,14.72,1,4,14.72,High Value,One-time (1)
j946khqs,14.7,1,1,14.7,High Value,One-time (1)
dzhm54sn,14.7,1,2,14.7,High Value,One-time (1)
bdxgrlid,14.7,1,1,14.7,High Value,One-time (1)
yv49qdo3,14.7,1,5,14.7,High Value,One-time (1)
5ajuzlni,14.7,1,1,14.7,High Value,One-time (1)
y7ulekve,14.7,1,2,14.7,High Value,One-time (1)
ogtw3a0r,14.7,1,3,14.7,High Value,One-time (1)
6v2m9eed,14.7,1,3,14.7,High Value,One-time (1)
2iu8douk,14.7,1,3,14.7,High Value,One-time (1)
hps0860p,14.7,1,1,14.7,High Value,One-time (1)
lukm2l0i,14.7,1,5,14.7,High Value,One-time (1)
iebc8afd,14.7,1,1,14.7,High Value,One-time (1)
8w242bdo,14.7,1,1,14.7,High Value,One-time (1)
btwpnz3w,14.7,1,2,14.7,High Value,One-time (1)
2dwrj974,14.7,1,2,14.7,High Value,One-time (1)
gwqr4vlx,14.68,1,4,14.68,High Value,One-time (1)
qz6l52y7,14.67,1,3,14.67,High Value,One-time (1)
exty0159,14.67,1,3,14.67,High Value,One-time (1)
vad51s97,14.67,1,3,14.67,High Value,One-time (1)
ah143vkv,14.67,1,3,14.67,High Value,One-time (1)
ky7rlvhx,14.67,1,3,14.67,High Value,One-time (1)
kmsa61o1,14.67,1,3,14.67,High Value,One-time (1)
c1d2i38b,14.67,1,3,14.67,High Value,One-time (1)
220lu373,14.67,1,3,14.67,High Value,One-time (1)
mckr1qhf,14.67,1,3,14.67,High Value,One-time (1)
sdocmo6w,14.67,1,3,14.67,High Value,One-time (1)
p7ex1293,14.67,1,3,14.67,High Value,One-time (1)
1mwatgis,14.67,1,3,14.67,High Value,One-time (1)
r4im5h10,14.67,1,3,14.67,High Value,One-time (1)
hmgoloqc,14.66,2,4,7.33,High Value,Occasional (2-3)
bmae38sr,14.66,2,4,7.33,High Value,Occasional (2-3)
vcpn1chs,14.65,1,5,14.65,High Value,One-time (1)
3xxk8xx6,14.65,1,5,14.65,High Value,One-time (1)
04jp8de8,14.65,1,5,14.65,High Value,One-time (1)
xfshwzsj,14.64,2,6,7.32,High Value,Occasional (2-3)
yg7sxd4s,14.6,1,5,14.6,High Value,One-time (1)
mcsh75uu,14.6,1,4,14.6,High Value,One-time (1)
ar0ko31n,14.58,1,3,14.58,High Value,One-time (1)
3prapm69,14.58,1,3,14.58,High Value,One-time (1)
u3jimojo,14.58,1,3,14.58,High Value,One-time (1)
6g19f0ds,14.58,1,3,14.58,High Value,One-time (1)
d4732gem,14.58,1,3,14.58,High Value,One-time (1)
e67g9cdr,14.58,1,3,14.58,High Value,One-time (1)
6eecrtvi,14.58,1,3,14.58,High Value,One-time (1)
ddz1xazf,14.58,1,1,14.58,High Value,One-time (1)
n25wm72q,14.58,1,3,14.58,High Value,One-time (1)
o7v1iz4j,14.57,2,3,7.285,High Value,Occasional (2-3)
gouh7oda,14.55,1,3,14.55,High Value,One-time (1)
jpxlvlb8,14.55,1,1,14.55,High Value,One-time (1)
nyhfggbj,14.55,1,1,14.55,High Value,One-time (1)
utv2vuuu,14.55,1,3,14.55,High Value,One-time (1)
icjkttdk,14.55,1,5,14.55,High Value,One-time (1)
orww1zqa,14.55,1,1,14.55,High Value,One-time (1)
kxru850o,14.55,1,1,14.55,High Value,One-time (1)
1lclqeml,14.55,1,3,14.55,High Value,One-time (1)
k2yuw1so,14.55,1,3,14.55,High Value,One-time (1)
v1mzb3i4,14.54,2,2,7.27,High Value,Occasional (2-3)
idfwa88d,14.51,3,5,4.836666666666667,High Value,Occasional (2-3)
tc37djpj,14.5,1,2,14.5,High Value,One-time (1)
gz108kqr,14.5,1,2,14.5,High Value,One-time (1)
5r13ckml,14.48,1,4,14.48,High Value,One-time (1)
p6suzvzy,14.46,1,3,14.46,High Value,One-time (1)
c6y5akgu,14.46,1,3,14.46,High Value,One-time (1)
jcat9mx2,14.440000000000001,2,5,7.220000000000001,High Value,Occasional (2-3)
oy4gnowv,14.44,1,4,14.44,High Value,One-time (1)
8obv8ire,14.44,1,4,14.44,High Value,One-time (1)
njdbjx3x,14.44,1,4,14.44,High Value,One-time (1)
jkq08jkz,14.44,1,3,14.44,High Value,One-time (1)
d4st32ag,14.44,1,4,14.44,High Value,One-time (1)
3yi0l0q1,14.43,1,3,14.43,High Value,One-time (1)
sxkjkmpl,14.43,2,3,7.215,High Value,Occasional (2-3)
muyi3loe,14.43,1,3,14.43,High Value,One-time (1)
d5ta1wnd,14.4,1,4,14.4,High Value,One-time (1)
swyfzdqy,14.4,1,3,14.4,High Value,One-time (1)
q356j0je,14.4,1,3,14.4,High Value,One-time (1)
wrjvrsm4,14.4,1,4,14.4,High Value,One-time (1)
l1ulja6i,14.4,1,4,14.4,High Value,One-time (1)
5tq9cbmn,14.4,1,3,14.4,High Value,One-time (1)
sypqr0vb,14.4,1,3,14.4,High Value,One-time (1)
dvvneb2e,14.4,1,4,14.4,High Value,One-time (1)
6d65p2ln,14.4,1,3,14.4,High Value,One-time (1)
7x0aey90,14.39,1,3,14.39,High Value,One-time (1)
u92t24d7,14.39,3,5,4.796666666666667,High Value,Occasional (2-3)
wshmlfzk,14.389999999999999,2,3,7.194999999999999,High Value,Occasional (2-3)
alui3yxp,14.37,1,3,14.37,High Value,One-time (1)
y0bhf0ri,14.350000000000001,3,4,4.783333333333334,High Value,Occasional (2-3)
ibib8i2i,14.34,1,6,14.34,High Value,One-time (1)
5z65nkdf,14.34,1,3,14.34,High Value,One-time (1)
qzd93tpo,14.34,1,3,14.34,High Value,One-time (1)
99jp9d2v,14.34,1,3,14.34,High Value,One-time (1)
4dzo3frc,14.34,1,3,14.34,High Value,One-time (1)
xxngafdo,14.34,1,3,14.34,High Value,One-time (1)
79kvls9m,14.34,2,4,7.17,High Value,Occasional (2-3)
4lur02ty,14.34,1,3,14.34,High Value,One-time (1)
2kqm69nx,14.33,1,2,14.33,High Value,One-time (1)
vhfepdlp,14.3,1,2,14.3,High Value,One-time (1)
9w1p5sar,14.3,1,2,14.3,High Value,One-time (1)
an0s7j1u,14.3,1,2,14.3,High Value,One-time (1)
wwiif86l,14.28,1,4,14.28,High Value,One-time (1)
z421p12r,14.28,1,6,14.28,High Value,One-time (1)
xgv7o2ou,14.28,1,6,14.28,High Value,One-time (1)
y5am47kt,14.28,1,4,14.28,High Value,One-time (1)
jcy127h6,14.27,3,4,4.756666666666667,High Value,Occasional (2-3)
tl7hwzms,14.26,1,1,14.26,High Value,One-time (1)
eqk4zs0m,14.26,1,1,14.26,High Value,One-time (1)
kolhcfjb,14.26,1,1,14.26,High Value,One-time (1)
p4db71kq,14.26,1,1,14.26,High Value,One-time (1)
xke5w5fw,14.26,1,1,14.26,High Value,One-time (1)
1xw8gzc6,14.26,1,1,14.26,High Value,One-time (1)
fmer30tx,14.25,1,3,14.25,High Value,One-time (1)
9snj1v8p,14.25,1,1,14.25,High Value,One-time (1)
xmrw4r6j,14.25,1,3,14.25,High Value,One-time (1)
a5i7gopb,14.25,1,1,14.25,High Value,One-time (1)
kbdoj2s1,14.25,1,1,14.25,High Value,One-time (1)
d0grvsnu,14.25,1,1,14.25,High Value,One-time (1)
j56494tp,14.25,1,1,14.25,High Value,One-time (1)
70s1f537,14.25,1,5,14.25,High Value,One-time (1)
zoztj8nz,14.25,1,1,14.25,High Value,One-time (1)
apgcd34t,14.25,1,3,14.25,High Value,One-time (1)
tuld4d7a,14.25,1,1,14.25,High Value,One-time (1)
y3s1zekt,14.25,1,1,14.25,High Value,One-time (1)
xbdbjvan,14.25,1,1,14.25,High Value,One-time (1)
pauqk1fw,14.25,1,1,14.25,High Value,One-time (1)
m9r2mc0f,14.25,1,3,14.25,High Value,One-time (1)
dpdyh5ds,14.25,1,1,14.25,High Value,One-time (1)
69gkpbnh,14.25,1,1,14.25,High Value,One-time (1)
h245kp48,14.25,1,1,14.25,High Value,One-time (1)
nasr6rgf,14.25,1,5,14.25,High Value,One-time (1)
d2pdijqp,14.25,1,3,14.25,High Value,One-time (1)
uk6fyhh5,14.25,1,1,14.25,High Value,One-time (1)
arca4ure,14.25,1,1,14.25,High Value,One-time (1)
qb09uw8p,14.25,1,1,14.25,High Value,One-time (1)
2pojc21h,14.25,1,1,14.25,High Value,One-time (1)
o5ero0qw,14.24,1,2,14.24,High Value,One-time (1)
u51g5715,14.22,1,3,14.22,High Value,One-time (1)
f3bf2vmc,14.22,1,3,14.22,High Value,One-time (1)
2mfaz6xv,14.22,1,4,14.22,High Value,One-time (1)
nq5x707s,14.22,1,3,14.22,High Value,One-time (1)
c99jxp4j,14.22,1,3,14.22,High Value,One-time (1)
d0h7vsw5,14.2,1,5,14.2,High Value,One-time (1)
9717ntut,14.2,1,5,14.2,High Value,One-time (1)
2fbkl9ky,14.2,1,5,14.2,High Value,One-time (1)
wcnkfhb7,14.19,2,3,7.095,High Value,Occasional (2-3)
08poicu5,14.17,1,4,14.17,High Value,One-time (1)
c746ngrp,14.15,1,5,14.15,High Value,One-time (1)
oy4e0dni,14.15,1,5,14.15,High Value,One-time (1)
a3qsg17e,14.14,1,1,14.14,High Value,One-time (1)
tze1z4kc,14.13,1,3,14.13,High Value,One-time (1)
qtoctyd5,14.13,1,3,14.13,High Value,One-time (1)
cshy2sd3,14.13,1,3,14.13,High Value,One-time (1)
gwieyhm4,14.13,1,3,14.13,High Value,One-time (1)
eg9kjgjt,14.13,1,3,14.13,High Value,One-time (1)
3n87mymr,14.12,1,4,14.12,High Value,One-time (1)
rj9i9les,14.12,1,3,14.12,High Value,One-time (1)
rx0gwhao,14.12,1,4,14.12,High Value,One-time (1)
6ava7124,14.12,1,4,14.12,High Value,One-time (1)
vph5p0h9,14.12,1,4,14.12,High Value,One-time (1)
yh36motc,14.11,2,4,7.055,High Value,Occasional (2-3)
u0fqnj8c,14.1,1,3,14.1,High Value,One-time (1)
hj0ftqy7,14.1,1,1,14.1,High Value,One-time (1)
k02igqkl,14.1,1,3,14.1,High Value,One-time (1)
bqd2ey7a,14.1,1,1,14.1,High Value,One-time (1)
nam148p0,14.1,1,1,14.1,High Value,One-time (1)
t5x4w3qn,14.1,1,1,14.1,High Value,One-time (1)
pzwzkt8v,14.1,1,3,14.1,High Value,One-time (1)
dcsjo5u8,14.1,1,3,14.1,High Value,One-time (1)
q7cymbmp,14.1,1,6,14.1,High Value,One-time (1)
qntcfhp3,14.1,1,3,14.1,High Value,One-time (1)
xlga3o50,14.1,1,3,14.1,High Value,One-time (1)
jmwqzdhy,14.1,1,1,14.1,High Value,One-time (1)
hp4asq1i,14.1,1,6,14.1,High Value,One-time (1)
ul7wj3a6,14.1,1,1,14.1,High Value,One-time (1)
uvr4z54k,14.1,1,1,14.1,High Value,One-time (1)
iwyszzi9,14.1,1,1,14.1,High Value,One-time (1)
yskq1p59,14.1,1,1,14.1,High Value,One-time (1)
whkaqlp9,14.1,1,1,14.1,High Value,One-time (1)
0yhl72b7,14.1,1,3,14.1,High Value,One-time (1)
04rtm317,14.1,1,6,14.1,High Value,One-time (1)
56lwjgvs,14.1,1,1,14.1,High Value,One-time (1)
nxx1djeg,14.1,1,1,14.1,High Value,One-time (1)
g93esrff,14.09,1,3,14.09,High Value,One-time (1)
6zhk8f0n,14.08,1,2,14.08,High Value,One-time (1)
pklj670l,14.08,2,5,7.04,High Value,Occasional (2-3)
qxpgdqo6,14.08,1,2,14.08,High Value,One-time (1)
pfb3hn14,14.079999999999998,2,3,7.039999999999999,High Value,Occasional (2-3)
ohe7ky87,14.06,2,3,7.03,High Value,Occasional (2-3)
93aczsx0,14.059999999999999,2,4,7.029999999999999,High Value,Occasional (2-3)
tu5ergq7,14.05,1,5,14.05,High Value,One-time (1)
j2d5wsr9,14.04,1,2,14.04,High Value,One-time (1)
alzkd0de,14.04,1,2,14.04,High Value,One-time (1)
r6f1lar0,14.04,1,2,14.04,High Value,One-time (1)
qxe3p68b,14.04,1,2,14.04,High Value,One-time (1)
ag0dnb5l,14.04,1,2,14.04,High Value,One-time (1)
qm092bim,14.04,1,2,14.04,High Value,One-time (1)
enm4m40c,14.04,1,2,14.04,High Value,One-time (1)
jnixu9u3,14.04,1,2,14.04,High Value,One-time (1)
hyvf59xx,14.04,1,2,14.04,High Value,One-time (1)
otiokybt,14.02,1,4,14.02,High Value,One-time (1)
u23nltip,14.02,1,4,14.02,High Value,One-time (1)
2nbg0da5,14.01,1,3,14.01,High Value,One-time (1)
tmtz2t6u,14.01,1,3,14.01,High Value,One-time (1)
0y3j2y2v,14.01,1,3,14.01,High Value,One-time (1)
ychdkaep,14.01,1,3,14.01,High Value,One-time (1)
wjtiqwnr,14.01,1,3,14.01,High Value,One-time (1)
70ig3ch1,14.01,1,3,14.01,High Value,One-time (1)
k3jxkeyp,14.01,1,3,14.01,High Value,One-time (1)
kepzhakc,14.0,1,4,14.0,High Value,One-time (1)
jlkv7kix,13.99,1,3,13.99,High Value,One-time (1)
c58cu47s,13.99,2,4,6.995,High Value,Occasional (2-3)
uke12h6g,13.98,1,3,13.98,High Value,One-time (1)
30cv89l6,13.98,1,3,13.98,High Value,One-time (1)
7scnq84j,13.98,1,3,13.98,High Value,One-time (1)
y6pdl8wb,13.98,1,3,13.98,High Value,One-time (1)
35jn2z8s,13.96,1,3,13.96,High Value,One-time (1)
5dsrbgic,13.96,1,1,13.96,High Value,One-time (1)
54dufgp3,13.96,1,4,13.96,High Value,One-time (1)
1anwpyt3,13.96,1,3,13.96,High Value,One-time (1)
aknscczo,13.96,1,5,13.96,High Value,One-time (1)
z9ii3kvo,13.96,1,4,13.96,High Value,One-time (1)
z05z7nju,13.96,1,3,13.96,High Value,One-time (1)
8ru9r75y,13.96,1,4,13.96,High Value,One-time (1)
y7g0tcpz,13.96,1,3,13.96,High Value,One-time (1)
wb2serev,13.95,2,4,6.975,High Value,Occasional (2-3)
cqy8nhf9,13.92,1,3,13.92,High Value,One-time (1)
o6l1f90s,13.92,1,3,13.92,High Value,One-time (1)
pwgxbeun,13.92,1,3,13.92,High Value,One-time (1)
emyz0h3v,13.9,1,5,13.9,High Value,One-time (1)
e1q5ms7u,13.899999999999999,3,5,4.633333333333333,High Value,Occasional (2-3)
5tao1cjf,13.89,2,3,6.945,High Value,Occasional (2-3)
c1h4j80r,13.88,1,2,13.88,High Value,One-time (1)
ht1j0wj6,13.88,1,2,13.88,High Value,One-time (1)
q6w96mve,13.88,1,2,13.88,High Value,One-time (1)
k0a6h32k,13.88,1,2,13.88,High Value,One-time (1)
qesux9l0,13.88,2,4,6.94,High Value,Occasional (2-3)
sc41iasw,13.88,1,2,13.88,High Value,One-time (1)
orl76xxh,13.86,1,4,13.86,High Value,One-time (1)
jt2zwepr,13.86,1,2,13.86,High Value,One-time (1)
uezym50o,13.86,1,2,13.86,High Value,One-time (1)
f4s2ni8t,13.86,4,4,3.465,High Value,Frequent (4-7)
at9c4ovl,13.86,1,2,13.86,High Value,One-time (1)
7owkgt9x,13.86,1,3,13.86,High Value,One-time (1)
ud0agfbf,13.86,1,3,13.86,High Value,One-time (1)
6bi3nlq9,13.84,1,4,13.84,High Value,One-time (1)
gy6qcaq1,13.83,1,3,13.83,High Value,One-time (1)
nd9yy0vs,13.83,1,3,13.83,High Value,One-time (1)
7fxx44xc,13.83,1,3,13.83,High Value,One-time (1)
yl5ons6l,13.83,1,3,13.83,High Value,One-time (1)
c51o0bn4,13.83,1,3,13.83,High Value,One-time (1)
rb9qvxq6,13.83,1,3,13.83,High Value,One-time (1)
1vp76c2s,13.83,1,3,13.83,High Value,One-time (1)
lqn92kf3,13.83,1,3,13.83,High Value,One-time (1)
rge9ks98,13.82,1,1,13.82,High Value,One-time (1)
wpjmdecd,13.82,1,1,13.82,High Value,One-time (1)
1dnkoq3b,13.82,1,1,13.82,High Value,One-time (1)
l90vnrop,13.8,1,1,13.8,High Value,One-time (1)
lbnzms0j,13.8,1,2,13.8,High Value,One-time (1)
vhnzmz2t,13.8,1,1,13.8,High Value,One-time (1)
4nmu0mh7,13.8,1,1,13.8,High Value,One-time (1)
rx8j3gcp,13.8,1,4,13.8,High Value,One-time (1)
wl3q92lb,13.8,1,3,13.8,High Value,One-time (1)
tll20bzs,13.8,1,1,13.8,High Value,One-time (1)
163kq3uh,13.8,1,2,13.8,High Value,One-time (1)
s313qtdp,13.8,1,1,13.8,High Value,One-time (1)
woje6wz0,13.8,1,2,13.8,High Value,One-time (1)
wubq47wb,13.8,1,4,13.8,High Value,One-time (1)
vu0vw2h3,13.8,1,1,13.8,High Value,One-time (1)
jrxaz645,13.8,1,6,13.8,High Value,One-time (1)
qa2ytlg0,13.8,1,1,13.8,High Value,One-time (1)
mpa7dzvh,13.8,1,3,13.8,High Value,One-time (1)
z6tpnjao,13.8,1,1,13.8,High Value,One-time (1)
yotm6q29,13.8,1,4,13.8,High Value,One-time (1)
usdzahqd,13.8,1,3,13.8,High Value,One-time (1)
ckca0oeh,13.8,1,1,13.8,High Value,One-time (1)
5xr82wvr,13.8,1,4,13.8,High Value,One-time (1)
zyanh6h2,13.8,1,6,13.8,High Value,One-time (1)
mx7itr7z,13.8,1,6,13.8,High Value,One-time (1)
msj9isbb,13.8,1,1,13.8,High Value,One-time (1)
11qh44gi,13.8,1,1,13.8,High Value,One-time (1)
438rdr3c,13.8,1,2,13.8,High Value,One-time (1)
2dd8djac,13.8,1,1,13.8,High Value,One-time (1)
7eh7xb5w,13.8,1,1,13.8,High Value,One-time (1)
v5ga70vg,13.8,1,1,13.8,High Value,One-time (1)
r567fcp4,13.8,1,4,13.8,High Value,One-time (1)
t7em57ay,13.8,1,1,13.8,High Value,One-time (1)
btons8cr,13.8,1,2,13.8,High Value,One-time (1)
e05hdjbg,13.8,1,1,13.8,High Value,One-time (1)
llz1tdc0,13.8,1,4,13.8,High Value,One-time (1)
4ajwd9p1,13.8,1,1,13.8,High Value,One-time (1)
nmnr06dj,13.8,1,5,13.8,High Value,One-time (1)
ph9g276b,13.8,1,3,13.8,High Value,One-time (1)
vy4v3h3h,13.8,1,1,13.8,High Value,One-time (1)
vctvl1pg,13.8,1,4,13.8,High Value,One-time (1)
3ep5q49i,13.8,1,1,13.8,High Value,One-time (1)
r7bnx0g9,13.8,1,3,13.8,High Value,One-time (1)
y8umnw6l,13.8,1,1,13.8,High Value,One-time (1)
03x9nf2b,13.76,1,2,13.76,High Value,One-time (1)
utkoe252,13.76,1,2,13.76,High Value,One-time (1)
uzlbpkhx,13.76,1,2,13.76,High Value,One-time (1)
c8lbzd2l,13.76,1,2,13.76,High Value,One-time (1)
adeek6rw,13.76,1,4,13.76,High Value,One-time (1)
38kqmdgx,13.76,1,2,13.76,High Value,One-time (1)
ygqw6119,13.76,1,2,13.76,High Value,One-time (1)
kpavunpz,13.76,1,4,13.76,High Value,One-time (1)
hn5u3tmg,13.75,1,5,13.75,High Value,One-time (1)
x6a5h3kk,13.75,1,5,13.75,High Value,One-time (1)
hh4yhn3g,13.75,1,5,13.75,High Value,One-time (1)
vrctlt4q,13.75,4,6,3.4375,High Value,Frequent (4-7)
aud9k9tr,13.73,2,2,6.865,High Value,Occasional (2-3)
53egdd8m,13.729999999999999,2,3,6.864999999999999,High Value,Occasional (2-3)
gxb3dieb,13.72,1,4,13.72,High Value,One-time (1)
xyphwhm5,13.719999999999999,2,2,6.859999999999999,High Value,Occasional (2-3)
y8n1utox,13.71,2,4,6.855,High Value,Occasional (2-3)
rupflfcy,13.690000000000001,2,3,6.845000000000001,High Value,Occasional (2-3)
fbuwchob,13.68,1,1,13.68,High Value,One-time (1)
u8kebxuk,13.68,1,1,13.68,High Value,One-time (1)
mq3huary,13.68,1,4,13.68,High Value,One-time (1)
9unn4g4q,13.68,1,3,13.68,High Value,One-time (1)
bnd1qg7x,13.68,1,3,13.68,High Value,One-time (1)
c1m3o55i,13.68,2,6,6.84,High Value,Occasional (2-3)
b42b94mq,13.68,1,4,13.68,High Value,One-time (1)
4p76zlee,13.66,1,3,13.66,High Value,One-time (1)
1gwgml36,13.66,1,3,13.66,High Value,One-time (1)
q1v4i82l,13.66,1,3,13.66,High Value,One-time (1)
rz16ocei,13.66,1,3,13.66,High Value,One-time (1)
7ln23y30,13.64,1,4,13.64,High Value,One-time (1)
2c7ypua2,13.62,1,2,13.62,High Value,One-time (1)
spgn52rl,13.62,1,2,13.62,High Value,One-time (1)
3g1oesy2,13.62,1,2,13.62,High Value,One-time (1)
5uo8vqgx,13.62,1,3,13.62,High Value,One-time (1)
rk5qrl7j,13.61,1,4,13.61,High Value,One-time (1)
q7tqins3,13.6,1,4,13.6,High Value,One-time (1)
fxi1iyd2,13.6,1,2,13.6,High Value,One-time (1)
3ccemujx,13.6,1,4,13.6,High Value,One-time (1)
zoip0ahf,13.6,1,2,13.6,High Value,One-time (1)
b1woh1sm,13.6,1,2,13.6,High Value,One-time (1)
ngpk6wvn,13.6,1,2,13.6,High Value,One-time (1)
t5h7m17e,13.6,1,4,13.6,High Value,One-time (1)
mioopjh5,13.6,1,5,13.6,High Value,One-time (1)
5fum6055,13.6,1,2,13.6,High Value,One-time (1)
v6cwkmdf,13.6,1,2,13.6,High Value,One-time (1)
6ad1ymsa,13.6,1,2,13.6,High Value,One-time (1)
caryjqtr,13.6,1,2,13.6,High Value,One-time (1)
ymyrsvzn,13.58,2,4,6.79,High Value,Occasional (2-3)
6ka0hmwz,13.57,1,4,13.57,High Value,One-time (1)
fjqelbnx,13.57,1,4,13.57,High Value,One-time (1)
xyef9sh1,13.57,1,4,13.57,High Value,One-time (1)
0fsfr5qq,13.56,1,4,13.56,High Value,One-time (1)
daqq1bq5,13.55,1,1,13.55,High Value,One-time (1)
67j2dg1w,13.540000000000001,3,4,4.513333333333334,High Value,Occasional (2-3)
rmhrcnbh,13.530000000000001,2,4,6.765000000000001,High Value,Occasional (2-3)
b675xdom,13.53,1,3,13.53,High Value,One-time (1)
z6evudj8,13.53,1,3,13.53,High Value,One-time (1)
ng8cze5o,13.53,1,3,13.53,High Value,One-time (1)
n0n8pcw6,13.53,1,3,13.53,High Value,One-time (1)
duryzrht,13.53,1,3,13.53,High Value,One-time (1)
hl65f2ww,13.53,1,3,13.53,High Value,One-time (1)
xfreh5ew,13.53,1,3,13.53,High Value,One-time (1)
5rh8lx6d,13.53,1,3,13.53,High Value,One-time (1)
22lsis51,13.53,1,3,13.53,High Value,One-time (1)
kwmtkeiv,13.53,1,3,13.53,High Value,One-time (1)
fz64fby6,13.53,1,3,13.53,High Value,One-time (1)
lnnlf8cz,13.53,1,3,13.53,High Value,One-time (1)
y1nuvlmn,13.53,1,3,13.53,High Value,One-time (1)
c4q0ds2v,13.53,1,3,13.53,High Value,One-time (1)
lau7atl6,13.53,1,3,13.53,High Value,One-time (1)
9mqqz3ef,13.53,1,2,13.53,High Value,One-time (1)
vfwwhdyr,13.52,1,4,13.52,High Value,One-time (1)
esl7dox2,13.52,1,4,13.52,High Value,One-time (1)
clfb51gg,13.52,1,4,13.52,High Value,One-time (1)
a9lwfttx,13.5,1,3,13.5,High Value,One-time (1)
l68ntk63,13.5,1,3,13.5,High Value,One-time (1)
7f27wkyr,13.5,1,1,13.5,High Value,One-time (1)
gfalqkxw,13.5,1,3,13.5,High Value,One-time (1)
nsxjkpfb,13.5,1,3,13.5,High Value,One-time (1)
rmr56kh3,13.5,1,5,13.5,High Value,One-time (1)
fdpqfvyx,13.5,1,3,13.5,High Value,One-time (1)
o6bgpt8l,13.5,1,3,13.5,High Value,One-time (1)
l37ov65x,13.49,1,4,13.49,High Value,One-time (1)
jzrgh4bl,13.49,1,3,13.49,High Value,One-time (1)
wgfsih1u,13.48,1,2,13.48,High Value,One-time (1)
tey8uknr,13.48,1,2,13.48,High Value,One-time (1)
3rng3gzy,13.48,1,2,13.48,High Value,One-time (1)
qmolkifa,13.44,1,2,13.44,High Value,One-time (1)
zs55rbat,13.44,1,3,13.44,High Value,One-time (1)
j4bwcht8,13.44,1,2,13.44,High Value,One-time (1)
tsra6kh9,13.44,1,2,13.44,High Value,One-time (1)
lkvt5vym,13.44,1,2,13.44,High Value,One-time (1)
7jd24ah9,13.42,1,3,13.42,High Value,One-time (1)
js1i0ou9,13.41,1,3,13.41,High Value,One-time (1)
wwp82qzt,13.41,2,4,6.705,High Value,Occasional (2-3)
51zoge6v,13.4,1,5,13.4,High Value,One-time (1)
3lcovzbv,13.4,1,4,13.4,High Value,One-time (1)
9mwesr90,13.4,1,4,13.4,High Value,One-time (1)
6usgheeb,13.4,1,5,13.4,High Value,One-time (1)
zkmw4mj8,13.39,1,1,13.39,High Value,One-time (1)
i9y9l9pw,13.39,1,1,13.39,High Value,One-time (1)
72l43bs7,13.38,1,3,13.38,High Value,One-time (1)
d56ungf0,13.38,1,3,13.38,High Value,One-time (1)
7sys0mfs,13.38,1,3,13.38,High Value,One-time (1)
9qz3q045,13.38,1,3,13.38,High Value,One-time (1)
n9501ilv,13.38,1,3,13.38,High Value,One-time (1)
1xgql16x,13.38,1,3,13.38,High Value,One-time (1)
26yiycax,13.38,1,3,13.38,High Value,One-time (1)
74x2ek3z,13.38,1,3,13.38,High Value,One-time (1)
ylccm3q4,13.38,1,3,13.38,High Value,One-time (1)
emz3oz8a,13.38,1,3,13.38,High Value,One-time (1)
fnf6gygg,13.37,1,3,13.37,High Value,One-time (1)
sf0gnzoq,13.37,1,5,13.37,High Value,One-time (1)
1mv9ex1y,13.35,1,5,13.35,High Value,One-time (1)
tempxkc5,13.35,1,5,13.35,High Value,One-time (1)
uqkk5qob,13.35,1,5,13.35,High Value,One-time (1)
audksdmc,13.32,1,4,13.32,High Value,One-time (1)
soyg9zqy,13.3,2,4,6.65,High Value,Occasional (2-3)
8kjlnxex,13.28,1,4,13.28,High Value,One-time (1)
o7bo45jn,13.28,1,4,13.28,High Value,One-time (1)
h3yc922e,13.28,1,4,13.28,High Value,One-time (1)
ixbv6njk,13.28,1,6,13.28,High Value,One-time (1)
d0rieish,13.28,1,4,13.28,High Value,One-time (1)
c1kem01w,13.28,1,4,13.28,High Value,One-time (1)
b470soqi,13.28,1,4,13.28,High Value,One-time (1)
13i4e4yb,13.28,1,4,13.28,High Value,One-time (1)
djwy5ojs,13.28,1,4,13.28,High Value,One-time (1)
97ii6zgm,13.28,1,4,13.28,High Value,One-time (1)
b1998r4i,13.28,1,4,13.28,High Value,One-time (1)
0y0ue05d,13.26,1,3,13.26,High Value,One-time (1)
fmqma1sx,13.26,1,3,13.26,High Value,One-time (1)
mj00udii,13.26,1,3,13.26,High Value,One-time (1)
d8xc05u8,13.26,1,3,13.26,High Value,One-time (1)
he8kg6q2,13.26,1,3,13.26,High Value,One-time (1)
li8zsfh4,13.26,1,3,13.26,High Value,One-time (1)
uqaaj84r,13.26,3,3,4.42,High Value,Occasional (2-3)
jmkjlndi,13.26,1,3,13.26,High Value,One-time (1)
qyev7lfi,13.26,1,3,13.26,High Value,One-time (1)
3p782mnb,13.26,1,3,13.26,High Value,One-time (1)
lz5qop0h,13.24,1,4,13.24,High Value,One-time (1)
l26g5bwn,13.24,1,4,13.24,High Value,One-time (1)
zltqo5hj,13.24,1,4,13.24,High Value,One-time (1)
gl6u90lc,13.24,1,4,13.24,High Value,One-time (1)
praupy4h,13.24,1,4,13.24,High Value,One-time (1)
gnym96fa,13.23,1,3,13.23,High Value,One-time (1)
z79hqtyl,13.23,1,3,13.23,High Value,One-time (1)
fd9irgav,13.23,1,3,13.23,High Value,One-time (1)
rx3u9e9l,13.23,1,5,13.23,High Value,One-time (1)
khnn5jo4,13.23,1,3,13.23,High Value,One-time (1)
ggor8j0e,13.23,1,3,13.23,High Value,One-time (1)
6vztokk4,13.23,1,3,13.23,High Value,One-time (1)
9ic36hca,13.23,1,3,13.23,High Value,One-time (1)
bhuiu30y,13.23,1,3,13.23,High Value,One-time (1)
qcccrw99,13.23,1,3,13.23,High Value,One-time (1)
sdetn3ho,13.23,1,3,13.23,High Value,One-time (1)
v4w0sbnb,13.2,1,3,13.2,High Value,One-time (1)
2ctegu8p,13.2,1,6,13.2,High Value,One-time (1)
ldhygbtj,13.2,1,5,13.2,High Value,One-time (1)
9cwu77t7,13.2,1,4,13.2,High Value,One-time (1)
948ju63l,13.2,2,6,6.6,High Value,Occasional (2-3)
ang4ukpl,13.2,1,1,13.2,High Value,One-time (1)
c6olkeas,13.2,1,3,13.2,High Value,One-time (1)
d1eie6ak,13.2,1,2,13.2,High Value,One-time (1)
du0isb5i,13.2,1,2,13.2,High Value,One-time (1)
aasipnrc,13.2,1,2,13.2,High Value,One-time (1)
lmfstytl,13.2,1,2,13.2,High Value,One-time (1)
1cdo05mx,13.2,1,3,13.2,High Value,One-time (1)
hfrrcv1e,13.2,1,2,13.2,High Value,One-time (1)
ipct6c0b,13.2,1,3,13.2,High Value,One-time (1)
xpudc62g,13.2,1,5,13.2,High Value,One-time (1)
3pt5r5rc,13.2,1,2,13.2,High Value,One-time (1)
cll91p2x,13.2,1,1,13.2,High Value,One-time (1)
50knxsdz,13.2,1,3,13.2,High Value,One-time (1)
nf1mkgp8,13.2,1,3,13.2,High Value,One-time (1)
ktr140qa,13.2,1,2,13.2,High Value,One-time (1)
64l9hbba,13.2,1,2,13.2,High Value,One-time (1)
z2p4xbwy,13.2,1,4,13.2,High Value,One-time (1)
d2ctu632,13.2,1,3,13.2,High Value,One-time (1)
hxrwy8pz,13.2,1,3,13.2,High Value,One-time (1)
uc7m077u,13.2,1,1,13.2,High Value,One-time (1)
x6lk1guy,13.2,1,2,13.2,High Value,One-time (1)
gl769yjx,13.2,1,2,13.2,High Value,One-time (1)
zbv6xa60,13.2,1,3,13.2,High Value,One-time (1)
0azaihzf,13.19,1,5,13.19,High Value,One-time (1)
asf5ehlh,13.169999999999998,3,3,4.39,High Value,Occasional (2-3)
ry3igwey,13.16,2,4,6.58,High Value,Occasional (2-3)
rontdi9o,13.16,2,4,6.58,High Value,Occasional (2-3)
985vdkpl,13.12,1,4,13.12,High Value,One-time (1)
gwcdqr1r,13.12,1,4,13.12,High Value,One-time (1)
3o0rmhb2,13.12,1,4,13.12,High Value,One-time (1)
0aqda53b,13.12,1,4,13.12,High Value,One-time (1)
1lg85e31,13.12,1,4,13.12,High Value,One-time (1)
dqz05ev5,13.12,1,4,13.12,High Value,One-time (1)
4emczt7w,13.12,1,4,13.12,High Value,One-time (1)
ao9vjll4,13.12,1,4,13.12,High Value,One-time (1)
4bidsrvp,13.12,1,4,13.12,High Value,One-time (1)
nwwc34wb,13.12,1,4,13.12,High Value,One-time (1)
jn4izwgj,13.12,1,4,13.12,High Value,One-time (1)
9ggm8j8y,13.11,1,3,13.11,High Value,One-time (1)
l6z01ogz,13.11,1,3,13.11,High Value,One-time (1)
1ve6uaa3,13.11,1,3,13.11,High Value,One-time (1)
r1oicx9n,13.11,1,3,13.11,High Value,One-time (1)
27l2s3sj,13.11,1,3,13.11,High Value,One-time (1)
665x9lfz,13.11,1,3,13.11,High Value,One-time (1)
a93xg6yz,13.11,1,3,13.11,High Value,One-time (1)
w6fvfgee,13.11,1,3,13.11,High Value,One-time (1)
cttqwlme,13.11,1,3,13.11,High Value,One-time (1)
p03vtm3f,13.11,1,3,13.11,High Value,One-time (1)
zxfif9ib,13.11,1,3,13.11,High Value,One-time (1)
igmg55ct,13.11,1,3,13.11,High Value,One-time (1)
4z3cdo4w,13.11,1,3,13.11,High Value,One-time (1)
n1tf3fmq,13.11,1,3,13.11,High Value,One-time (1)
f079gkdf,13.11,1,3,13.11,High Value,One-time (1)
1d5q4o72,13.11,1,3,13.11,High Value,One-time (1)
xknncyhb,13.11,1,3,13.11,High Value,One-time (1)
dt3ie759,13.11,1,3,13.11,High Value,One-time (1)
g9k30cms,13.1,1,5,13.1,High Value,One-time (1)
z5ta0ib2,13.1,1,5,13.1,High Value,One-time (1)
7xl7l72v,13.1,1,1,13.1,High Value,One-time (1)
7gpvgj7f,13.1,1,5,13.1,High Value,One-time (1)
9yt1s4ji,13.06,1,2,13.06,High Value,One-time (1)
jm9gkutc,13.05,1,5,13.05,High Value,One-time (1)
06hmq31y,13.01,1,3,13.01,High Value,One-time (1)
bf0ltowk,13.01,1,3,13.01,High Value,One-time (1)
n3b8pfy4,13.0,2,5,6.5,High Value,Occasional (2-3)
zk59aks7,13.0,1,2,13.0,High Value,One-time (1)
uykiazyr,13.0,1,2,13.0,High Value,One-time (1)
et6hp5pe,13.0,1,2,13.0,High Value,One-time (1)
qdy2cxgf,13.0,1,2,13.0,High Value,One-time (1)
cc23xb8m,13.0,1,2,13.0,High Value,One-time (1)
6isag8u6,13.0,1,2,13.0,High Value,One-time (1)
jg06r99h,13.0,1,2,13.0,High Value,One-time (1)
gc0idhv5,13.0,1,2,13.0,High Value,One-time (1)
k2qio2up,13.0,1,2,13.0,High Value,One-time (1)
8o8g8hzm,13.0,1,2,13.0,High Value,One-time (1)
jbfrkn7m,13.0,1,3,13.0,High Value,One-time (1)
r0xafgov,13.0,1,2,13.0,High Value,One-time (1)
7n9g4e01,13.0,1,2,13.0,High Value,One-time (1)
49sm9bhc,12.99,1,3,12.99,High Value,One-time (1)
oq42s2ax,12.96,1,3,12.96,High Value,One-time (1)
c12m9mtq,12.96,1,3,12.96,High Value,One-time (1)
dxo9nyd5,12.96,1,3,12.96,High Value,One-time (1)
w5ont8re,12.96,1,1,12.96,High Value,One-time (1)
x4nadp5m,12.96,1,3,12.96,High Value,One-time (1)
ceo80tdz,12.96,1,2,12.96,High Value,One-time (1)
qvi0x76u,12.96,1,4,12.96,High Value,One-time (1)
shw8123x,12.96,1,3,12.96,High Value,One-time (1)
6aqpkyks,12.96,1,4,12.96,High Value,One-time (1)
lx0qyj98,12.96,1,2,12.96,High Value,One-time (1)
0mlz1axo,12.96,1,1,12.96,High Value,One-time (1)
hhu8ww15,12.96,1,3,12.96,High Value,One-time (1)
8k6rmndd,12.96,1,2,12.96,High Value,One-time (1)
oxauzu9m,12.96,1,3,12.96,High Value,One-time (1)
57n1da1b,12.96,1,1,12.96,High Value,One-time (1)
ojrh58ow,12.96,1,2,12.96,High Value,One-time (1)
o8c2arum,12.96,1,3,12.96,High Value,One-time (1)
ktfxbwjs,12.96,1,3,12.96,High Value,One-time (1)
ugyt0eed,12.96,1,3,12.96,High Value,One-time (1)
m35vz8ir,12.96,1,1,12.96,High Value,One-time (1)
i7dlfus3,12.96,1,1,12.96,High Value,One-time (1)
7zruhxn0,12.96,1,3,12.96,High Value,One-time (1)
zinle7go,12.96,1,3,12.96,High Value,One-time (1)
pslg8zqu,12.96,1,3,12.96,High Value,One-time (1)
ifj11eox,12.96,1,3,12.96,High Value,One-time (1)
812ua0qk,12.96,1,6,12.96,High Value,One-time (1)
47zynmxc,12.96,1,1,12.96,High Value,One-time (1)
vpgbdlah,12.96,1,3,12.96,High Value,One-time (1)
2330ixwb,12.96,1,2,12.96,High Value,One-time (1)
e6v85pr3,12.96,1,3,12.96,High Value,One-time (1)
optuz0d5,12.96,1,3,12.96,High Value,One-time (1)
8ce4wco1,12.96,1,3,12.96,High Value,One-time (1)
wwbvwhit,12.96,1,3,12.96,High Value,One-time (1)
aw9qnkws,12.96,1,1,12.96,High Value,One-time (1)
4uh4vonx,12.96,1,3,12.96,High Value,One-time (1)
4trjqoop,12.96,1,1,12.96,High Value,One-time (1)
y4tee6dd,12.96,1,1,12.96,High Value,One-time (1)
2oatz3d3,12.96,1,3,12.96,High Value,One-time (1)
maazxdec,12.96,1,2,12.96,High Value,One-time (1)
0oeatpm5,12.96,1,3,12.96,High Value,One-time (1)
a410m0vu,12.96,1,2,12.96,High Value,One-time (1)
1ko6xnqx,12.96,1,3,12.96,High Value,One-time (1)
00h507qx,12.96,1,1,12.96,High Value,One-time (1)
rypbedrg,12.96,1,1,12.96,High Value,One-time (1)
rpnrfpji,12.96,1,3,12.96,High Value,One-time (1)
g87rurzk,12.96,1,4,12.96,High Value,One-time (1)
6vpxvgb5,12.96,1,3,12.96,High Value,One-time (1)
m26zjkj1,12.96,1,3,12.96,High Value,One-time (1)
r69xdtvm,12.96,1,4,12.96,High Value,One-time (1)
hcrrmq8t,12.96,1,4,12.96,High Value,One-time (1)
bch4j2lf,12.96,1,4,12.96,High Value,One-time (1)
hmng8fg2,12.96,1,3,12.96,High Value,One-time (1)
wz398s17,12.96,1,1,12.96,High Value,One-time (1)
01uo58q1,12.96,1,3,12.96,High Value,One-time (1)
mjsrd9q4,12.94,3,4,4.3133333333333335,High Value,Occasional (2-3)
gixwoiew,12.93,1,3,12.93,High Value,One-time (1)
1zhzr9m6,12.92,1,4,12.92,High Value,One-time (1)
gaxhsazf,12.87,1,3,12.87,High Value,One-time (1)
guo8i5jw,12.86,2,5,6.43,High Value,Occasional (2-3)
t8mlal8l,12.85,1,5,12.85,High Value,One-time (1)
h3pqo409,12.85,1,6,12.85,High Value,One-time (1)
0whtkzyc,12.84,1,3,12.84,High Value,One-time (1)
ktfwj0y2,12.84,1,4,12.84,High Value,One-time (1)
v2vdq48d,12.84,1,3,12.84,High Value,One-time (1)
d0jntrki,12.84,1,4,12.84,High Value,One-time (1)
3mozbwzd,12.84,1,3,12.84,High Value,One-time (1)
y0d89ra2,12.84,1,3,12.84,High Value,One-time (1)
v8zzyh9z,12.84,1,3,12.84,High Value,One-time (1)
75trpm2z,12.84,1,3,12.84,High Value,One-time (1)
yaedlbgq,12.81,1,3,12.81,High Value,One-time (1)
5waisgnf,12.81,1,3,12.81,High Value,One-time (1)
nbsnr1lw,12.81,1,3,12.81,High Value,One-time (1)
t5iw1x0c,12.81,1,3,12.81,High Value,One-time (1)
m5qykjf8,12.81,1,3,12.81,High Value,One-time (1)
p935xi9x,12.81,1,3,12.81,High Value,One-time (1)
qy7za2j0,12.81,1,3,12.81,High Value,One-time (1)
m7b40648,12.81,1,3,12.81,High Value,One-time (1)
spa2rz6b,12.81,1,3,12.81,High Value,One-time (1)
3qlx3f2x,12.809999999999999,3,4,4.27,High Value,Occasional (2-3)
tupj459u,12.8,1,4,12.8,High Value,One-time (1)
adcx9852,12.8,1,4,12.8,High Value,One-time (1)
3ofp5b7z,12.8,1,2,12.8,High Value,One-time (1)
arxy0dj4,12.8,1,2,12.8,High Value,One-time (1)
sr3ebfxl,12.8,1,4,12.8,High Value,One-time (1)
9lrkef2g,12.8,1,4,12.8,High Value,One-time (1)
dsuyqu3c,12.8,1,1,12.8,High Value,One-time (1)
6fwtv1dj,12.8,1,1,12.8,High Value,One-time (1)
8lymj1qi,12.8,1,2,12.8,High Value,One-time (1)
pbomvob2,12.8,1,1,12.8,High Value,One-time (1)
fdmxqqf4,12.8,1,1,12.8,High Value,One-time (1)
ag8rosu4,12.8,1,2,12.8,High Value,One-time (1)
hacvl54o,12.8,1,4,12.8,High Value,One-time (1)
11cjx2tr,12.8,1,2,12.8,High Value,One-time (1)
r0ukswl9,12.8,1,1,12.8,High Value,One-time (1)
fdxk31wb,12.8,1,5,12.8,High Value,One-time (1)
po9z8tp0,12.8,1,1,12.8,High Value,One-time (1)
ozy82ntp,12.8,1,2,12.8,High Value,One-time (1)
sedlrs7k,12.8,1,1,12.8,High Value,One-time (1)
mm399vrk,12.8,1,1,12.8,High Value,One-time (1)
k1kfn8yt,12.78,1,3,12.78,High Value,One-time (1)
5sczm08y,12.78,1,3,12.78,High Value,One-time (1)
av8fmqry,12.78,1,3,12.78,High Value,One-time (1)
mvihcwi6,12.78,1,3,12.78,High Value,One-time (1)
8uwlqzao,12.78,1,3,12.78,High Value,One-time (1)
7uri15cg,12.78,1,3,12.78,High Value,One-time (1)
nkw216k7,12.78,1,3,12.78,High Value,One-time (1)
d1tmj4r3,12.78,1,3,12.78,High Value,One-time (1)
6hfd7ltt,12.77,2,2,6.385,High Value,Occasional (2-3)
nh0vbo4o,12.76,1,4,12.76,High Value,One-time (1)
extc6ocq,12.76,1,4,12.76,High Value,One-time (1)
cqa86d7w,12.75,1,1,12.75,High Value,One-time (1)
c4e6lp0f,12.75,1,1,12.75,High Value,One-time (1)
0qi4o2qc,12.75,1,1,12.75,High Value,One-time (1)
h1wuxspy,12.75,1,5,12.75,High Value,One-time (1)
km1f8ivn,12.75,1,1,12.75,High Value,One-time (1)
5mc394ef,12.75,1,1,12.75,High Value,One-time (1)
tqgtgcf4,12.75,1,5,12.75,High Value,One-time (1)
pwh0mx1e,12.75,1,1,12.75,High Value,One-time (1)
ww5b5ab0,12.75,1,5,12.75,High Value,One-time (1)
qb8nhy1x,12.75,1,1,12.75,High Value,One-time (1)
r551npj2,12.75,1,1,12.75,High Value,One-time (1)
6ufoz1y2,12.75,1,1,12.75,High Value,One-time (1)
wvznvnq9,12.75,1,1,12.75,High Value,One-time (1)
rgz99rlo,12.75,1,1,12.75,High Value,One-time (1)
8x4tlj2o,12.75,1,3,12.75,High Value,One-time (1)
9gwouynw,12.74,1,2,12.74,High Value,One-time (1)
rtplep0z,12.74,1,2,12.74,High Value,One-time (1)
gx662ola,12.74,1,2,12.74,High Value,One-time (1)
srp9gljv,12.74,1,2,12.74,High Value,One-time (1)
2cpkfk90,12.74,1,2,12.74,High Value,One-time (1)
8dtvea56,12.74,1,2,12.74,High Value,One-time (1)
ybzc4wkq,12.74,1,2,12.74,High Value,One-time (1)
syqbbpkm,12.74,1,2,12.74,High Value,One-time (1)
lglbuwkl,12.74,1,2,12.74,High Value,One-time (1)
dna1c3cj,12.72,1,3,12.72,High Value,One-time (1)
jq9b3ba6,12.72,1,3,12.72,High Value,One-time (1)
4xczx467,12.72,1,3,12.72,High Value,One-time (1)
8xiikyei,12.72,1,3,12.72,High Value,One-time (1)
6z80hfzp,12.72,1,4,12.72,High Value,One-time (1)
31f2lqno,12.72,1,3,12.72,High Value,One-time (1)
wdrkupcj,12.72,1,3,12.72,High Value,One-time (1)
nx6vyn0l,12.72,1,3,12.72,High Value,One-time (1)
oc6ahdge,12.7,1,5,12.7,High Value,One-time (1)
s9ep0mow,12.7,1,5,12.7,High Value,One-time (1)
oumqxyb7,12.7,1,5,12.7,High Value,One-time (1)
qdzwnf16,12.7,1,5,12.7,High Value,One-time (1)
sf2t8k6k,12.69,1,3,12.69,High Value,One-time (1)
2vrswlui,12.69,1,3,12.69,High Value,One-time (1)
rcrgr29j,12.69,1,3,12.69,High Value,One-time (1)
yows8fng,12.69,1,3,12.69,High Value,One-time (1)
8aqoxlpd,12.69,1,3,12.69,High Value,One-time (1)
kifzk8je,12.69,1,3,12.69,High Value,One-time (1)
hmvuc7rw,12.69,1,3,12.69,High Value,One-time (1)
zqmmhqu2,12.69,1,3,12.69,High Value,One-time (1)
dc3t25p4,12.69,1,3,12.69,High Value,One-time (1)
t7faxrqk,12.69,1,3,12.69,High Value,One-time (1)
wb8w9bww,12.69,1,3,12.69,High Value,One-time (1)
cvtga6ke,12.69,1,3,12.69,High Value,One-time (1)
qsfuzyzv,12.69,1,3,12.69,High Value,One-time (1)
7hme6p4n,12.68,2,4,6.34,High Value,Occasional (2-3)
9uu9xjgw,12.68,1,4,12.68,High Value,One-time (1)
ir638pzl,12.67,1,4,12.67,High Value,One-time (1)
ddafs1iy,12.67,3,3,4.223333333333334,High Value,Occasional (2-3)
8wjpijn4,12.66,1,2,12.66,High Value,One-time (1)
7hu3d351,12.66,2,2,6.33,High Value,Occasional (2-3)
qvs20trc,12.66,1,2,12.66,High Value,One-time (1)
3gz29jlf,12.66,1,2,12.66,High Value,One-time (1)
lmlrtet7,12.66,1,2,12.66,High Value,One-time (1)
zg58xyjw,12.66,1,2,12.66,High Value,One-time (1)
r657os29,12.66,1,2,12.66,High Value,One-time (1)
m2hrfzig,12.64,1,2,12.64,High Value,One-time (1)
zbc7qk4k,12.63,3,3,4.21,High Value,Occasional (2-3)
beq66aue,12.6,1,2,12.6,High Value,One-time (1)
oyc3rwqm,12.6,3,4,4.2,High Value,Occasional (2-3)
lihzs09e,12.6,1,3,12.6,High Value,One-time (1)
xvir4zc6,12.6,1,2,12.6,High Value,One-time (1)
mfqwszmz,12.6,1,2,12.6,High Value,One-time (1)
mti0bjz5,12.6,1,2,12.6,High Value,One-time (1)
8himretx,12.6,1,2,12.6,High Value,One-time (1)
50e4lxdk,12.6,1,4,12.6,High Value,One-time (1)
4earx5fo,12.6,1,2,12.6,High Value,One-time (1)
s0qi9esn,12.6,1,2,12.6,High Value,One-time (1)
ywekg1nh,12.6,1,2,12.6,High Value,One-time (1)
ntczl5q2,12.6,1,3,12.6,High Value,One-time (1)
ffrqhk0g,12.6,1,2,12.6,High Value,One-time (1)
tmj1euqo,12.6,1,2,12.6,High Value,One-time (1)
w5m3awoj,12.6,1,2,12.6,High Value,One-time (1)
eukfsvxa,12.6,1,2,12.6,High Value,One-time (1)
9y4d06pe,12.6,1,2,12.6,High Value,One-time (1)
p429nqh3,12.6,1,2,12.6,High Value,One-time (1)
gkye5zsn,12.6,1,2,12.6,High Value,One-time (1)
4v4aqfu0,12.58,1,2,12.58,High Value,One-time (1)
d4mu1n01,12.58,1,2,12.58,High Value,One-time (1)
8mdd4v30,12.58,2,3,6.29,High Value,Occasional (2-3)
9nsttlh7,12.58,1,2,12.58,High Value,One-time (1)
v49npzoe,12.58,1,2,12.58,High Value,One-time (1)
crgb93wk,12.57,1,3,12.57,High Value,One-time (1)
qhdkx2qe,12.57,1,3,12.57,High Value,One-time (1)
kpdaluuw,12.57,1,1,12.57,High Value,One-time (1)
ux683f14,12.57,1,3,12.57,High Value,One-time (1)
z6egqng6,12.57,1,1,12.57,High Value,One-time (1)
xoq2oyfr,12.57,1,1,12.57,High Value,One-time (1)
0wmbscn7,12.57,1,1,12.57,High Value,One-time (1)
d1rajfhm,12.57,1,1,12.57,High Value,One-time (1)
545wrah4,12.57,1,1,12.57,High Value,One-time (1)
dn09tqbd,12.57,1,3,12.57,High Value,One-time (1)
67qzragg,12.57,1,3,12.57,High Value,One-time (1)
cplqf76m,12.57,1,3,12.57,High Value,One-time (1)
sl78o19g,12.57,1,1,12.57,High Value,One-time (1)
ui8lak2a,12.57,1,3,12.57,High Value,One-time (1)
mleqwsoq,12.57,1,1,12.57,High Value,One-time (1)
mjwm1wuv,12.57,1,3,12.57,High Value,One-time (1)
yxlbvjdr,12.56,1,4,12.56,High Value,One-time (1)
ueuy7k37,12.52,1,4,12.52,High Value,One-time (1)
ave7e51m,12.52,2,4,6.26,High Value,Occasional (2-3)
qs2gzzlm,12.52,1,4,12.52,High Value,One-time (1)
uly0wx8a,12.52,1,4,12.52,High Value,One-time (1)
etc91e2f,12.48,1,4,12.48,High Value,One-time (1)
0vgnxb5j,12.48,4,4,3.12,High Value,Frequent (4-7)
k3vhyxl9,12.48,1,4,12.48,High Value,One-time (1)
byprkhpz,12.48,1,4,12.48,High Value,One-time (1)
tbkg8b35,12.459999999999999,2,4,6.2299999999999995,High Value,Occasional (2-3)
05ewfyar,12.45,1,4,12.45,High Value,One-time (1)
1qi5pdwr,12.45,1,3,12.45,High Value,One-time (1)
haavfd61,12.44,1,1,12.44,High Value,One-time (1)
1zupvr39,12.42,1,3,12.42,High Value,One-time (1)
uxh3843h,12.42,1,3,12.42,High Value,One-time (1)
0n66cxio,12.42,1,3,12.42,High Value,One-time (1)
fnsema90,12.42,1,2,12.42,High Value,One-time (1)
mt7tj4op,12.42,1,6,12.42,High Value,One-time (1)
q2xmodlw,12.42,1,3,12.42,High Value,One-time (1)
2irxbav4,12.42,1,1,12.42,High Value,One-time (1)
3i8nnr72,12.42,1,3,12.42,High Value,One-time (1)
dayhei6v,12.42,1,3,12.42,High Value,One-time (1)
86quow4t,12.42,1,3,12.42,High Value,One-time (1)
gsgs9g2u,12.41,1,2,12.41,High Value,One-time (1)
am9609q1,12.4,1,4,12.4,High Value,One-time (1)
v6sgp3jk,12.4,1,4,12.4,High Value,One-time (1)
1qc41j2p,12.38,1,6,12.38,High Value,One-time (1)
4sdudnra,12.38,1,4,12.38,High Value,One-time (1)
jv5nyuja,12.38,1,5,12.38,High Value,One-time (1)
coxmfxtl,12.37,1,1,12.37,High Value,One-time (1)
xd1x7ifl,12.37,1,1,12.37,High Value,One-time (1)
ueyn3td4,12.37,1,1,12.37,High Value,One-time (1)
oij2h4x4,12.37,1,1,12.37,High Value,One-time (1)
myl0sv13,12.36,1,2,12.36,High Value,One-time (1)
nsgvkfi2,12.36,1,3,12.36,High Value,One-time (1)
en6ac6va,12.36,1,3,12.36,High Value,One-time (1)
rwpg4nxo,12.36,1,3,12.36,High Value,One-time (1)
ji1ihzvq,12.36,1,3,12.36,High Value,One-time (1)
jyzo9gdy,12.36,1,2,12.36,High Value,One-time (1)
s6g0fjwr,12.36,1,2,12.36,High Value,One-time (1)
uxqbub2h,12.36,1,2,12.36,High Value,One-time (1)
ao6e5mqc,12.36,1,4,12.36,High Value,One-time (1)
tk9wzztx,12.36,1,2,12.36,High Value,One-time (1)
d1x7ajkx,12.36,1,2,12.36,High Value,One-time (1)
0yqrfef3,12.36,1,4,12.36,High Value,One-time (1)
smzocxmz,12.36,1,4,12.36,High Value,One-time (1)
eggwh764,12.36,1,2,12.36,High Value,One-time (1)
qimq02sr,12.36,1,4,12.36,High Value,One-time (1)
43kez8pv,12.36,1,3,12.36,High Value,One-time (1)
byr2ftxu,12.36,1,4,12.36,High Value,One-time (1)
gugy6h1x,12.36,1,3,12.36,High Value,One-time (1)
lsriq5dz,12.36,1,2,12.36,High Value,One-time (1)
96k4o67b,12.35,1,5,12.35,High Value,One-time (1)
xnba8ikv,12.34,1,2,12.34,High Value,One-time (1)
4h9vyh2g,12.34,1,2,12.34,High Value,One-time (1)
pwg3xg0t,12.34,3,3,4.113333333333333,High Value,Occasional (2-3)
4k3039va,12.34,1,2,12.34,High Value,One-time (1)
we75531o,12.34,1,2,12.34,High Value,One-time (1)
ia4138r6,12.34,1,2,12.34,High Value,One-time (1)
h3yy95uc,12.34,1,2,12.34,High Value,One-time (1)
mb7getsi,12.34,1,2,12.34,High Value,One-time (1)
qil98m6y,12.34,1,2,12.34,High Value,One-time (1)
7rgr6e4t,12.34,1,2,12.34,High Value,One-time (1)
dq08sg40,12.34,1,2,12.34,High Value,One-time (1)
u51pwbsg,12.34,1,2,12.34,High Value,One-time (1)
w06oh7rl,12.34,1,2,12.34,High Value,One-time (1)
t0hbl1jq,12.34,1,2,12.34,High Value,One-time (1)
82lp58gd,12.34,1,2,12.34,High Value,One-time (1)
fueacody,12.34,1,2,12.34,High Value,One-time (1)
bhrg1zsx,12.34,1,2,12.34,High Value,One-time (1)
6wxmtrb0,12.33,1,3,12.33,High Value,One-time (1)
58d9k64a,12.3,1,1,12.3,High Value,One-time (1)
etiwqt4v,12.3,1,5,12.3,High Value,One-time (1)
qk23292o,12.3,1,6,12.3,High Value,One-time (1)
qzyv9kxj,12.3,1,3,12.3,High Value,One-time (1)
cw9cum6s,12.3,1,1,12.3,High Value,One-time (1)
o8mdllj0,12.3,1,1,12.3,High Value,One-time (1)
4t9tplut,12.3,1,3,12.3,High Value,One-time (1)
8dlvqop5,12.3,1,1,12.3,High Value,One-time (1)
hogcj74y,12.3,1,5,12.3,High Value,One-time (1)
w75gimjs,12.3,1,5,12.3,High Value,One-time (1)
hmtxp41c,12.3,1,6,12.3,High Value,One-time (1)
819fmsyg,12.3,1,1,12.3,High Value,One-time (1)
bzjts6zb,12.3,1,1,12.3,High Value,One-time (1)
1kx7y8vh,12.3,1,1,12.3,High Value,One-time (1)
9i4url6n,12.3,1,5,12.3,High Value,One-time (1)
ty8trgwi,12.28,1,2,12.28,High Value,One-time (1)
c50b8y5d,12.25,2,3,6.125,High Value,Occasional (2-3)
5q9qypnz,12.24,1,4,12.24,High Value,One-time (1)
x0vv62p6,12.24,1,2,12.24,High Value,One-time (1)
iu7w7gse,12.24,1,2,12.24,High Value,One-time (1)
mysb8m5y,12.24,1,4,12.24,High Value,One-time (1)
410nvvr0,12.24,1,2,12.24,High Value,One-time (1)
0hfe4zuh,12.24,1,2,12.24,High Value,One-time (1)
sai4n6ri,12.24,1,4,12.24,High Value,One-time (1)
87jjg8r6,12.24,1,2,12.24,High Value,One-time (1)
jho68qpa,12.24,1,4,12.24,High Value,One-time (1)
tyrm314l,12.24,1,4,12.24,High Value,One-time (1)
c9luerjq,12.239999999999998,2,3,6.119999999999999,High Value,Occasional (2-3)
lvu9rnmi,12.22,1,2,12.22,High Value,One-time (1)
i2caodg3,12.22,1,2,12.22,High Value,One-time (1)
d6fnrtgg,12.22,1,2,12.22,High Value,One-time (1)
4lviu7n8,12.22,1,2,12.22,High Value,One-time (1)
67nxk1y5,12.22,1,2,12.22,High Value,One-time (1)
0meq5tq7,12.22,1,2,12.22,High Value,One-time (1)
3jonou9i,12.22,1,2,12.22,High Value,One-time (1)
0855qjob,12.22,1,2,12.22,High Value,One-time (1)
6xna4ja3,12.22,1,2,12.22,High Value,One-time (1)
lwk7wpdm,12.22,1,2,12.22,High Value,One-time (1)
t83qrur6,12.22,1,2,12.22,High Value,One-time (1)
pngbu6od,12.22,1,2,12.22,High Value,One-time (1)
hla40bei,12.22,1,2,12.22,High Value,One-time (1)
tdeyog9z,12.22,1,2,12.22,High Value,One-time (1)
1gzhvfdd,12.22,1,2,12.22,High Value,One-time (1)
m050ovjj,12.22,1,2,12.22,High Value,One-time (1)
vo9g0ocm,12.22,1,2,12.22,High Value,One-time (1)
zfnmffu4,12.22,1,2,12.22,High Value,One-time (1)
n868t8yi,12.22,1,2,12.22,High Value,One-time (1)
nr3tqjkc,12.22,1,2,12.22,High Value,One-time (1)
v3j5jc8d,12.22,1,2,12.22,High Value,One-time (1)
zmlll6yh,12.22,1,2,12.22,High Value,One-time (1)
hxj7c4q8,12.22,1,2,12.22,High Value,One-time (1)
n1hj74pc,12.22,1,2,12.22,High Value,One-time (1)
37r0q5ag,12.22,1,2,12.22,High Value,One-time (1)
s9yrxmip,12.22,1,2,12.22,High Value,One-time (1)
1yohgqsn,12.22,1,2,12.22,High Value,One-time (1)
uqpzk257,12.22,1,2,12.22,High Value,One-time (1)
lfjld2qx,12.22,1,2,12.22,High Value,One-time (1)
30gaixtq,12.22,1,2,12.22,High Value,One-time (1)
wh8n92tp,12.219999999999999,2,4,6.109999999999999,High Value,Occasional (2-3)
nif259j4,12.21,1,3,12.21,High Value,One-time (1)
tyx2cb2p,12.18,2,2,6.09,High Value,Occasional (2-3)
jeq8jdxs,12.18,1,3,12.18,High Value,One-time (1)
evw85ir1,12.18,1,3,12.18,High Value,One-time (1)
ksyh71w8,12.18,1,3,12.18,High Value,One-time (1)
cm5fyczu,12.17,2,3,6.085,High Value,Occasional (2-3)
dn1th1xj,12.16,3,3,4.053333333333334,High Value,Occasional (2-3)
nznkqzud,12.16,1,4,12.16,High Value,One-time (1)
zbyibivr,12.16,1,4,12.16,High Value,One-time (1)
ptpp9bi7,12.16,1,4,12.16,High Value,One-time (1)
k6sg0by7,12.16,1,4,12.16,High Value,One-time (1)
7a7nuuh2,12.15,1,3,12.15,High Value,One-time (1)
tgrp3f40,12.15,1,3,12.15,High Value,One-time (1)
kwwsgcsk,12.15,1,3,12.15,High Value,One-time (1)
uktlsdha,12.15,1,3,12.15,High Value,One-time (1)
zyq9ow45,12.15,1,3,12.15,High Value,One-time (1)
mxlvz4qk,12.14,3,4,4.046666666666667,High Value,Occasional (2-3)
tlcqfmui,12.14,2,6,6.07,High Value,Occasional (2-3)
x0ciei4a,12.12,1,2,12.12,High Value,One-time (1)
0mkx5rht,12.12,1,2,12.12,High Value,One-time (1)
dsq9ery7,12.12,1,2,12.12,High Value,One-time (1)
lyzj0aeo,12.12,1,2,12.12,High Value,One-time (1)
j6dcxrax,12.1,1,2,12.1,High Value,One-time (1)
uyfnmms6,12.1,1,2,12.1,High Value,One-time (1)
5ntuq7sw,12.1,1,2,12.1,High Value,One-time (1)
2ir6pkp6,12.1,1,2,12.1,High Value,One-time (1)
54704kva,12.1,1,2,12.1,High Value,One-time (1)
kbksvc6e,12.1,1,2,12.1,High Value,One-time (1)
vzol91km,12.1,1,2,12.1,High Value,One-time (1)
xavroem2,12.1,1,2,12.1,High Value,One-time (1)
x8z9kwrw,12.1,1,2,12.1,High Value,One-time (1)
1m5uwcoc,12.1,1,2,12.1,High Value,One-time (1)
srxkj3yq,12.1,1,2,12.1,High Value,One-time (1)
f9pml9ln,12.08,2,3,6.04,High Value,Occasional (2-3)
f7grjo32,12.08,1,4,12.08,High Value,One-time (1)
lqk0d064,12.08,1,4,12.08,High Value,One-time (1)
rm6dfhg6,12.08,3,3,4.026666666666666,High Value,Occasional (2-3)
jh5uik4p,12.08,1,4,12.08,High Value,One-time (1)
ba5mf36b,12.07,2,4,6.035,High Value,Occasional (2-3)
aqu2vyur,12.06,1,3,12.06,High Value,One-time (1)
znsgwoc4,12.06,2,4,6.03,High Value,Occasional (2-3)
2sr2nxyz,12.06,1,4,12.06,High Value,One-time (1)
l26g6epa,12.05,1,1,12.05,High Value,One-time (1)
dd3lcwwk,12.04,1,3,12.04,High Value,One-time (1)
l1qswwfh,12.04,1,2,12.04,High Value,One-time (1)
jufecrqr,12.04,1,2,12.04,High Value,One-time (1)
m9x63dyb,12.04,1,3,12.04,High Value,One-time (1)
8nozemdm,12.01,2,4,6.005,High Value,Occasional (2-3)
0xjmxt3f,12.0,1,2,12.0,High Value,One-time (1)
g3a7urpy,12.0,1,3,12.0,High Value,One-time (1)
zf761hjr,12.0,1,3,12.0,High Value,One-time (1)
neixjk03,12.0,1,3,12.0,High Value,One-time (1)
6xtjkxub,12.0,1,2,12.0,High Value,One-time (1)
vwhf9cek,12.0,1,1,12.0,High Value,One-time (1)
qfkpls28,12.0,1,1,12.0,High Value,One-time (1)
hyx8rvs7,12.0,1,2,12.0,High Value,One-time (1)
wgi8y042,12.0,3,4,4.0,High Value,Occasional (2-3)
d1olbbw2,12.0,1,2,12.0,High Value,One-time (1)
jj4pjo4u,12.0,1,1,12.0,High Value,One-time (1)
ioo8b64u,12.0,1,3,12.0,High Value,One-time (1)
u3duunod,11.98,1,2,11.98,High Value,One-time (1)
8pdb6mei,11.98,1,2,11.98,High Value,One-time (1)
mqcgqxsp,11.98,1,2,11.98,High Value,One-time (1)
07jop7ua,11.98,1,2,11.98,High Value,One-time (1)
8fl7gag6,11.98,1,2,11.98,High Value,One-time (1)
jpaxkflx,11.98,1,2,11.98,High Value,One-time (1)
y02juqz8,11.97,1,3,11.97,High Value,One-time (1)
0n5787t0,11.97,1,3,11.97,High Value,One-time (1)
4gzlckmw,11.97,1,3,11.97,High Value,One-time (1)
opicqy0w,11.97,1,3,11.97,High Value,One-time (1)
1v0nxl8h,11.96,1,2,11.96,High Value,One-time (1)
kaalg6jy,11.96,1,2,11.96,High Value,One-time (1)
zyyu8vk9,11.96,1,2,11.96,High Value,One-time (1)
v0ucvh1x,11.96,1,2,11.96,High Value,One-time (1)
o6gsep0z,11.96,1,2,11.96,High Value,One-time (1)
98aksx55,11.96,1,2,11.96,High Value,One-time (1)
adb2mu6k,11.96,1,2,11.96,High Value,One-time (1)
rg3q6g5j,11.96,1,2,11.96,High Value,One-time (1)
f3f91qjx,11.96,1,2,11.96,High Value,One-time (1)
yunkoh5x,11.96,1,2,11.96,High Value,One-time (1)
91nwsxyx,11.96,1,2,11.96,High Value,One-time (1)
cts8hse0,11.96,1,2,11.96,High Value,One-time (1)
ug4hr93j,11.96,1,2,11.96,High Value,One-time (1)
ue4wv1f6,11.96,1,2,11.96,High Value,One-time (1)
lpws0qba,11.96,1,2,11.96,High Value,One-time (1)
w0usg46c,11.96,1,2,11.96,High Value,One-time (1)
d6fesh9m,11.96,1,4,11.96,High Value,One-time (1)
y4f0kofc,11.96,1,4,11.96,High Value,One-time (1)
nkk3f43k,11.96,1,2,11.96,High Value,One-time (1)
5ylcln4w,11.96,1,4,11.96,High Value,One-time (1)
tc9n330m,11.96,1,2,11.96,High Value,One-time (1)
4x8bpyr4,11.96,1,4,11.96,High Value,One-time (1)
trjrtx46,11.96,1,2,11.96,High Value,One-time (1)
bnqrqtm8,11.96,1,2,11.96,High Value,One-time (1)
9293pgm8,11.96,1,2,11.96,High Value,One-time (1)
eeb5wqqu,11.96,1,2,11.96,High Value,One-time (1)
fh48tv2o,11.96,1,2,11.96,High Value,One-time (1)
uyx94ais,11.96,1,2,11.96,High Value,One-time (1)
mxt7e818,11.96,1,2,11.96,High Value,One-time (1)
wg1bkwss,11.96,1,2,11.96,High Value,One-time (1)
bd2a8gjg,11.96,1,2,11.96,High Value,One-time (1)
qpgb7r3o,11.95,1,4,11.95,High Value,One-time (1)
lhe3mtqo,11.94,1,3,11.94,High Value,One-time (1)
azujy1sv,11.94,1,3,11.94,High Value,One-time (1)
7d8s11ug,11.94,1,3,11.94,High Value,One-time (1)
73k4g1nr,11.93,1,3,11.93,High Value,One-time (1)
kna8ody7,11.92,1,4,11.92,High Value,One-time (1)
ojwkz6sm,11.91,1,3,11.91,High Value,One-time (1)
ytmv82lz,11.91,2,2,5.955,High Value,Occasional (2-3)
a6xkz2dm,11.91,1,3,11.91,High Value,One-time (1)
m8qtyqfd,11.91,1,3,11.91,High Value,One-time (1)
b1gu41rh,11.91,1,3,11.91,High Value,One-time (1)
nxmrlt8n,11.9,1,5,11.9,High Value,One-time (1)
ol5rx7mr,11.9,1,5,11.9,High Value,One-time (1)
9fmzvpxf,11.9,1,5,11.9,High Value,One-time (1)
bdcxfj97,11.9,1,5,11.9,High Value,One-time (1)
ero67msx,11.88,1,2,11.88,High Value,One-time (1)
cyz37z7o,11.88,1,2,11.88,High Value,One-time (1)
xhm8h1od,11.88,1,2,11.88,High Value,One-time (1)
n2pb2ifn,11.88,1,2,11.88,High Value,One-time (1)
9hqpzaj4,11.88,1,2,11.88,High Value,One-time (1)
llynuwth,11.88,1,3,11.88,High Value,One-time (1)
283dw7vi,11.88,1,2,11.88,High Value,One-time (1)
osuu2yj2,11.88,1,3,11.88,High Value,One-time (1)
bnz38k41,11.88,1,2,11.88,High Value,One-time (1)
58f7gtg0,11.88,1,2,11.88,High Value,One-time (1)
er8rjlva,11.88,1,2,11.88,High Value,One-time (1)
4900ew5f,11.88,1,2,11.88,High Value,One-time (1)
3ibw8j50,11.88,1,2,11.88,High Value,One-time (1)
fsviol3h,11.88,1,4,11.88,High Value,One-time (1)
dpquwf41,11.88,1,3,11.88,High Value,One-time (1)
2xb1s7x9,11.88,1,2,11.88,High Value,One-time (1)
q45mq9k1,11.88,1,2,11.88,High Value,One-time (1)
i061e4vs,11.88,1,2,11.88,High Value,One-time (1)
b0jy3ym9,11.88,1,4,11.88,High Value,One-time (1)
tr7s8889,11.88,1,2,11.88,High Value,One-time (1)
qzup34oi,11.88,1,3,11.88,High Value,One-time (1)
nc2kjb14,11.88,1,3,11.88,High Value,One-time (1)
e7rj4wi2,11.88,1,3,11.88,High Value,One-time (1)
f00hebmh,11.88,1,2,11.88,High Value,One-time (1)
gv3z6bz8,11.870000000000001,2,3,5.9350000000000005,High Value,Occasional (2-3)
inqw3x3z,11.85,1,3,11.85,High Value,One-time (1)
zuuglngv,11.85,1,3,11.85,High Value,One-time (1)
6dzbyhso,11.85,1,3,11.85,High Value,One-time (1)
gxhvdd71,11.85,1,3,11.85,High Value,One-time (1)
tsqpd6h8,11.85,1,3,11.85,High Value,One-time (1)
b3u267uz,11.85,1,3,11.85,High Value,One-time (1)
zl7n84w2,11.84,1,2,11.84,High Value,One-time (1)
2lgfyurj,11.84,1,2,11.84,High Value,One-time (1)
a48keqef,11.84,1,2,11.84,High Value,One-time (1)
71it2g80,11.84,1,2,11.84,High Value,One-time (1)
p9w4j66c,11.84,1,2,11.84,High Value,One-time (1)
o5c7eisw,11.84,1,2,11.84,High Value,One-time (1)
d9namvgf,11.84,1,2,11.84,High Value,One-time (1)
7wmk425z,11.84,1,2,11.84,High Value,One-time (1)
jobqr981,11.84,1,2,11.84,High Value,One-time (1)
lre0blp5,11.84,1,2,11.84,High Value,One-time (1)
2onatkqi,11.83,1,5,11.83,High Value,One-time (1)
hdiy4nrm,11.82,2,2,5.91,High Value,Occasional (2-3)
f3kt5q47,11.81,1,4,11.81,High Value,One-time (1)
00nt0o36,11.8,1,3,11.8,High Value,One-time (1)
tfsvmkq4,11.8,1,3,11.8,High Value,One-time (1)
pllgf309,11.8,1,4,11.8,High Value,One-time (1)
9hwpcmxq,11.8,1,4,11.8,High Value,One-time (1)
xu4p7ohj,11.8,1,4,11.8,High Value,One-time (1)
iqm851jz,11.8,1,3,11.8,High Value,One-time (1)
48kkwhdp,11.8,1,4,11.8,High Value,One-time (1)
5thrj186,11.8,1,4,11.8,High Value,One-time (1)
wxfekia2,11.8,1,3,11.8,High Value,One-time (1)
jvtuioly,11.8,1,4,11.8,High Value,One-time (1)
czmvudfi,11.79,1,3,11.79,High Value,One-time (1)
i18h47md,11.78,1,3,11.78,High Value,One-time (1)
h5ss4e2p,11.76,1,4,11.76,High Value,One-time (1)
31xkyhqa,11.76,1,1,11.76,High Value,One-time (1)
27psqzn7,11.76,1,1,11.76,High Value,One-time (1)
zbtk3ms0,11.76,1,2,11.76,High Value,One-time (1)
r3rbf8we,11.76,1,1,11.76,High Value,One-time (1)
wndvqw6e,11.76,1,1,11.76,High Value,One-time (1)
f5kl26go,11.76,1,2,11.76,High Value,One-time (1)
d7hv0vlz,11.76,1,2,11.76,High Value,One-time (1)
vuysthz8,11.76,1,1,11.76,High Value,One-time (1)
9gz81u8z,11.76,1,1,11.76,High Value,One-time (1)
0gvf128z,11.76,1,3,11.76,High Value,One-time (1)
qg4qlv72,11.76,1,1,11.76,High Value,One-time (1)
eopzwsi6,11.76,1,3,11.76,High Value,One-time (1)
k1o7i0ix,11.76,1,2,11.76,High Value,One-time (1)
mx5p1ec2,11.76,1,4,11.76,High Value,One-time (1)
lgsmalvl,11.76,1,3,11.76,High Value,One-time (1)
l2a4hxc2,11.76,1,4,11.76,High Value,One-time (1)
zhf2h3fs,11.76,1,4,11.76,High Value,One-time (1)
oigk96us,11.76,1,3,11.76,High Value,One-time (1)
rct9efuy,11.76,1,3,11.76,High Value,One-time (1)
uxeotj48,11.76,1,3,11.76,High Value,One-time (1)
ti6wwr3i,11.75,1,5,11.75,High Value,One-time (1)
axxkf3sb,11.75,1,5,11.75,High Value,One-time (1)
5uxv60j5,11.75,1,5,11.75,High Value,One-time (1)
iso83s4g,11.75,1,5,11.75,High Value,One-time (1)
8oywchow,11.74,1,2,11.74,High Value,One-time (1)
ud5qrb4n,11.74,1,2,11.74,High Value,One-time (1)
k3iv0pp3,11.74,1,2,11.74,High Value,One-time (1)
flpsq5cl,11.74,1,2,11.74,High Value,One-time (1)
qttfrab1,11.74,1,2,11.74,High Value,One-time (1)
qzmlnskx,11.74,1,2,11.74,High Value,One-time (1)
f9y3qihi,11.74,1,2,11.74,High Value,One-time (1)
146fkovi,11.74,1,2,11.74,High Value,One-time (1)
4l1cfb5b,11.74,1,2,11.74,High Value,One-time (1)
pfjn1tmx,11.74,1,2,11.74,High Value,One-time (1)
xugjrc98,11.74,1,2,11.74,High Value,One-time (1)
5xehilfk,11.74,1,2,11.74,High Value,One-time (1)
2c9ros7y,11.74,1,2,11.74,High Value,One-time (1)
kirt2okr,11.74,1,2,11.74,High Value,One-time (1)
b9bfnipb,11.74,1,2,11.74,High Value,One-time (1)
4n1y9s60,11.74,1,2,11.74,High Value,One-time (1)
ws78oqka,11.74,1,2,11.74,High Value,One-time (1)
37ok7ovo,11.74,1,5,11.74,High Value,One-time (1)
lgd0nllw,11.74,1,3,11.74,High Value,One-time (1)
czmh8g22,11.74,1,2,11.74,High Value,One-time (1)
rc86qa3d,11.74,1,2,11.74,High Value,One-time (1)
gps0132a,11.739999999999998,2,3,5.869999999999999,High Value,Occasional (2-3)
ukwci6n4,11.73,1,3,11.73,High Value,One-time (1)
6i39cxru,11.73,1,3,11.73,High Value,One-time (1)
82d0ntxh,11.73,1,3,11.73,High Value,One-time (1)
ra0pdunh,11.73,1,3,11.73,High Value,One-time (1)
uu6qr15r,11.73,1,3,11.73,High Value,One-time (1)
qclmfyvi,11.73,1,3,11.73,High Value,One-time (1)
ozek9o79,11.73,1,3,11.73,High Value,One-time (1)
104ulah7,11.73,1,3,11.73,High Value,One-time (1)
420g0ht3,11.73,1,3,11.73,High Value,One-time (1)
hopfhrhx,11.72,1,4,11.72,High Value,One-time (1)
pt942rdy,11.72,1,4,11.72,High Value,One-time (1)
hrjmfliq,11.72,1,4,11.72,High Value,One-time (1)
soz9e5gv,11.71,2,4,5.855,High Value,Occasional (2-3)
w8tr98w0,11.7,1,2,11.7,High Value,One-time (1)
fu9pot7u,11.68,1,4,11.68,High Value,One-time (1)
h2etyg7g,11.67,1,3,11.67,High Value,One-time (1)
l4vrc82e,11.67,1,3,11.67,High Value,One-time (1)
0g520j9b,11.67,1,3,11.67,High Value,One-time (1)
c2ukulmk,11.67,1,3,11.67,High Value,One-time (1)
jq7w7jp6,11.67,2,3,5.835,High Value,Occasional (2-3)
dekqufn9,11.67,1,3,11.67,High Value,One-time (1)
i8snaxr5,11.67,1,3,11.67,High Value,One-time (1)
akwj9b80,11.67,1,3,11.67,High Value,One-time (1)
tl64736h,11.66,1,3,11.66,High Value,One-time (1)
qpd37b8c,11.66,1,3,11.66,High Value,One-time (1)
comay7v6,11.66,1,2,11.66,High Value,One-time (1)
6ekq1ndv,11.66,1,3,11.66,High Value,One-time (1)
8c4fb0v5,11.66,1,3,11.66,High Value,One-time (1)
1z4rlarz,11.66,1,3,11.66,High Value,One-time (1)
00qh7d3u,11.64,1,3,11.64,High Value,One-time (1)
oko6rial,11.64,1,2,11.64,High Value,One-time (1)
v295vrtw,11.64,1,3,11.64,High Value,One-time (1)
08es8q0t,11.64,1,3,11.64,High Value,One-time (1)
m8vj3uzo,11.64,1,3,11.64,High Value,One-time (1)
7qlapfwx,11.64,1,3,11.64,High Value,One-time (1)
x57mt1xb,11.64,1,1,11.64,High Value,One-time (1)
nujjq9k6,11.64,1,4,11.64,High Value,One-time (1)
n2vziodj,11.64,1,1,11.64,High Value,One-time (1)
7ztrj67d,11.64,1,3,11.64,High Value,One-time (1)
x430vhrf,11.64,1,3,11.64,High Value,One-time (1)
bihtqx6y,11.64,1,3,11.64,High Value,One-time (1)
srj49c39,11.64,1,1,11.64,High Value,One-time (1)
p3cshxmj,11.64,1,1,11.64,High Value,One-time (1)
s52sq3b9,11.629999999999999,3,3,3.8766666666666665,High Value,Occasional (2-3)
isgjkbp1,11.61,1,3,11.61,High Value,One-time (1)
l3ielgf7,11.61,1,2,11.61,High Value,One-time (1)
3w1qv5aa,11.6,1,2,11.6,High Value,One-time (1)
evh8u28e,11.6,1,2,11.6,High Value,One-time (1)
yrfaisag,11.6,1,2,11.6,High Value,One-time (1)
v5y04equ,11.6,1,4,11.6,High Value,One-time (1)
wt5b3yp0,11.6,1,2,11.6,High Value,One-time (1)
l3u2rche,11.6,1,2,11.6,High Value,One-time (1)
3p9s1gwx,11.6,1,4,11.6,High Value,One-time (1)
kn9j6ujv,11.6,1,2,11.6,High Value,One-time (1)
86qe7aju,11.6,1,2,11.6,High Value,One-time (1)
zgcvgyhz,11.58,1,3,11.58,High Value,One-time (1)
vt8hd1xz,11.58,1,3,11.58,High Value,One-time (1)
fen0b09z,11.579999999999998,2,4,5.789999999999999,High Value,Occasional (2-3)
isutp04s,11.57,2,3,5.785,High Value,Occasional (2-3)
t2y9gq9l,11.55,1,3,11.55,High Value,One-time (1)
kl4r2s9i,11.55,1,3,11.55,High Value,One-time (1)
ubb7mxpa,11.55,1,3,11.55,High Value,One-time (1)
1sk6ebpq,11.55,1,3,11.55,High Value,One-time (1)
75bwzvng,11.55,1,3,11.55,High Value,One-time (1)
hhvppq4i,11.55,1,3,11.55,High Value,One-time (1)
ahr67gxs,11.55,1,3,11.55,High Value,One-time (1)
22j7jhx5,11.55,1,3,11.55,High Value,One-time (1)
0iq2fa39,11.55,1,3,11.55,High Value,One-time (1)
1yaua8d7,11.54,2,3,5.77,High Value,Occasional (2-3)
eteoji63,11.52,1,3,11.52,High Value,One-time (1)
rsia4f2t,11.52,1,3,11.52,High Value,One-time (1)
j826trlj,11.52,1,4,11.52,High Value,One-time (1)
zzwmrp0x,11.52,1,2,11.52,High Value,One-time (1)
zcpoy8jz,11.52,1,2,11.52,High Value,One-time (1)
1103c9ug,11.52,1,4,11.52,High Value,One-time (1)
l056e8lg,11.52,1,2,11.52,High Value,One-time (1)
be8pen4c,11.52,1,3,11.52,High Value,One-time (1)
6l7lujlr,11.52,1,4,11.52,High Value,One-time (1)
mo1swmx0,11.52,1,3,11.52,High Value,One-time (1)
3avj5ggi,11.52,1,2,11.52,High Value,One-time (1)
ymrclt8c,11.52,1,4,11.52,High Value,One-time (1)
rqco5rx4,11.52,1,2,11.52,High Value,One-time (1)
wjjedkk7,11.52,1,2,11.52,High Value,One-time (1)
vcx15pt5,11.52,1,3,11.52,High Value,One-time (1)
x4qk6pmv,11.52,1,2,11.52,High Value,One-time (1)
82vkm6wb,11.52,1,2,11.52,High Value,One-time (1)
tf72p5xt,11.52,1,3,11.52,High Value,One-time (1)
0tup7gsf,11.52,1,2,11.52,High Value,One-time (1)
nfyc6jm2,11.52,1,2,11.52,High Value,One-time (1)
9lv20863,11.52,1,2,11.52,High Value,One-time (1)
nb9ns5nr,11.52,1,2,11.52,High Value,One-time (1)
dms3co74,11.52,1,2,11.52,High Value,One-time (1)
nocqeq9q,11.52,1,3,11.52,High Value,One-time (1)
zvz1b9hv,11.52,1,3,11.52,High Value,One-time (1)
qxvfi6xs,11.52,1,2,11.52,High Value,One-time (1)
idgi8y32,11.52,1,2,11.52,High Value,One-time (1)
23uam6g4,11.5,1,5,11.5,High Value,One-time (1)
5eskqpai,11.5,1,2,11.5,High Value,One-time (1)
gbetq939,11.5,1,5,11.5,High Value,One-time (1)
rj66c185,11.5,1,2,11.5,High Value,One-time (1)
91hdg2hf,11.5,1,5,11.5,High Value,One-time (1)
0scma3t1,11.5,1,2,11.5,High Value,One-time (1)
gqttegtd,11.5,1,5,11.5,High Value,One-time (1)
alxaldqr,11.5,1,2,11.5,High Value,One-time (1)
oy3gb0lw,11.5,1,2,11.5,High Value,One-time (1)
3vy9axl7,11.5,1,5,11.5,High Value,One-time (1)
wcfr6im0,11.5,1,2,11.5,High Value,One-time (1)
cccwvfy3,11.5,1,2,11.5,High Value,One-time (1)
ongdi8sp,11.5,1,5,11.5,High Value,One-time (1)
ngyjru0w,11.49,1,3,11.49,High Value,One-time (1)
j9hvchrm,11.48,1,2,11.48,High Value,One-time (1)
sqnxu87j,11.48,1,2,11.48,High Value,One-time (1)
6lznrxn6,11.47,1,2,11.47,High Value,One-time (1)
0tbz876p,11.47,1,2,11.47,High Value,One-time (1)
7kqaah1n,11.46,1,3,11.46,High Value,One-time (1)
6kmsg8c8,11.46,1,3,11.46,High Value,One-time (1)
gbu00e9m,11.46,1,3,11.46,High Value,One-time (1)
b6boeo6b,11.46,1,3,11.46,High Value,One-time (1)
g6xo6pb1,11.46,1,3,11.46,High Value,One-time (1)
z1gl29hz,11.46,1,3,11.46,High Value,One-time (1)
1sa3y5t3,11.46,1,3,11.46,High Value,One-time (1)
ubdvyr47,11.46,1,3,11.46,High Value,One-time (1)
zmy4mqh8,11.45,1,5,11.45,High Value,One-time (1)
3b2h2ibf,11.44,1,2,11.44,High Value,One-time (1)
brzxtd29,11.44,1,4,11.44,High Value,One-time (1)
vhcxbtlb,11.44,1,2,11.44,High Value,One-time (1)
p7t5mc17,11.44,1,2,11.44,High Value,One-time (1)
t939ayq6,11.44,1,2,11.44,High Value,One-time (1)
zk4jc4w3,11.44,1,2,11.44,High Value,One-time (1)
9l1669sf,11.44,1,2,11.44,High Value,One-time (1)
5ojzongc,11.44,1,2,11.44,High Value,One-time (1)
7277p9xi,11.44,1,2,11.44,High Value,One-time (1)
12wdioyx,11.44,1,2,11.44,High Value,One-time (1)
h846hzw6,11.44,1,2,11.44,High Value,One-time (1)
unaic1vb,11.44,1,2,11.44,High Value,One-time (1)
gskiridi,11.44,1,2,11.44,High Value,One-time (1)
hhd22k87,11.43,1,3,11.43,High Value,One-time (1)
puh41iw7,11.43,1,3,11.43,High Value,One-time (1)
6dik7viw,11.43,1,3,11.43,High Value,One-time (1)
vbjrbzjw,11.43,2,2,5.715,High Value,Occasional (2-3)
53i136a5,11.43,1,3,11.43,High Value,One-time (1)
fzv38to8,11.43,1,3,11.43,High Value,One-time (1)
o1ds3hgw,11.41,1,1,11.41,High Value,One-time (1)
gx2s76pn,11.41,1,1,11.41,High Value,One-time (1)
ofkeeri5,11.41,1,1,11.41,High Value,One-time (1)
hlnainiu,11.41,1,1,11.41,High Value,One-time (1)
mgfxct6o,11.41,1,1,11.41,High Value,One-time (1)
3utgiaxk,11.4,1,3,11.4,High Value,One-time (1)
mlxskoud,11.4,1,3,11.4,High Value,One-time (1)
ldfeszpp,11.4,1,3,11.4,High Value,One-time (1)
750ri6k2,11.4,1,2,11.4,High Value,One-time (1)
nbiezs5k,11.4,1,2,11.4,High Value,One-time (1)
fgk04v8q,11.4,1,2,11.4,High Value,One-time (1)
hu3eqgxg,11.4,1,1,11.4,High Value,One-time (1)
fkwhx77b,11.4,1,1,11.4,High Value,One-time (1)
k4akx9g7,11.4,1,3,11.4,High Value,One-time (1)
3rtkce5e,11.4,1,2,11.4,High Value,One-time (1)
k3xqvlau,11.4,1,1,11.4,High Value,One-time (1)
zmmb9ero,11.4,1,3,11.4,High Value,One-time (1)
t6s3ipia,11.4,1,3,11.4,High Value,One-time (1)
7hllu1fj,11.4,1,3,11.4,High Value,One-time (1)
xlbxy3go,11.4,1,2,11.4,High Value,One-time (1)
rs1gw1wo,11.4,1,2,11.4,High Value,One-time (1)
fflzm764,11.4,1,2,11.4,High Value,One-time (1)
fa23c2hn,11.4,1,3,11.4,High Value,One-time (1)
ktif0ysm,11.4,1,3,11.4,High Value,One-time (1)
wvekz8rb,11.4,1,2,11.4,High Value,One-time (1)
3ao8w4el,11.4,1,2,11.4,High Value,One-time (1)
f7dx4epl,11.4,1,1,11.4,High Value,One-time (1)
he5xj8uf,11.4,1,3,11.4,High Value,One-time (1)
b5pkrf2r,11.4,1,5,11.4,High Value,One-time (1)
gwfhdv37,11.4,1,3,11.4,High Value,One-time (1)
hyx3ni18,11.4,1,2,11.4,High Value,One-time (1)
jt4f7cv5,11.4,1,3,11.4,High Value,One-time (1)
9lp5skr8,11.4,1,1,11.4,High Value,One-time (1)
u38reef4,11.4,1,3,11.4,High Value,One-time (1)
2tlvct4o,11.4,1,4,11.4,High Value,One-time (1)
sugvqmpz,11.4,1,1,11.4,High Value,One-time (1)
87z8dyuq,11.4,1,1,11.4,High Value,One-time (1)
3ev53hx6,11.4,1,3,11.4,High Value,One-time (1)
0m3loufh,11.4,1,3,11.4,High Value,One-time (1)
zutdsbxk,11.4,1,4,11.4,High Value,One-time (1)
spz6wh78,11.4,1,2,11.4,High Value,One-time (1)
3da9839s,11.4,1,1,11.4,High Value,One-time (1)
ccyjv3du,11.4,1,2,11.4,High Value,One-time (1)
mb3qnxwl,11.4,1,4,11.4,High Value,One-time (1)
ayn0l0eh,11.4,1,4,11.4,High Value,One-time (1)
z7cpynh8,11.4,1,2,11.4,High Value,One-time (1)
onk1zgm4,11.4,1,2,11.4,High Value,One-time (1)
bl8rfwf8,11.4,1,2,11.4,High Value,One-time (1)
eavz4w9h,11.4,1,3,11.4,High Value,One-time (1)
nv2qoe74,11.4,1,3,11.4,High Value,One-time (1)
l6ahc30j,11.4,1,3,11.4,High Value,One-time (1)
9cemhqkw,11.4,1,1,11.4,High Value,One-time (1)
zq9d0j3i,11.4,1,3,11.4,High Value,One-time (1)
lrsge783,11.4,1,3,11.4,High Value,One-time (1)
zc07grzk,11.39,1,5,11.39,High Value,One-time (1)
pgq5deux,11.39,1,2,11.39,High Value,One-time (1)
x8ertb74,11.38,2,3,5.69,High Value,Occasional (2-3)
kgeuidji,11.370000000000001,2,2,5.6850000000000005,High Value,Occasional (2-3)
v395zdhz,11.37,2,3,5.685,High Value,Occasional (2-3)
mxrwofbq,11.37,1,3,11.37,High Value,One-time (1)
toqu5hng,11.36,1,4,11.36,High Value,One-time (1)
n4wsljyk,11.36,1,4,11.36,High Value,One-time (1)
alfpmr6p,11.36,1,4,11.36,High Value,One-time (1)
0irl4xyh,11.34,1,3,11.34,High Value,One-time (1)
9bt9xylc,11.32,1,4,11.32,High Value,One-time (1)
87d99aru,11.32,1,2,11.32,High Value,One-time (1)
hkr876xb,11.32,1,4,11.32,High Value,One-time (1)
464srkcw,11.32,1,2,11.32,High Value,One-time (1)
6sapbs22,11.32,2,4,5.66,High Value,Occasional (2-3)
wqr5bbg5,11.32,1,4,11.32,High Value,One-time (1)
fped63ik,11.32,1,4,11.32,High Value,One-time (1)
ubu1r0to,11.32,1,4,11.32,High Value,One-time (1)
eebevhbu,11.31,1,3,11.31,High Value,One-time (1)
ox3qgr18,11.31,1,3,11.31,High Value,One-time (1)
ohnltiqs,11.31,1,3,11.31,High Value,One-time (1)
v14s7r91,11.31,1,3,11.31,High Value,One-time (1)
o8u5vd55,11.31,1,3,11.31,High Value,One-time (1)
6v5fhswo,11.31,1,3,11.31,High Value,One-time (1)
y2ylamvg,11.31,1,3,11.31,High Value,One-time (1)
d5pr2a7k,11.31,1,3,11.31,High Value,One-time (1)
kmk7hs8m,11.31,1,3,11.31,High Value,One-time (1)
is7vynlv,11.31,1,3,11.31,High Value,One-time (1)
9ki0lmth,11.31,1,3,11.31,High Value,One-time (1)
c6yqqswk,11.31,1,3,11.31,High Value,One-time (1)
7i3lwuzj,11.31,1,3,11.31,High Value,One-time (1)
25isc8u0,11.31,1,3,11.31,High Value,One-time (1)
mj06slf0,11.31,1,3,11.31,High Value,One-time (1)
8oga0x7z,11.31,1,3,11.31,High Value,One-time (1)
wq4pnbv8,11.31,1,3,11.31,High Value,One-time (1)
7qjfoz6h,11.31,1,3,11.31,High Value,One-time (1)
pxjbc8vd,11.3,2,3,5.65,High Value,Occasional (2-3)
xrjm4t8b,11.3,2,3,5.65,High Value,Occasional (2-3)
gu5euyat,11.3,1,4,11.3,High Value,One-time (1)
v3dr2h2p,11.3,2,4,5.65,High Value,Occasional (2-3)
vf02gvll,11.299999999999999,3,3,3.766666666666666,High Value,Occasional (2-3)
9g3w6l75,11.28,1,2,11.28,High Value,One-time (1)
pauszssh,11.28,1,4,11.28,High Value,One-time (1)
kqqoe45n,11.28,1,3,11.28,High Value,One-time (1)
98bolerz,11.28,1,4,11.28,High Value,One-time (1)
up4zbqh6,11.28,1,1,11.28,High Value,One-time (1)
1a77fuz9,11.28,1,2,11.28,High Value,One-time (1)
ledfdykq,11.28,1,2,11.28,High Value,One-time (1)
vi1n58xn,11.28,1,4,11.28,High Value,One-time (1)
26w0vqdh,11.28,1,1,11.28,High Value,One-time (1)
cw790pdw,11.28,1,2,11.28,High Value,One-time (1)
ugsr9n1v,11.28,1,1,11.28,High Value,One-time (1)
mk6hoyg7,11.28,1,4,11.28,High Value,One-time (1)
bex8mocu,11.28,1,3,11.28,High Value,One-time (1)
6m42widf,11.28,1,1,11.28,High Value,One-time (1)
rgknith2,11.28,1,4,11.28,High Value,One-time (1)
b7aq1j72,11.28,1,4,11.28,High Value,One-time (1)
rj9tb3bv,11.28,1,2,11.28,High Value,One-time (1)
dw6dgxpq,11.28,1,1,11.28,High Value,One-time (1)
ipfioi8n,11.28,1,2,11.28,High Value,One-time (1)
uxo3yxlq,11.28,1,1,11.28,High Value,One-time (1)
069qblpc,11.28,1,1,11.28,High Value,One-time (1)
cd13rac2,11.28,1,2,11.28,High Value,One-time (1)
0ftq3279,11.28,1,4,11.28,High Value,One-time (1)
ssy59n4m,11.28,1,3,11.28,High Value,One-time (1)
17tuxzzw,11.28,1,4,11.28,High Value,One-time (1)
7dpf5358,11.28,1,4,11.28,High Value,One-time (1)
af67w8b7,11.28,1,3,11.28,High Value,One-time (1)
0a3pcz17,11.28,1,2,11.28,High Value,One-time (1)
qerx5dol,11.28,1,4,11.28,High Value,One-time (1)
5g09gmdc,11.27,1,2,11.27,High Value,One-time (1)
75nbfg9o,11.27,1,3,11.27,High Value,One-time (1)
lvzxvi27,11.26,1,2,11.26,High Value,One-time (1)
nfknofyt,11.26,1,2,11.26,High Value,One-time (1)
wel8fm45,11.26,1,2,11.26,High Value,One-time (1)
9w5y40od,11.26,1,2,11.26,High Value,One-time (1)
y626kx0i,11.26,1,2,11.26,High Value,One-time (1)
whz849vo,11.26,1,2,11.26,High Value,One-time (1)
clk3r1gl,11.26,1,2,11.26,High Value,One-time (1)
xxpma3ob,11.25,1,3,11.25,High Value,One-time (1)
jot98nqe,11.25,1,2,11.25,High Value,One-time (1)
5f080pn6,11.24,1,2,11.24,High Value,One-time (1)
7z6c01uw,11.24,1,2,11.24,High Value,One-time (1)
p5eka78o,11.24,1,2,11.24,High Value,One-time (1)
oedda9hs,11.24,1,2,11.24,High Value,One-time (1)
z6cp7sav,11.24,3,3,3.7466666666666666,High Value,Occasional (2-3)
we1dj6fs,11.24,1,2,11.24,High Value,One-time (1)
sgabfd2h,11.24,1,2,11.24,High Value,One-time (1)
fkpi6dhz,11.24,1,2,11.24,High Value,One-time (1)
s92xfyg1,11.24,1,2,11.24,High Value,One-time (1)
w05ndc04,11.24,1,2,11.24,High Value,One-time (1)
mjhr5xlw,11.24,1,2,11.24,High Value,One-time (1)
n6e82skz,11.24,1,2,11.24,High Value,One-time (1)
wip6g3mx,11.24,1,2,11.24,High Value,One-time (1)
pqubkowq,11.24,1,2,11.24,High Value,One-time (1)
b49d5clf,11.24,1,2,11.24,High Value,One-time (1)
w7x65wsy,11.24,1,2,11.24,High Value,One-time (1)
vgww4fyb,11.23,2,3,5.615,High Value,Occasional (2-3)
2bihzl4i,11.22,1,6,11.22,High Value,One-time (1)
hvpdjx1j,11.22,1,5,11.22,High Value,One-time (1)
c4m2ni8k,11.19,1,3,11.19,High Value,One-time (1)
0wqw2cll,11.19,1,3,11.19,High Value,One-time (1)
osrgoh35,11.19,1,3,11.19,High Value,One-time (1)
byhj038p,11.19,1,3,11.19,High Value,One-time (1)
w60ihj7h,11.19,1,3,11.19,High Value,One-time (1)
p4ub6p5g,11.19,1,3,11.19,High Value,One-time (1)
j6txqmia,11.19,1,3,11.19,High Value,One-time (1)
u0rl4e3h,11.19,1,3,11.19,High Value,One-time (1)
ctsuflse,11.19,1,3,11.19,High Value,One-time (1)
vu19mk4v,11.19,1,3,11.19,High Value,One-time (1)
git0xxb6,11.19,1,3,11.19,High Value,One-time (1)
qlt0o0rh,11.19,1,3,11.19,High Value,One-time (1)
z7suwb94,11.18,1,6,11.18,High Value,One-time (1)
w50o9gsv,11.18,1,3,11.18,High Value,One-time (1)
67z0iwo6,11.16,1,2,11.16,High Value,One-time (1)
w85d4b7g,11.16,1,3,11.16,High Value,One-time (1)
92pbaflq,11.16,1,2,11.16,High Value,One-time (1)
0dy571vx,11.16,1,3,11.16,High Value,One-time (1)
6f1ipsax,11.16,1,3,11.16,High Value,One-time (1)
6f2z47n6,11.16,1,2,11.16,High Value,One-time (1)
uihy6n1r,11.16,1,2,11.16,High Value,One-time (1)
04om2xvv,11.15,1,2,11.15,High Value,One-time (1)
lf9yxam9,11.14,2,3,5.57,High Value,Occasional (2-3)
ndrwe3j9,11.12,1,3,11.12,High Value,One-time (1)
f5m4xm2d,11.12,1,2,11.12,High Value,One-time (1)
6gbk2lfa,11.12,1,2,11.12,High Value,One-time (1)
n4fs92n3,11.12,1,4,11.12,High Value,One-time (1)
kwe4bx4l,11.11,3,3,3.703333333333333,High Value,Occasional (2-3)
l4rwi6f5,11.11,1,2,11.11,High Value,One-time (1)
fdfjslsp,11.1,1,2,11.1,High Value,One-time (1)
g89w6mcl,11.1,1,2,11.1,High Value,One-time (1)
7jszoh78,11.1,1,2,11.1,High Value,One-time (1)
kkuyxz09,11.1,1,2,11.1,High Value,One-time (1)
8ezj3ejd,11.1,1,3,11.1,High Value,One-time (1)
sbgb35wc,11.1,1,2,11.1,High Value,One-time (1)
wxc3xn01,11.1,1,2,11.1,High Value,One-time (1)
2mm04kcj,11.1,1,3,11.1,High Value,One-time (1)
b85uynk5,11.1,1,2,11.1,High Value,One-time (1)
2s4s2nem,11.1,1,2,11.1,High Value,One-time (1)
jxqkd8ur,11.1,1,2,11.1,High Value,One-time (1)
v25fn6l6,11.1,1,2,11.1,High Value,One-time (1)
94jdyzt4,11.1,1,2,11.1,High Value,One-time (1)
u1ww9jgn,11.1,1,2,11.1,High Value,One-time (1)
vpmd5qxw,11.09,1,4,11.09,High Value,One-time (1)
ohc70sw0,11.09,1,4,11.09,High Value,One-time (1)
t1ghr09s,11.08,3,3,3.6933333333333334,High Value,Occasional (2-3)
wct4mb4t,11.07,1,3,11.07,High Value,One-time (1)
iwaluv79,11.07,1,3,11.07,High Value,One-time (1)
f45tfiah,11.07,1,3,11.07,High Value,One-time (1)
151re0w3,11.07,1,3,11.07,High Value,One-time (1)
g4c7z9gp,11.07,1,3,11.07,High Value,One-time (1)
t5l21iql,11.07,1,1,11.07,High Value,One-time (1)
ij9wjxrj,11.07,1,3,11.07,High Value,One-time (1)
qk8zl67r,11.07,1,3,11.07,High Value,One-time (1)
3zfpn1bb,11.07,1,1,11.07,High Value,One-time (1)
n6494o6o,11.07,1,5,11.07,High Value,One-time (1)
7jx3pp2o,11.07,1,3,11.07,High Value,One-time (1)
ogy0wzyo,11.07,1,3,11.07,High Value,One-time (1)
le6kwhef,11.07,1,3,11.07,High Value,One-time (1)
71t319aa,11.07,1,3,11.07,High Value,One-time (1)
bj7unigh,11.07,1,3,11.07,High Value,One-time (1)
orda6ssj,11.07,1,3,11.07,High Value,One-time (1)
jsu0qi2p,11.07,1,1,11.07,High Value,One-time (1)
orxmom5z,11.07,1,3,11.07,High Value,One-time (1)
fqp3wmmt,11.06,1,3,11.06,High Value,One-time (1)
o90gr2mr,11.06,1,1,11.06,High Value,One-time (1)
9gohm9cz,11.06,1,2,11.06,High Value,One-time (1)
ibrjt13n,11.06,1,2,11.06,High Value,One-time (1)
2ov8exrt,11.05,1,5,11.05,High Value,One-time (1)
qmy2pp82,11.05,1,5,11.05,High Value,One-time (1)
dx5o31yh,11.05,2,2,5.525,High Value,Occasional (2-3)
9v947sts,11.05,1,2,11.05,High Value,One-time (1)
4xxwt7ty,11.05,1,2,11.05,High Value,One-time (1)
fvvun5fe,11.04,1,4,11.04,High Value,One-time (1)
qqvhp2g7,11.04,1,1,11.04,High Value,One-time (1)
847agy51,11.04,1,2,11.04,High Value,One-time (1)
nq0nsb9j,11.04,1,2,11.04,High Value,One-time (1)
r1h8ntka,11.04,1,4,11.04,High Value,One-time (1)
noes6swl,11.04,1,1,11.04,High Value,One-time (1)
14czot72,11.04,1,4,11.04,High Value,One-time (1)
ahxthv3a,11.04,1,3,11.04,High Value,One-time (1)
njwo6ds3,11.04,1,1,11.04,High Value,One-time (1)
awehf44q,11.04,1,3,11.04,High Value,One-time (1)
9gngr46o,11.04,1,1,11.04,High Value,One-time (1)
yadwxkh2,11.04,1,4,11.04,High Value,One-time (1)
cfl9yxs9,11.04,1,2,11.04,High Value,One-time (1)
njiyikma,11.04,1,3,11.04,High Value,One-time (1)
rfrs3v19,11.04,1,2,11.04,High Value,One-time (1)
7zfobd5f,11.04,1,4,11.04,High Value,One-time (1)
df9m13ot,11.04,4,4,2.76,High Value,Frequent (4-7)
7zmhghwf,11.04,1,2,11.04,High Value,One-time (1)
xoyesdvs,11.04,1,4,11.04,High Value,One-time (1)
cjpq0y50,11.04,1,3,11.04,High Value,One-time (1)
ehou6qlz,11.04,1,1,11.04,High Value,One-time (1)
8bh6m5tu,11.04,1,3,11.04,High Value,One-time (1)
nf5p485h,11.04,1,1,11.04,High Value,One-time (1)
1zj8jkve,11.04,1,4,11.04,High Value,One-time (1)
06p1h98e,11.04,1,1,11.04,High Value,One-time (1)
kxanqmjz,11.04,1,3,11.04,High Value,One-time (1)
5o14gkps,11.04,1,3,11.04,High Value,One-time (1)
cpyrd4q9,11.04,1,2,11.04,High Value,One-time (1)
yswe7mdx,11.04,1,2,11.04,High Value,One-time (1)
g9yxo2aq,11.04,1,3,11.04,High Value,One-time (1)
kiyhjojv,11.04,1,2,11.04,High Value,One-time (1)
w4c6lbpj,11.03,2,3,5.515,High Value,Occasional (2-3)
14nijcp5,11.02,2,2,5.51,High Value,Occasional (2-3)
10s2wjln,11.02,1,2,11.02,High Value,One-time (1)
kzfl3ntl,11.02,1,2,11.02,High Value,One-time (1)
n5el11zk,11.02,1,2,11.02,High Value,One-time (1)
g3wolum0,11.02,1,2,11.02,High Value,One-time (1)
yceky8r9,11.02,1,2,11.02,High Value,One-time (1)
i73127ns,11.02,1,1,11.02,High Value,One-time (1)
ck88d0tg,11.02,3,3,3.6733333333333333,High Value,Occasional (2-3)
7l9yjdtt,11.02,1,2,11.02,High Value,One-time (1)
5hh8d0vf,11.01,1,3,11.01,High Value,One-time (1)
1qproa6l,11.0,1,2,11.0,High Value,One-time (1)
rvgydylj,11.0,1,2,11.0,High Value,One-time (1)
of3n7x8z,11.0,1,2,11.0,High Value,One-time (1)
h26gi0hr,11.0,1,4,11.0,High Value,One-time (1)
kt46hnvu,11.0,1,4,11.0,High Value,One-time (1)
dq1ddola,11.0,1,2,11.0,High Value,One-time (1)
j7fxzkik,11.0,1,2,11.0,High Value,One-time (1)
urtp0lzj,11.0,2,3,5.5,High Value,Occasional (2-3)
9n1q1zql,11.0,1,2,11.0,High Value,One-time (1)
3sdygfli,11.0,2,2,5.5,High Value,Occasional (2-3)
zphz80bi,11.0,1,2,11.0,High Value,One-time (1)
r1mprehw,11.0,1,2,11.0,High Value,One-time (1)
zsv6n8vd,11.0,1,4,11.0,High Value,One-time (1)
h779okby,11.0,1,2,11.0,High Value,One-time (1)
qgmfk3u8,11.0,1,4,11.0,High Value,One-time (1)
xv3h58wu,11.0,1,2,11.0,High Value,One-time (1)
s3rxvnrx,11.0,1,2,11.0,High Value,One-time (1)
5e9ybfdz,11.0,1,2,11.0,High Value,One-time (1)
edo4sybl,11.0,1,2,11.0,High Value,One-time (1)
s443iz7z,11.0,1,2,11.0,High Value,One-time (1)
cgplqzy2,11.0,1,2,11.0,High Value,One-time (1)
wz7d1m9g,11.0,1,4,11.0,High Value,One-time (1)
ecdxosro,10.96,1,4,10.96,High Value,One-time (1)
inhdwrel,10.96,1,4,10.96,High Value,One-time (1)
550m7jlr,10.95,1,3,10.95,High Value,One-time (1)
kp7lyuqq,10.95,1,3,10.95,High Value,One-time (1)
kxbi6jjt,10.95,2,3,5.475,High Value,Occasional (2-3)
lg3zrxw0,10.95,1,3,10.95,High Value,One-time (1)
7auw3x7k,10.94,1,2,10.94,High Value,One-time (1)
9tmbhdb4,10.94,1,1,10.94,High Value,One-time (1)
f5kkg63d,10.94,1,2,10.94,High Value,One-time (1)
w2e4e6d8,10.94,1,2,10.94,High Value,One-time (1)
fn65s5sb,10.94,1,2,10.94,High Value,One-time (1)
judl3af6,10.93,1,3,10.93,High Value,One-time (1)
kumyzmmx,10.93,1,3,10.93,High Value,One-time (1)
d09dt8gs,10.92,1,2,10.92,High Value,One-time (1)
z1htpjx6,10.92,1,2,10.92,High Value,One-time (1)
inqo73ci,10.92,1,2,10.92,High Value,One-time (1)
uo6wjh4s,10.92,1,4,10.92,High Value,One-time (1)
sd7hlfil,10.92,1,2,10.92,High Value,One-time (1)
z8t3w0vx,10.92,1,4,10.92,High Value,One-time (1)
3afqqo37,10.92,1,2,10.92,High Value,One-time (1)
gq55jg8b,10.92,1,2,10.92,High Value,One-time (1)
30w4gj4g,10.92,1,2,10.92,High Value,One-time (1)
nwi5flul,10.92,3,3,3.64,High Value,Occasional (2-3)
isgzvvqi,10.92,1,2,10.92,High Value,One-time (1)
id4c0q8h,10.92,1,2,10.92,High Value,One-time (1)
5o0vvna5,10.92,1,4,10.92,High Value,One-time (1)
rj7ug5jv,10.9,1,2,10.9,High Value,One-time (1)
j5b7wlt0,10.9,1,2,10.9,High Value,One-time (1)
854bls04,10.9,1,2,10.9,High Value,One-time (1)
r1ufxc2d,10.9,1,2,10.9,High Value,One-time (1)
099haq8g,10.9,1,2,10.9,High Value,One-time (1)
g8c6ypkx,10.9,1,2,10.9,High Value,One-time (1)
6z4zoifc,10.9,1,2,10.9,High Value,One-time (1)
xbwwdpbl,10.9,1,2,10.9,High Value,One-time (1)
7xsexbfk,10.9,1,2,10.9,High Value,One-time (1)
lvcwvzxx,10.9,1,2,10.9,High Value,One-time (1)
2vzgjmz6,10.9,1,2,10.9,High Value,One-time (1)
etn6yv3f,10.9,1,2,10.9,High Value,One-time (1)
04x0qzfh,10.9,1,2,10.9,High Value,One-time (1)
k06qqgtp,10.9,1,2,10.9,High Value,One-time (1)
dk5vxryp,10.9,1,2,10.9,High Value,One-time (1)
bb2manpl,10.9,1,2,10.9,High Value,One-time (1)
vm2ns6un,10.9,1,2,10.9,High Value,One-time (1)
1km4s3ob,10.88,1,4,10.88,High Value,One-time (1)
drc9r8lv,10.88,1,4,10.88,High Value,One-time (1)
s2d9td5k,10.88,1,4,10.88,High Value,One-time (1)
uadvwksh,10.870000000000001,2,4,5.4350000000000005,High Value,Occasional (2-3)
72cvo68k,10.87,1,4,10.87,High Value,One-time (1)
1cmveky5,10.86,1,3,10.86,High Value,One-time (1)
zo31w9n3,10.86,1,3,10.86,High Value,One-time (1)
76g3ml39,10.86,1,3,10.86,High Value,One-time (1)
ytup8v3d,10.86,1,3,10.86,High Value,One-time (1)
1nam7nl9,10.86,1,3,10.86,High Value,One-time (1)
tt2aj5dx,10.84,1,4,10.84,High Value,One-time (1)
i7p5tb94,10.84,2,3,5.42,High Value,Occasional (2-3)
giac0jqb,10.83,1,3,10.83,High Value,One-time (1)
i2vx7vnq,10.83,1,3,10.83,High Value,One-time (1)
y4qgmu57,10.83,1,3,10.83,High Value,One-time (1)
5t4txk0g,10.83,1,3,10.83,High Value,One-time (1)
fs7ircdw,10.83,1,3,10.83,High Value,One-time (1)
8vwyso6z,10.83,1,2,10.83,High Value,One-time (1)
t10o0qov,10.83,1,3,10.83,High Value,One-time (1)
cchcaf0c,10.83,1,3,10.83,High Value,One-time (1)
8994rtsv,10.83,1,3,10.83,High Value,One-time (1)
lz1apirt,10.83,1,3,10.83,High Value,One-time (1)
ina89p49,10.83,1,3,10.83,High Value,One-time (1)
mza6sc15,10.83,1,3,10.83,High Value,One-time (1)
ma686h8x,10.83,1,3,10.83,High Value,One-time (1)
0h197iwo,10.83,1,3,10.83,High Value,One-time (1)
or7vqg7b,10.8,1,2,10.8,High Value,One-time (1)
vpc8cx35,10.8,1,2,10.8,High Value,One-time (1)
z50tnpdm,10.8,1,3,10.8,High Value,One-time (1)
w88psuab,10.8,1,2,10.8,High Value,One-time (1)
nqq0jivk,10.8,1,5,10.8,High Value,One-time (1)
acojxxke,10.8,1,6,10.8,High Value,One-time (1)
9tyii9kw,10.8,1,2,10.8,High Value,One-time (1)
hwshrkkx,10.8,1,2,10.8,High Value,One-time (1)
jmacmlxe,10.8,1,2,10.8,High Value,One-time (1)
wx0i3a4k,10.8,1,4,10.8,High Value,One-time (1)
tccvtod1,10.8,1,2,10.8,High Value,One-time (1)
ry6xzptr,10.8,1,4,10.8,High Value,One-time (1)
hrp1rawp,10.8,1,2,10.8,High Value,One-time (1)
mw2c9j2s,10.8,1,4,10.8,High Value,One-time (1)
6farmgjc,10.8,2,2,5.4,High Value,Occasional (2-3)
buq2mfto,10.8,1,4,10.8,High Value,One-time (1)
2w582q90,10.8,1,3,10.8,High Value,One-time (1)
o9yvcapm,10.8,1,2,10.8,High Value,One-time (1)
v2y5i8an,10.8,1,3,10.8,High Value,One-time (1)
vy6l7o45,10.8,1,2,10.8,High Value,One-time (1)
8wfhukh6,10.8,1,4,10.8,High Value,One-time (1)
32a29i6k,10.8,1,1,10.8,High Value,One-time (1)
93jkqycj,10.8,1,2,10.8,High Value,One-time (1)
7uogsk2v,10.78,1,2,10.78,High Value,One-time (1)
yj0vbo7c,10.78,1,2,10.78,High Value,One-time (1)
h04gxkbz,10.78,1,2,10.78,High Value,One-time (1)
zewud46f,10.78,1,2,10.78,High Value,One-time (1)
7l2kmtxk,10.78,1,2,10.78,High Value,One-time (1)
7rph8ylk,10.78,1,2,10.78,High Value,One-time (1)
7qam8jwy,10.78,1,2,10.78,High Value,One-time (1)
yrydzpfi,10.78,1,2,10.78,High Value,One-time (1)
3clly6ms,10.78,1,2,10.78,High Value,One-time (1)
gmk12okg,10.78,1,2,10.78,High Value,One-time (1)
3djbmph1,10.76,1,2,10.76,High Value,One-time (1)
1vu9qmkq,10.76,1,2,10.76,High Value,One-time (1)
2bfcbndd,10.76,1,2,10.76,High Value,One-time (1)
02krc1jc,10.75,1,4,10.75,High Value,One-time (1)
ymenvg3k,10.75,2,4,5.375,High Value,Occasional (2-3)
nuhun238,10.75,1,2,10.75,High Value,One-time (1)
4c1x11js,10.72,1,2,10.72,High Value,One-time (1)
7ewnbp9f,10.72,1,2,10.72,High Value,One-time (1)
yoj35o7c,10.72,1,2,10.72,High Value,One-time (1)
lm2vxr2k,10.72,1,2,10.72,High Value,One-time (1)
b27sd2yj,10.72,1,2,10.72,High Value,One-time (1)
p6gy3qe6,10.72,1,2,10.72,High Value,One-time (1)
xb3jnohi,10.72,1,4,10.72,High Value,One-time (1)
91hzr0c2,10.72,1,4,10.72,High Value,One-time (1)
14tkag08,10.72,1,3,10.72,High Value,One-time (1)
b2rvndfd,10.719999999999999,2,4,5.359999999999999,High Value,Occasional (2-3)
zfs5324g,10.71,1,3,10.71,High Value,One-time (1)
68powuem,10.71,1,3,10.71,High Value,One-time (1)
tflwt1zp,10.71,1,5,10.71,High Value,One-time (1)
9wjs8sbw,10.71,1,3,10.71,High Value,One-time (1)
tsmrfzfl,10.71,1,3,10.71,High Value,One-time (1)
2wfzx45h,10.71,1,3,10.71,High Value,One-time (1)
mofmaq73,10.71,1,3,10.71,High Value,One-time (1)
h6swb9bx,10.71,1,1,10.71,High Value,One-time (1)
ukhc7aqw,10.71,1,1,10.71,High Value,One-time (1)
320onpfq,10.71,1,3,10.71,High Value,One-time (1)
jqf2lbky,10.71,1,3,10.71,High Value,One-time (1)
pmvqnyxe,10.71,1,3,10.71,High Value,One-time (1)
noyt0jsv,10.71,1,2,10.71,High Value,One-time (1)
axeqbnhl,10.7,1,2,10.7,High Value,One-time (1)
3a6f2cn9,10.7,1,2,10.7,High Value,One-time (1)
3l2m0938,10.7,1,2,10.7,High Value,One-time (1)
877w0l4z,10.7,1,2,10.7,High Value,One-time (1)
xu6pqg6x,10.7,1,2,10.7,High Value,One-time (1)
62akvwvd,10.7,1,2,10.7,High Value,One-time (1)
azalhxj4,10.7,1,2,10.7,High Value,One-time (1)
mqw8evrc,10.7,2,2,5.35,High Value,Occasional (2-3)
gsqugrg4,10.7,1,2,10.7,High Value,One-time (1)
g3lqr4us,10.7,1,2,10.7,High Value,One-time (1)
axk6loln,10.7,1,2,10.7,High Value,One-time (1)
2vkaeth3,10.7,1,2,10.7,High Value,One-time (1)
aaycjrhp,10.69,1,2,10.69,High Value,One-time (1)
ule3799y,10.69,1,3,10.69,High Value,One-time (1)
mgzzxd4u,10.68,1,2,10.68,High Value,One-time (1)
x5v0jlng,10.68,1,2,10.68,High Value,One-time (1)
wii6bw4r,10.68,1,4,10.68,High Value,One-time (1)
u7vwo7x1,10.68,1,2,10.68,High Value,One-time (1)
u42u9qil,10.68,1,4,10.68,High Value,One-time (1)
dwliwohh,10.68,1,2,10.68,High Value,One-time (1)
atuzfals,10.68,1,2,10.68,High Value,One-time (1)
g4620bq0,10.68,1,4,10.68,High Value,One-time (1)
tvb7ba93,10.68,1,4,10.68,High Value,One-time (1)
ssdieykg,10.68,1,3,10.68,High Value,One-time (1)
1enngay3,10.67,2,2,5.335,High Value,Occasional (2-3)
7pq4ddv2,10.67,3,4,3.5566666666666666,High Value,Occasional (2-3)
2qaoff90,10.66,1,2,10.66,High Value,One-time (1)
7zblus6o,10.66,1,2,10.66,High Value,One-time (1)
o8vswskv,10.66,1,2,10.66,High Value,One-time (1)
f1hx6zdc,10.66,1,2,10.66,High Value,One-time (1)
1biwy9lt,10.66,1,2,10.66,High Value,One-time (1)
k7ze88ff,10.66,1,2,10.66,High Value,One-time (1)
ut5thblq,10.66,1,2,10.66,High Value,One-time (1)
48aymm8h,10.66,1,2,10.66,High Value,One-time (1)
7cj8p80u,10.66,1,2,10.66,High Value,One-time (1)
xhn29e9n,10.66,1,2,10.66,High Value,One-time (1)
6v0mj77j,10.66,1,2,10.66,High Value,One-time (1)
rtrp3hng,10.66,1,2,10.66,High Value,One-time (1)
4csoah22,10.66,1,2,10.66,High Value,One-time (1)
zlkkvs9v,10.66,1,2,10.66,High Value,One-time (1)
rxzr8msv,10.66,1,2,10.66,High Value,One-time (1)
082fhzzt,10.66,1,2,10.66,High Value,One-time (1)
mt1bm5be,10.66,1,2,10.66,High Value,One-time (1)
oktlsnhc,10.66,1,2,10.66,High Value,One-time (1)
jotdarw0,10.66,1,2,10.66,High Value,One-time (1)
12gnveoe,10.66,1,2,10.66,High Value,One-time (1)
89a0lno5,10.66,1,2,10.66,High Value,One-time (1)
o34dn1h7,10.66,1,2,10.66,High Value,One-time (1)
29q2l48c,10.649999999999999,2,3,5.324999999999999,High Value,Occasional (2-3)
0ikdcujf,10.64,1,4,10.64,High Value,One-time (1)
hoc9l6n7,10.64,1,4,10.64,High Value,One-time (1)
0rdbjm9q,10.64,1,4,10.64,High Value,One-time (1)
64y96osx,10.64,1,4,10.64,High Value,One-time (1)
vjwmpr3s,10.64,1,4,10.64,High Value,One-time (1)
r0m6hz72,10.620000000000001,2,4,5.3100000000000005,High Value,Occasional (2-3)
lbfsh5ls,10.62,1,4,10.62,High Value,One-time (1)
mppjbeah,10.62,1,4,10.62,High Value,One-time (1)
x4da0yae,10.6,1,5,10.6,High Value,One-time (1)
2skkftfy,10.6,1,5,10.6,High Value,One-time (1)
g38txa6d,10.6,1,4,10.6,High Value,One-time (1)
k9lo5ft3,10.6,1,4,10.6,High Value,One-time (1)
vg7l51pr,10.6,1,2,10.6,High Value,One-time (1)
krk8xrqu,10.6,1,5,10.6,High Value,One-time (1)
s0m0n8zu,10.59,1,3,10.59,High Value,One-time (1)
jz09owgm,10.59,2,3,5.295,High Value,Occasional (2-3)
fvt71uop,10.59,1,3,10.59,High Value,One-time (1)
30e8zq6a,10.59,1,3,10.59,High Value,One-time (1)
iltdaj46,10.59,1,3,10.59,High Value,One-time (1)
hw2vpgno,10.59,1,3,10.59,High Value,One-time (1)
p51lzzqm,10.59,1,3,10.59,High Value,One-time (1)
nsbr0uuj,10.59,1,3,10.59,High Value,One-time (1)
874c6ak6,10.58,1,2,10.58,High Value,One-time (1)
loy0gm70,10.58,1,2,10.58,High Value,One-time (1)
50kufdes,10.58,1,2,10.58,High Value,One-time (1)
dp77kthe,10.58,1,2,10.58,High Value,One-time (1)
ybiz8ewv,10.58,1,3,10.58,High Value,One-time (1)
fq1iso6x,10.58,1,2,10.58,High Value,One-time (1)
ns2ckqda,10.58,1,2,10.58,High Value,One-time (1)
twehgimn,10.58,1,2,10.58,High Value,One-time (1)
ntjk2gza,10.57,3,3,3.5233333333333334,High Value,Occasional (2-3)
malwvmb0,10.56,2,3,5.28,High Value,Occasional (2-3)
f744nlde,10.56,1,3,10.56,High Value,One-time (1)
0ry4uo9j,10.56,1,2,10.56,High Value,One-time (1)
edm0p54a,10.56,1,4,10.56,High Value,One-time (1)
6qsunnly,10.56,1,3,10.56,High Value,One-time (1)
ih7yuzck,10.56,1,3,10.56,High Value,One-time (1)
o0ubt1gy,10.56,1,4,10.56,High Value,One-time (1)
isdrf008,10.56,1,3,10.56,High Value,One-time (1)
k441nv2a,10.56,1,3,10.56,High Value,One-time (1)
ksky0lid,10.56,1,3,10.56,High Value,One-time (1)
4b9ygy51,10.56,1,3,10.56,High Value,One-time (1)
ybww6wgv,10.56,1,3,10.56,High Value,One-time (1)
ufizmemb,10.54,1,2,10.54,High Value,One-time (1)
q1sg1pzk,10.52,1,4,10.52,High Value,One-time (1)
usfbttyj,10.52,1,4,10.52,High Value,One-time (1)
a687bdg8,10.5,1,3,10.5,High Value,One-time (1)
31w0gq34,10.5,2,3,5.25,High Value,Occasional (2-3)
55hl0pit,10.5,1,2,10.5,High Value,One-time (1)
5n69tgjt,10.5,1,3,10.5,High Value,One-time (1)
cof3138i,10.5,3,3,3.5,High Value,Occasional (2-3)
d9q4jwo3,10.5,1,3,10.5,High Value,One-time (1)
bcyaq880,10.5,1,3,10.5,High Value,One-time (1)
7iu9bzcf,10.5,1,2,10.5,High Value,One-time (1)
dd8jk4f2,10.5,1,3,10.5,High Value,One-time (1)
feaynug3,10.48,1,2,10.48,High Value,One-time (1)
if64o0ie,10.48,1,2,10.48,High Value,One-time (1)
az6rorqr,10.48,1,2,10.48,High Value,One-time (1)
gstrjaoy,10.48,1,4,10.48,High Value,One-time (1)
0tjxf30p,10.48,1,4,10.48,High Value,One-time (1)
m165e7pw,10.48,1,2,10.48,High Value,One-time (1)
vr8lfh2b,10.48,1,2,10.48,High Value,One-time (1)
vycs44ph,10.48,2,3,5.24,High Value,Occasional (2-3)
4b8c2ku8,10.48,1,2,10.48,High Value,One-time (1)
x3nkc901,10.48,1,1,10.48,High Value,One-time (1)
f8cgvyie,10.48,1,2,10.48,High Value,One-time (1)
vvcudaha,10.48,1,4,10.48,High Value,One-time (1)
qggnub2q,10.48,1,2,10.48,High Value,One-time (1)
pgck4hcn,10.48,1,4,10.48,High Value,One-time (1)
3em6pczd,10.48,1,1,10.48,High Value,One-time (1)
b7fwcvon,10.48,1,2,10.48,High Value,One-time (1)
o6fyq8l8,10.48,1,4,10.48,High Value,One-time (1)
wmo3etbj,10.48,1,4,10.48,High Value,One-time (1)
waj1g1r1,10.47,1,3,10.47,High Value,One-time (1)
5kkw6cq6,10.47,1,3,10.47,High Value,One-time (1)
xs6ydwv3,10.47,1,3,10.47,High Value,One-time (1)
t4p501no,10.47,1,3,10.47,High Value,One-time (1)
1e3txdl3,10.47,1,3,10.47,High Value,One-time (1)
tg21hslt,10.47,1,3,10.47,High Value,One-time (1)
0o5via9d,10.46,1,2,10.46,High Value,One-time (1)
ba60p1zl,10.46,1,2,10.46,High Value,One-time (1)
1ij3q7i2,10.46,1,2,10.46,High Value,One-time (1)
raywae9x,10.46,1,2,10.46,High Value,One-time (1)
xc45bncc,10.46,2,3,5.23,High Value,Occasional (2-3)
8mbikjha,10.46,1,2,10.46,High Value,One-time (1)
mpwnq2kv,10.46,1,2,10.46,High Value,One-time (1)
ms7cs4bn,10.46,1,3,10.46,High Value,One-time (1)
sbrp14xh,10.46,2,3,5.23,High Value,Occasional (2-3)
9tund6pk,10.46,1,2,10.46,High Value,One-time (1)
1gjcc00v,10.46,1,2,10.46,High Value,One-time (1)
l29nu0m3,10.46,1,2,10.46,High Value,One-time (1)
ti3twaom,10.46,1,2,10.46,High Value,One-time (1)
wpqi6u2b,10.46,1,2,10.46,High Value,One-time (1)
vfx2zvl9,10.46,2,3,5.23,High Value,Occasional (2-3)
trp0j43d,10.46,2,4,5.23,High Value,Occasional (2-3)
cgpjick2,10.44,1,2,10.44,High Value,One-time (1)
fi5ckdqb,10.44,1,2,10.44,High Value,One-time (1)
6rrs7hnv,10.44,1,2,10.44,High Value,One-time (1)
rydjkz2c,10.44,1,2,10.44,High Value,One-time (1)
bg81a0vd,10.44,1,2,10.44,High Value,One-time (1)
10w69eaq,10.44,1,4,10.44,High Value,One-time (1)
ev880e97,10.44,1,2,10.44,High Value,One-time (1)
w0bihcod,10.44,1,2,10.44,High Value,One-time (1)
jzoqpff5,10.44,1,2,10.44,High Value,One-time (1)
2ht7kdi8,10.44,1,2,10.44,High Value,One-time (1)
vjtr8iza,10.44,1,2,10.44,High Value,One-time (1)
a30k901r,10.44,1,2,10.44,High Value,One-time (1)
0qxh95un,10.44,1,2,10.44,High Value,One-time (1)
3259qavv,10.44,1,2,10.44,High Value,One-time (1)
zd1q1xo1,10.44,1,2,10.44,High Value,One-time (1)
a3bhk0te,10.44,1,2,10.44,High Value,One-time (1)
fb0d21d2,10.44,1,2,10.44,High Value,One-time (1)
5iv71vyy,10.44,1,2,10.44,High Value,One-time (1)
zrad8ejp,10.44,1,2,10.44,High Value,One-time (1)
ui1jlmfl,10.43,2,3,5.215,High Value,Occasional (2-3)
v55psq0o,10.43,2,2,5.215,High Value,Occasional (2-3)
lsubr1ha,10.4,1,2,10.4,High Value,One-time (1)
5j1hi5lv,10.4,1,2,10.4,High Value,One-time (1)
bfeftc9o,10.4,1,2,10.4,High Value,One-time (1)
edew1qrz,10.4,1,2,10.4,High Value,One-time (1)
rnswpi95,10.4,1,2,10.4,High Value,One-time (1)
m0g9kdud,10.4,1,2,10.4,High Value,One-time (1)
b5xrue66,10.4,1,2,10.4,High Value,One-time (1)
zk1iqxvx,10.4,1,2,10.4,High Value,One-time (1)
25lzse99,10.39,2,3,5.195,High Value,Occasional (2-3)
h5s3atd3,10.38,1,3,10.38,High Value,One-time (1)
vzpzphaj,10.38,1,3,10.38,High Value,One-time (1)
0n6rovfi,10.38,1,2,10.38,High Value,One-time (1)
stklboow,10.38,1,3,10.38,High Value,One-time (1)
g77cqvsf,10.38,1,2,10.38,High Value,One-time (1)
09sph3gc,10.38,1,3,10.38,High Value,One-time (1)
6agus9vl,10.38,1,3,10.38,High Value,One-time (1)
9twwexcv,10.37,1,2,10.37,High Value,One-time (1)
x7ngsbdv,10.37,1,2,10.37,High Value,One-time (1)
uxak4ias,10.37,1,3,10.37,High Value,One-time (1)
2h283x4n,10.36,1,4,10.36,High Value,One-time (1)
qbi73f12,10.36,1,2,10.36,High Value,One-time (1)
pzgsvanr,10.36,2,4,5.18,High Value,Occasional (2-3)
90uufxfe,10.36,1,2,10.36,High Value,One-time (1)
lrrwh5ej,10.36,1,2,10.36,High Value,One-time (1)
6vhlkdiu,10.36,1,2,10.36,High Value,One-time (1)
fb21ao2d,10.36,1,2,10.36,High Value,One-time (1)
zk4dl400,10.35,1,3,10.35,High Value,One-time (1)
n105vghs,10.35,1,5,10.35,High Value,One-time (1)
swgqaq5u,10.35,1,3,10.35,High Value,One-time (1)
gz6nlmym,10.35,1,3,10.35,High Value,One-time (1)
egowbrds,10.35,1,3,10.35,High Value,One-time (1)
30wr0shi,10.35,1,5,10.35,High Value,One-time (1)
2cy5qqqv,10.35,1,3,10.35,High Value,One-time (1)
ivr29jt7,10.35,1,3,10.35,High Value,One-time (1)
pz7ufui1,10.35,1,5,10.35,High Value,One-time (1)
wfm5dohp,10.34,1,2,10.34,High Value,One-time (1)
8dxdbklz,10.34,1,2,10.34,High Value,One-time (1)
nz9jn7k9,10.34,1,2,10.34,High Value,One-time (1)
n09z6yef,10.34,1,2,10.34,High Value,One-time (1)
hghgkmf4,10.34,1,2,10.34,High Value,One-time (1)
dfbre72t,10.34,1,2,10.34,High Value,One-time (1)
m35jjgxw,10.34,1,2,10.34,High Value,One-time (1)
lt2xtmep,10.34,1,2,10.34,High Value,One-time (1)
or1ms4vz,10.34,1,2,10.34,High Value,One-time (1)
ezkb6la0,10.34,1,2,10.34,High Value,One-time (1)
pc5gdrle,10.34,1,2,10.34,High Value,One-time (1)
6xojbcfu,10.34,1,2,10.34,High Value,One-time (1)
odijtuzh,10.34,1,2,10.34,High Value,One-time (1)
v7iaxuon,10.34,1,2,10.34,High Value,One-time (1)
lyi3jup6,10.34,1,2,10.34,High Value,One-time (1)
mrxlc88d,10.34,1,2,10.34,High Value,One-time (1)
wk05vivz,10.34,1,2,10.34,High Value,One-time (1)
yiojchhv,10.34,1,2,10.34,High Value,One-time (1)
27f50mad,10.34,1,2,10.34,High Value,One-time (1)
l811pecq,10.34,1,2,10.34,High Value,One-time (1)
m9r3454n,10.34,1,2,10.34,High Value,One-time (1)
p81s4y5m,10.34,1,2,10.34,High Value,One-time (1)
126w1xny,10.34,1,2,10.34,High Value,One-time (1)
5g9fp9gy,10.34,1,2,10.34,High Value,One-time (1)
rhg181d0,10.34,1,2,10.34,High Value,One-time (1)
f742yzs5,10.34,1,2,10.34,High Value,One-time (1)
6wm6dztn,10.34,1,2,10.34,High Value,One-time (1)
m2kk5qva,10.34,1,2,10.34,High Value,One-time (1)
3s9fo1iy,10.34,1,2,10.34,High Value,One-time (1)
1vdc9h7f,10.34,1,2,10.34,High Value,One-time (1)
qn1h6frm,10.34,1,2,10.34,High Value,One-time (1)
1iycxj4s,10.34,1,2,10.34,High Value,One-time (1)
jefzrb5e,10.34,1,2,10.34,High Value,One-time (1)
iopxbl4t,10.34,1,2,10.34,High Value,One-time (1)
qjfqu591,10.34,1,2,10.34,High Value,One-time (1)
30s2d7hb,10.34,1,2,10.34,High Value,One-time (1)
92k8irr4,10.34,1,2,10.34,High Value,One-time (1)
y3q3hfmi,10.34,1,2,10.34,High Value,One-time (1)
m340c3bv,10.34,1,2,10.34,High Value,One-time (1)
3tju0kkp,10.34,1,2,10.34,High Value,One-time (1)
d951xoti,10.33,1,4,10.33,High Value,One-time (1)
h5yon14v,10.32,1,3,10.32,High Value,One-time (1)
ntjkkd9b,10.32,1,3,10.32,High Value,One-time (1)
ij5wowkn,10.32,1,3,10.32,High Value,One-time (1)
cb4fw6xu,10.32,1,4,10.32,High Value,One-time (1)
pidvyf6s,10.32,1,3,10.32,High Value,One-time (1)
qcsk96x7,10.32,1,3,10.32,High Value,One-time (1)
x6qcck3q,10.32,1,3,10.32,High Value,One-time (1)
a7dorfki,10.32,2,3,5.16,High Value,Occasional (2-3)
uvfw3we4,10.32,1,3,10.32,High Value,One-time (1)
j89lwri7,10.32,1,4,10.32,High Value,One-time (1)
4ez1d5e5,10.32,1,3,10.32,High Value,One-time (1)
s6w0sbj6,10.32,1,4,10.32,High Value,One-time (1)
cj18vg7o,10.32,1,3,10.32,High Value,One-time (1)
m0pjbjs8,10.32,1,3,10.32,High Value,One-time (1)
ix6r1nxh,10.3,2,2,5.15,High Value,Occasional (2-3)
l0n2tnxh,10.3,2,3,5.15,High Value,Occasional (2-3)
sk0qhvob,10.29,1,3,10.29,High Value,One-time (1)
qlcj1bm0,10.29,1,3,10.29,High Value,One-time (1)
ky9xec7a,10.28,1,2,10.28,High Value,One-time (1)
1jylg8gv,10.28,1,2,10.28,High Value,One-time (1)
h228mf9l,10.28,1,4,10.28,High Value,One-time (1)
y9pe0hdj,10.28,1,2,10.28,High Value,One-time (1)
96mj9n6e,10.27,2,2,5.135,High Value,Occasional (2-3)
kudou8r2,10.26,1,3,10.26,High Value,One-time (1)
r0tokpk7,10.26,3,3,3.42,High Value,Occasional (2-3)
109zdo0d,10.26,1,3,10.26,High Value,One-time (1)
u4f2cgnk,10.26,1,3,10.26,High Value,One-time (1)
qgcaa818,10.26,1,3,10.26,High Value,One-time (1)
zrcroi42,10.26,1,3,10.26,High Value,One-time (1)
lsh3tow4,10.26,1,3,10.26,High Value,One-time (1)
ae0yvq7w,10.26,1,2,10.26,High Value,One-time (1)
6rpxqtrg,10.26,1,3,10.26,High Value,One-time (1)
wjq4ta5i,10.26,3,3,3.42,High Value,Occasional (2-3)
oca9r3py,10.26,1,3,10.26,High Value,One-time (1)
v6u8b4ty,10.26,1,3,10.26,High Value,One-time (1)
dzr1yxr2,10.26,1,3,10.26,High Value,One-time (1)
gt2rnysu,10.26,1,3,10.26,High Value,One-time (1)
bhw4zpqr,10.26,1,2,10.26,High Value,One-time (1)
5r37796z,10.26,1,3,10.26,High Value,One-time (1)
35liyum4,10.26,1,3,10.26,High Value,One-time (1)
9vcjp9mi,10.26,1,3,10.26,High Value,One-time (1)
5d3blcw9,10.26,1,3,10.26,High Value,One-time (1)
37zofkx7,10.26,1,2,10.26,High Value,One-time (1)
omrde51k,10.26,1,3,10.26,High Value,One-time (1)
b7jwuwkk,10.26,1,3,10.26,High Value,One-time (1)
ho59izey,10.26,1,3,10.26,High Value,One-time (1)
7a6tysie,10.26,1,2,10.26,High Value,One-time (1)
k364t062,10.26,1,3,10.26,High Value,One-time (1)
nxsg6ao4,10.26,1,3,10.26,High Value,One-time (1)
1cjosyyp,10.26,1,3,10.26,High Value,One-time (1)
bgxroch6,10.26,1,3,10.26,High Value,One-time (1)
rv0j35gi,10.25,1,5,10.25,High Value,One-time (1)
3ec28aus,10.25,1,5,10.25,High Value,One-time (1)
mh3thsr3,10.25,1,5,10.25,High Value,One-time (1)
juc7ddis,10.24,1,4,10.24,High Value,One-time (1)
cd8pzme9,10.23,1,3,10.23,High Value,One-time (1)
scdtmspf,10.23,1,3,10.23,High Value,One-time (1)
9hgkqvj2,10.23,1,3,10.23,High Value,One-time (1)
syt7ak3j,10.23,1,4,10.23,High Value,One-time (1)
i72w4oeb,10.21,2,2,5.105,High Value,Occasional (2-3)
huh2h8m7,10.2,1,3,10.2,High Value,One-time (1)
9dl4j3fb,10.2,1,2,10.2,High Value,One-time (1)
hycx8ae0,10.2,1,2,10.2,High Value,One-time (1)
8yatye73,10.2,1,5,10.2,High Value,One-time (1)
7e0y60kb,10.2,1,2,10.2,High Value,One-time (1)
94gl95jj,10.2,1,2,10.2,High Value,One-time (1)
n1hahi7w,10.2,1,2,10.2,High Value,One-time (1)
lvgi1omy,10.2,1,2,10.2,High Value,One-time (1)
aejiroa4,10.2,1,1,10.2,High Value,One-time (1)
000cgn3v,10.2,1,1,10.2,High Value,One-time (1)
fu4wvpvg,10.2,1,3,10.2,High Value,One-time (1)
dz9ttk9k,10.2,1,1,10.2,High Value,One-time (1)
68cmisfs,10.2,1,4,10.2,High Value,One-time (1)
yndvgo3a,10.2,1,2,10.2,High Value,One-time (1)
4mx91uxz,10.2,1,1,10.2,High Value,One-time (1)
tuo05oym,10.2,1,2,10.2,High Value,One-time (1)
so6pxppq,10.2,1,3,10.2,High Value,One-time (1)
067d2iqz,10.2,1,1,10.2,High Value,One-time (1)
eo9z28ik,10.2,1,2,10.2,High Value,One-time (1)
vutytud3,10.2,1,3,10.2,High Value,One-time (1)
0ujsyvvy,10.2,1,3,10.2,High Value,One-time (1)
wcyuknd1,10.2,1,1,10.2,High Value,One-time (1)
zk8wz7xg,10.2,1,1,10.2,High Value,One-time (1)
1q25ursr,10.2,1,2,10.2,High Value,One-time (1)
bry1wr7e,10.2,1,3,10.2,High Value,One-time (1)
bs4ilrzc,10.2,1,2,10.2,High Value,One-time (1)
560swucs,10.2,1,1,10.2,High Value,One-time (1)
u1h9udtl,10.2,1,1,10.2,High Value,One-time (1)
u7us3yf5,10.2,1,2,10.2,High Value,One-time (1)
bc5rkevy,10.2,1,2,10.2,High Value,One-time (1)
3qdnhtu6,10.2,1,2,10.2,High Value,One-time (1)
67xxogk4,10.2,1,1,10.2,High Value,One-time (1)
t4ve18cq,10.2,1,3,10.2,High Value,One-time (1)
gkzjrumx,10.2,1,3,10.2,High Value,One-time (1)
105jhmq4,10.2,1,1,10.2,High Value,One-time (1)
omx3hszr,10.2,1,2,10.2,High Value,One-time (1)
v8btvex1,10.2,1,1,10.2,High Value,One-time (1)
dq5h662z,10.2,1,1,10.2,High Value,One-time (1)
17gpiudx,10.2,1,2,10.2,High Value,One-time (1)
z809qfky,10.2,1,3,10.2,High Value,One-time (1)
p73ujboo,10.2,1,2,10.2,High Value,One-time (1)
elnqopzu,10.2,1,2,10.2,High Value,One-time (1)
5lkhtaqm,10.2,1,3,10.2,High Value,One-time (1)
38msmxvs,10.2,1,3,10.2,High Value,One-time (1)
rnmtsox2,10.2,1,3,10.2,High Value,One-time (1)
zrymkh59,10.2,1,1,10.2,High Value,One-time (1)
4jrcq97r,10.2,1,2,10.2,High Value,One-time (1)
buudp9l6,10.2,1,2,10.2,High Value,One-time (1)
05pxxfga,10.2,1,1,10.2,High Value,One-time (1)
5gs9k00u,10.2,1,2,10.2,High Value,One-time (1)
v1jv7r2m,10.18,1,3,10.18,High Value,One-time (1)
50yifmli,10.18,1,2,10.18,High Value,One-time (1)
xof33qe6,10.18,3,3,3.393333333333333,High Value,Occasional (2-3)
w1z5sbgm,10.18,1,3,10.18,High Value,One-time (1)
mp5phxtf,10.17,1,3,10.17,High Value,One-time (1)
us2abhwj,10.17,1,3,10.17,High Value,One-time (1)
48imj2cg,10.16,1,4,10.16,High Value,One-time (1)
iq7vj2sd,10.15,1,2,10.15,High Value,One-time (1)
ysu51epx,10.15,1,2,10.15,High Value,One-time (1)
jn2n4n9i,10.15,1,1,10.15,High Value,One-time (1)
6v3e8rtu,10.15,1,2,10.15,High Value,One-time (1)
hfvg0ilu,10.14,1,3,10.14,High Value,One-time (1)
p9rofmju,10.14,1,3,10.14,High Value,One-time (1)
ybrq2ey3,10.14,1,3,10.14,High Value,One-time (1)
qcxuent4,10.14,1,2,10.14,High Value,One-time (1)
7togbwgv,10.14,1,3,10.14,High Value,One-time (1)
jsgy208v,10.14,1,3,10.14,High Value,One-time (1)
zdv53dsz,10.14,1,3,10.14,High Value,One-time (1)
dddbyqfu,10.14,1,2,10.14,High Value,One-time (1)
0kb68rer,10.14,1,2,10.14,High Value,One-time (1)
wzww06vj,10.14,1,3,10.14,High Value,One-time (1)
f72vl849,10.14,1,3,10.14,High Value,One-time (1)
ltbqapqf,10.14,1,2,10.14,High Value,One-time (1)
835kuc9p,10.14,1,3,10.14,High Value,One-time (1)
ei6wc035,10.13,1,2,10.13,High Value,One-time (1)
dt12sba6,10.120000000000001,2,3,5.0600000000000005,High Value,Occasional (2-3)
744xokjp,10.12,1,2,10.12,High Value,One-time (1)
wlz11oig,10.12,1,2,10.12,High Value,One-time (1)
ndojbdvg,10.12,1,2,10.12,High Value,One-time (1)
62k96rxd,10.12,1,2,10.12,High Value,One-time (1)
72jqy4ah,10.12,1,2,10.12,High Value,One-time (1)
ipxa079c,10.12,1,2,10.12,High Value,One-time (1)
k0z3jp5b,10.12,1,2,10.12,High Value,One-time (1)
72xdry88,10.12,1,2,10.12,High Value,One-time (1)
pptqfrfz,10.12,1,2,10.12,High Value,One-time (1)
xk06mra2,10.12,1,2,10.12,High Value,One-time (1)
dykxb80r,10.12,1,2,10.12,High Value,One-time (1)
pqmlnto8,10.12,1,2,10.12,High Value,One-time (1)
or4rjbme,10.12,1,2,10.12,High Value,One-time (1)
0ug5swgq,10.12,1,2,10.12,High Value,One-time (1)
0sdyke6k,10.12,1,2,10.12,High Value,One-time (1)
kdd9j5s3,10.12,1,2,10.12,High Value,One-time (1)
5ozqiovp,10.12,1,2,10.12,High Value,One-time (1)
eadj48pj,10.12,1,2,10.12,High Value,One-time (1)
wbhxp3h0,10.12,1,2,10.12,High Value,One-time (1)
v3p51eq0,10.12,1,2,10.12,High Value,One-time (1)
0mc9xtne,10.12,1,2,10.12,High Value,One-time (1)
4mcthrgg,10.12,1,2,10.12,High Value,One-time (1)
fcxeunpe,10.12,1,2,10.12,High Value,One-time (1)
tyebtb4i,10.12,1,2,10.12,High Value,One-time (1)
a5m0jv97,10.12,1,2,10.12,High Value,One-time (1)
g0ktamov,10.12,1,2,10.12,High Value,One-time (1)
g0k1pryc,10.12,1,2,10.12,High Value,One-time (1)
6nmvt3zf,10.12,1,2,10.12,High Value,One-time (1)
u2vryy7h,10.12,1,2,10.12,High Value,One-time (1)
gfwhhs22,10.12,1,2,10.12,High Value,One-time (1)
u5ikzn44,10.12,1,2,10.12,High Value,One-time (1)
3fopnzwu,10.12,1,2,10.12,High Value,One-time (1)
u8s6uccr,10.12,1,2,10.12,High Value,One-time (1)
oi27igla,10.12,1,2,10.12,High Value,One-time (1)
tk0ub9xv,10.12,1,2,10.12,High Value,One-time (1)
0bp8jxs4,10.12,1,2,10.12,High Value,One-time (1)
husekmyj,10.12,1,2,10.12,High Value,One-time (1)
bwji7i0n,10.12,1,2,10.12,High Value,One-time (1)
4fx6d5s2,10.12,1,2,10.12,High Value,One-time (1)
9nivpsw9,10.12,1,2,10.12,High Value,One-time (1)
4cdpqvl0,10.12,2,3,5.06,High Value,Occasional (2-3)
vg5wvxye,10.12,1,2,10.12,High Value,One-time (1)
sfuihyjb,10.12,1,2,10.12,High Value,One-time (1)
z5m4iy68,10.12,1,2,10.12,High Value,One-time (1)
reqp3vhu,10.12,1,2,10.12,High Value,One-time (1)
zayhe5ob,10.12,1,2,10.12,High Value,One-time (1)
3znctyrz,10.12,1,2,10.12,High Value,One-time (1)
f1ypgj8q,10.12,1,2,10.12,High Value,One-time (1)
352eprtu,10.12,1,3,10.12,High Value,One-time (1)
tub0hlbc,10.12,1,2,10.12,High Value,One-time (1)
7ia41sas,10.09,2,3,5.045,High Value,Occasional (2-3)
zy9ylw5l,10.08,2,3,5.04,High Value,Occasional (2-3)
m1l8fpcx,10.08,1,2,10.08,High Value,One-time (1)
suwusdkv,10.08,1,2,10.08,High Value,One-time (1)
zhpo1pjz,10.08,1,2,10.08,High Value,One-time (1)
msn56v6x,10.08,1,2,10.08,High Value,One-time (1)
g3oiuob4,10.08,1,2,10.08,High Value,One-time (1)
5y2tgr9i,10.08,1,2,10.08,High Value,One-time (1)
30llthmt,10.08,1,2,10.08,High Value,One-time (1)
4zw9xa3k,10.08,1,2,10.08,High Value,One-time (1)
95o6rt0o,10.08,1,2,10.08,High Value,One-time (1)
tyto4mvh,10.07,1,3,10.07,High Value,One-time (1)
jjfh493g,10.07,1,3,10.07,High Value,One-time (1)
ccx617ct,10.06,1,2,10.06,High Value,One-time (1)
2qfawl86,10.06,1,3,10.06,High Value,One-time (1)
rrpzlk3e,10.05,2,2,5.025,High Value,Occasional (2-3)
qxor8hi2,10.05,1,5,10.05,High Value,One-time (1)
ei6saz77,10.05,1,3,10.05,High Value,One-time (1)
3f37d3tm,10.05,1,3,10.05,High Value,One-time (1)
99jkpw4u,10.05,1,3,10.05,High Value,One-time (1)
68f0p9wo,10.05,1,3,10.05,High Value,One-time (1)
0cft2wt7,10.05,1,3,10.05,High Value,One-time (1)
52amlcer,10.04,1,2,10.04,High Value,One-time (1)
rlexdw6l,10.04,3,3,3.3466666666666662,High Value,Occasional (2-3)
j29vrpfx,10.02,1,2,10.02,High Value,One-time (1)
xtgkqrg4,10.02,1,2,10.02,High Value,One-time (1)
dvi5y6e1,10.02,1,2,10.02,High Value,One-time (1)
46o9vn10,10.02,1,2,10.02,High Value,One-time (1)
v3x835qr,10.02,1,2,10.02,High Value,One-time (1)
0o55ecb1,10.02,1,3,10.02,High Value,One-time (1)
b5c14mmt,10.0,1,2,10.0,High Value,One-time (1)
qacbfnr0,10.0,1,2,10.0,High Value,One-time (1)
vx7ptxf1,10.0,1,2,10.0,High Value,One-time (1)
owp67827,10.0,1,2,10.0,High Value,One-time (1)
f552w9io,10.0,1,4,10.0,High Value,One-time (1)
24g66r6e,10.0,1,2,10.0,High Value,One-time (1)
eh9zk0oo,10.0,1,2,10.0,High Value,One-time (1)
ri56x4s0,9.99,1,3,9.99,High Value,One-time (1)
aockurbu,9.98,1,2,9.98,High Value,One-time (1)
eqfd9c22,9.98,1,2,9.98,High Value,One-time (1)
on7swrgk,9.98,1,2,9.98,High Value,One-time (1)
eunf3lxx,9.98,1,2,9.98,High Value,One-time (1)
hsyha6a6,9.96,1,3,9.96,High Value,One-time (1)
sn4m7rwa,9.96,1,3,9.96,High Value,One-time (1)
fble5i79,9.96,1,3,9.96,High Value,One-time (1)
kqv9krbo,9.96,1,3,9.96,High Value,One-time (1)
yqg10ncg,9.96,1,3,9.96,High Value,One-time (1)
zi9slp61,9.96,1,3,9.96,High Value,One-time (1)
xcyhne6m,9.96,1,3,9.96,High Value,One-time (1)
7uvwev1z,9.96,1,3,9.96,High Value,One-time (1)
w2yl0976,9.96,1,3,9.96,High Value,One-time (1)
9pcuypak,9.96,1,3,9.96,High Value,One-time (1)
dbtbpmo6,9.96,1,3,9.96,High Value,One-time (1)
vli8zvwp,9.96,1,3,9.96,High Value,One-time (1)
dez8caqr,9.96,1,3,9.96,High Value,One-time (1)
e1qckq48,9.96,1,3,9.96,High Value,One-time (1)
mp3clwts,9.96,1,3,9.96,High Value,One-time (1)
jdbf26in,9.96,1,3,9.96,High Value,One-time (1)
k1awh96l,9.96,1,3,9.96,High Value,One-time (1)
0gaa4lxf,9.96,1,3,9.96,High Value,One-time (1)
a9czvu5p,9.96,1,3,9.96,High Value,One-time (1)
0kg6ydwc,9.96,1,3,9.96,High Value,One-time (1)
1o1vyohy,9.96,1,3,9.96,High Value,One-time (1)
85qgqcr9,9.96,1,3,9.96,High Value,One-time (1)
gxxxq49y,9.96,1,3,9.96,High Value,One-time (1)
wzvclnlc,9.94,1,2,9.94,High Value,One-time (1)
9ihvds2r,9.94,1,2,9.94,High Value,One-time (1)
e46fzd6v,9.94,1,2,9.94,High Value,One-time (1)
kdp8xete,9.94,1,3,9.94,High Value,One-time (1)
g7gpz13p,9.94,1,2,9.94,High Value,One-time (1)
0g5tlxgk,9.94,1,2,9.94,High Value,One-time (1)
uhc8f45e,9.94,1,2,9.94,High Value,One-time (1)
z2mvop89,9.94,1,2,9.94,High Value,One-time (1)
0orgywwe,9.94,1,2,9.94,High Value,One-time (1)
o5yx4tx3,9.94,1,2,9.94,High Value,One-time (1)
foei1bym,9.94,1,2,9.94,High Value,One-time (1)
nm3jrqql,9.94,1,2,9.94,High Value,One-time (1)
ek2wchv7,9.94,1,2,9.94,High Value,One-time (1)
t3qmlr2c,9.94,1,2,9.94,High Value,One-time (1)
wvggdiyw,9.94,1,2,9.94,High Value,One-time (1)
ibtzonbe,9.94,1,2,9.94,High Value,One-time (1)
4ybmsrms,9.94,1,2,9.94,High Value,One-time (1)
rgjgu60f,9.93,1,3,9.93,High Value,One-time (1)
q1nkybq6,9.93,1,3,9.93,High Value,One-time (1)
wx5za7mf,9.93,1,3,9.93,High Value,One-time (1)
0kkjn1a9,9.93,1,3,9.93,High Value,One-time (1)
eqvz25jb,9.92,1,4,9.92,High Value,One-time (1)
2x7nifgn,9.92,1,2,9.92,High Value,One-time (1)
o9900c73,9.92,1,4,9.92,High Value,One-time (1)
hvmljekb,9.92,1,2,9.92,High Value,One-time (1)
uqhufqgb,9.92,1,4,9.92,High Value,One-time (1)
ppevuxv0,9.92,1,2,9.92,High Value,One-time (1)
6h4a0wp4,9.91,1,3,9.91,High Value,One-time (1)
fx9jsfvx,9.9,1,3,9.9,High Value,One-time (1)
01evgvtn,9.9,1,3,9.9,High Value,One-time (1)
a723adk2,9.9,1,3,9.9,High Value,One-time (1)
xtz604fe,9.9,1,3,9.9,High Value,One-time (1)
ovqh78mj,9.9,1,2,9.9,High Value,One-time (1)
15ikpqah,9.9,1,2,9.9,High Value,One-time (1)
o9896wnr,9.9,1,2,9.9,High Value,One-time (1)
uk2y2ntz,9.9,1,2,9.9,High Value,One-time (1)
09d0er8f,9.9,1,3,9.9,High Value,One-time (1)
e9vifttd,9.9,1,2,9.9,High Value,One-time (1)
xb4mryj8,9.9,1,2,9.9,High Value,One-time (1)
fm1q7acx,9.9,1,2,9.9,High Value,One-time (1)
2faldoxd,9.9,1,2,9.9,High Value,One-time (1)
9rx8v82u,9.9,1,2,9.9,High Value,One-time (1)
41d7mdeb,9.9,1,2,9.9,High Value,One-time (1)
unvxh9of,9.9,1,3,9.9,High Value,One-time (1)
h2dts5lm,9.9,1,3,9.9,High Value,One-time (1)
1a691x36,9.9,1,2,9.9,High Value,One-time (1)
wmrp1n9s,9.9,1,3,9.9,High Value,One-time (1)
9f3skpfq,9.89,1,3,9.89,High Value,One-time (1)
zqu08cnw,9.89,1,1,9.89,High Value,One-time (1)
ncknvvcm,9.89,1,1,9.89,High Value,One-time (1)
68h34jse,9.88,1,2,9.88,High Value,One-time (1)
f6y0duy6,9.88,1,2,9.88,High Value,One-time (1)
31hdcqv5,9.88,1,2,9.88,High Value,One-time (1)
83kwyv06,9.88,1,2,9.88,High Value,One-time (1)
jpvktaf6,9.88,1,2,9.88,High Value,One-time (1)
exmibhrt,9.88,1,2,9.88,High Value,One-time (1)
95ay8oye,9.88,1,2,9.88,High Value,One-time (1)
840982n2,9.88,1,2,9.88,High Value,One-time (1)
6ni9r0tx,9.88,1,2,9.88,High Value,One-time (1)
v59sovci,9.88,1,2,9.88,High Value,One-time (1)
rliy8lzt,9.88,1,2,9.88,High Value,One-time (1)
hf47v07v,9.88,1,2,9.88,High Value,One-time (1)
r5ol5496,9.88,1,2,9.88,High Value,One-time (1)
s9fepeie,9.88,1,2,9.88,High Value,One-time (1)
x7ejz15v,9.88,1,2,9.88,High Value,One-time (1)
mbwu5jsl,9.88,1,2,9.88,High Value,One-time (1)
vjq4130f,9.88,1,2,9.88,High Value,One-time (1)
g02qxqzb,9.88,1,2,9.88,High Value,One-time (1)
rk761jfa,9.88,1,2,9.88,High Value,One-time (1)
7a79f39h,9.88,1,2,9.88,High Value,One-time (1)
fo46lb50,9.88,1,2,9.88,High Value,One-time (1)
5xyfc4kl,9.870000000000001,2,3,4.9350000000000005,High Value,Occasional (2-3)
di8c8lw0,9.86,1,4,9.86,High Value,One-time (1)
13hlozes,9.850000000000001,2,2,4.925000000000001,High Value,Occasional (2-3)
vbnqgzd3,9.84,1,3,9.84,High Value,One-time (1)
g8m6jb33,9.84,1,1,9.84,High Value,One-time (1)
uxx4qjip,9.84,1,1,9.84,High Value,One-time (1)
rgvz9aaw,9.84,1,1,9.84,High Value,One-time (1)
ohmglmpg,9.84,1,2,9.84,High Value,One-time (1)
0nj728ae,9.84,1,2,9.84,High Value,One-time (1)
bywm79fy,9.84,1,1,9.84,High Value,One-time (1)
36p4vyd5,9.84,1,3,9.84,High Value,One-time (1)
6lem5kqu,9.84,1,2,9.84,High Value,One-time (1)
zeswdwao,9.84,1,4,9.84,High Value,One-time (1)
4u6rags7,9.84,1,4,9.84,High Value,One-time (1)
bwcq8ts6,9.84,1,4,9.84,High Value,One-time (1)
rg29d2ff,9.84,1,3,9.84,High Value,One-time (1)
n3oflbbk,9.84,1,2,9.84,High Value,One-time (1)
epdj7pgi,9.84,1,2,9.84,High Value,One-time (1)
4ugjuemz,9.84,1,4,9.84,High Value,One-time (1)
zd06vy5f,9.84,1,3,9.84,High Value,One-time (1)
9yscz7my,9.84,1,2,9.84,High Value,One-time (1)
vu70luzk,9.84,1,3,9.84,High Value,One-time (1)
rcxa93k5,9.84,1,4,9.84,High Value,One-time (1)
6w0z5qnp,9.84,1,3,9.84,High Value,One-time (1)
2jd9vswu,9.84,1,3,9.84,High Value,One-time (1)
qxr2rocv,9.84,1,1,9.84,High Value,One-time (1)
h0dy6c8s,9.84,1,2,9.84,High Value,One-time (1)
shd1wkzd,9.84,1,2,9.84,High Value,One-time (1)
gst4c6bb,9.84,1,1,9.84,High Value,One-time (1)
sjnhxh6c,9.84,1,3,9.84,High Value,One-time (1)
4oaxt5jz,9.84,1,3,9.84,High Value,One-time (1)
6ppqvelv,9.84,1,2,9.84,High Value,One-time (1)
t6rya8gv,9.84,1,6,9.84,High Value,One-time (1)
8u73e2hr,9.84,1,1,9.84,High Value,One-time (1)
tvak8qwt,9.84,1,2,9.84,High Value,One-time (1)
iouc6vw8,9.84,1,4,9.84,High Value,One-time (1)
q5q0pf61,9.84,1,2,9.84,High Value,One-time (1)
hwtxh2c7,9.84,1,1,9.84,High Value,One-time (1)
wwq6pa0b,9.84,1,1,9.84,High Value,One-time (1)
wx8n1cm2,9.84,1,3,9.84,High Value,One-time (1)
tonysej9,9.84,1,1,9.84,High Value,One-time (1)
kbl6mfx4,9.84,1,1,9.84,High Value,One-time (1)
k67ptwo6,9.84,1,1,9.84,High Value,One-time (1)
73wng46y,9.84,1,5,9.84,High Value,One-time (1)
i2b0r86y,9.84,1,2,9.84,High Value,One-time (1)
1thkl5uy,9.84,1,3,9.84,High Value,One-time (1)
k468pnn2,9.84,1,1,9.84,High Value,One-time (1)
77mduzox,9.84,1,1,9.84,High Value,One-time (1)
20pj5tv6,9.84,1,2,9.84,High Value,One-time (1)
j15oeo9d,9.84,1,2,9.84,High Value,One-time (1)
44v2ebyx,9.84,1,1,9.84,High Value,One-time (1)
u3er94xg,9.84,1,3,9.84,High Value,One-time (1)
11lggmmd,9.84,1,2,9.84,High Value,One-time (1)
wi3fh0w6,9.84,1,3,9.84,High Value,One-time (1)
t4szgi58,9.84,1,2,9.84,High Value,One-time (1)
mgjfvyoz,9.84,1,3,9.84,High Value,One-time (1)
6zu2elyy,9.84,1,1,9.84,High Value,One-time (1)
mvibzyfg,9.84,1,3,9.84,High Value,One-time (1)
ebk7b8zg,9.84,1,2,9.84,High Value,One-time (1)
ipld41op,9.84,1,3,9.84,High Value,One-time (1)
ygia10p3,9.84,1,4,9.84,High Value,One-time (1)
eyxwir52,9.84,1,3,9.84,High Value,One-time (1)
a7exdpb6,9.84,1,2,9.84,High Value,One-time (1)
sd1tn453,9.84,1,2,9.84,High Value,One-time (1)
1gwn6be5,9.82,1,2,9.82,High Value,One-time (1)
seuqz85g,9.82,1,2,9.82,High Value,One-time (1)
9639s4kq,9.82,1,2,9.82,High Value,One-time (1)
t60v3lv5,9.82,1,2,9.82,High Value,One-time (1)
bfn1ycez,9.82,1,2,9.82,High Value,One-time (1)
bersc8uj,9.82,1,2,9.82,High Value,One-time (1)
fgczroqe,9.82,1,2,9.82,High Value,One-time (1)
slsy32qg,9.82,1,2,9.82,High Value,One-time (1)
gjvw65i7,9.82,1,2,9.82,High Value,One-time (1)
wheiijja,9.82,1,2,9.82,High Value,One-time (1)
da9oeknt,9.82,1,2,9.82,High Value,One-time (1)
uiizj23k,9.82,1,2,9.82,High Value,One-time (1)
ujnlksmg,9.82,1,2,9.82,High Value,One-time (1)
dpu5t4cy,9.82,1,2,9.82,High Value,One-time (1)
5axgege0,9.82,1,2,9.82,High Value,One-time (1)
dqvbri01,9.82,1,2,9.82,High Value,One-time (1)
exn3vpxm,9.82,1,2,9.82,High Value,One-time (1)
gf0rnbpi,9.82,1,2,9.82,High Value,One-time (1)
dfrsilqc,9.82,1,2,9.82,High Value,One-time (1)
n7l23qdt,9.82,1,2,9.82,High Value,One-time (1)
lyuj4zfc,9.82,1,2,9.82,High Value,One-time (1)
yf50r40r,9.82,1,2,9.82,High Value,One-time (1)
ev6xgz7c,9.82,1,2,9.82,High Value,One-time (1)
fwyxdevd,9.8,1,2,9.8,High Value,One-time (1)
ftmezjqc,9.8,1,2,9.8,High Value,One-time (1)
126kruzu,9.8,1,2,9.8,High Value,One-time (1)
phvxchu7,9.8,1,5,9.8,High Value,One-time (1)
zfo1mkx8,9.8,1,2,9.8,High Value,One-time (1)
fh63nf0m,9.8,1,2,9.8,High Value,One-time (1)
68o2aeik,9.8,1,2,9.8,High Value,One-time (1)
uqk0jg9w,9.8,1,2,9.8,High Value,One-time (1)
1w77jdb7,9.8,1,4,9.8,High Value,One-time (1)
ne9dciec,9.8,1,2,9.8,High Value,One-time (1)
b1ztpsfd,9.8,1,4,9.8,High Value,One-time (1)
22xmq664,9.8,2,3,4.9,High Value,Occasional (2-3)
cxljdxdr,9.8,1,3,9.8,High Value,One-time (1)
rjtacpb4,9.79,1,4,9.79,High Value,One-time (1)
j710t4p6,9.78,1,2,9.78,High Value,One-time (1)
ulho1la0,9.78,1,2,9.78,High Value,One-time (1)
hrjc82pz,9.78,1,2,9.78,High Value,One-time (1)
ujssuh3r,9.78,1,2,9.78,High Value,One-time (1)
j5zobsho,9.78,1,2,9.78,High Value,One-time (1)
zi3b0kr1,9.78,1,2,9.78,High Value,One-time (1)
lojdllg0,9.78,1,2,9.78,High Value,One-time (1)
0b2iqs7k,9.78,1,2,9.78,High Value,One-time (1)
kprcr429,9.78,1,2,9.78,High Value,One-time (1)
0vi6sp4g,9.78,1,2,9.78,High Value,One-time (1)
67wpccmc,9.78,1,2,9.78,High Value,One-time (1)
25apdibx,9.78,1,2,9.78,High Value,One-time (1)
v40tes6o,9.78,1,2,9.78,High Value,One-time (1)
0wken9eq,9.78,1,2,9.78,High Value,One-time (1)
8ho5deib,9.78,1,2,9.78,High Value,One-time (1)
ysfvls44,9.78,1,2,9.78,High Value,One-time (1)
r4retecc,9.78,1,2,9.78,High Value,One-time (1)
yp09eh6s,9.78,1,2,9.78,High Value,One-time (1)
gjhvr342,9.78,1,2,9.78,High Value,One-time (1)
5qt1b9e0,9.78,1,2,9.78,High Value,One-time (1)
ae58huxg,9.76,2,2,4.88,High Value,Occasional (2-3)
gymdm0l2,9.75,2,2,4.875,High Value,Occasional (2-3)
tmkop0ii,9.75,1,3,9.75,High Value,One-time (1)
jgzlma5u,9.74,2,2,4.87,High Value,Occasional (2-3)
lep3nvec,9.73,1,4,9.73,High Value,One-time (1)
cd9qfe4t,9.72,1,2,9.72,High Value,One-time (1)
7namqhxp,9.72,1,2,9.72,High Value,One-time (1)
6kap6doq,9.72,1,3,9.72,High Value,One-time (1)
jse8fe80,9.72,1,2,9.72,High Value,One-time (1)
an17fi7p,9.72,1,3,9.72,High Value,One-time (1)
ejiytguu,9.72,1,3,9.72,High Value,One-time (1)
6q5o6zqt,9.72,1,2,9.72,High Value,One-time (1)
aga8v0ns,9.72,1,2,9.72,High Value,One-time (1)
h8wae7yd,9.72,1,3,9.72,High Value,One-time (1)
tfmnpgt7,9.72,1,2,9.72,High Value,One-time (1)
ia4rxbd4,9.72,1,2,9.72,High Value,One-time (1)
wfd7x6y9,9.72,1,3,9.72,High Value,One-time (1)
42enh39w,9.72,1,2,9.72,High Value,One-time (1)
hg46wqb9,9.72,1,2,9.72,High Value,One-time (1)
ngz6wmdw,9.7,1,5,9.7,High Value,One-time (1)
gtuzl0f1,9.7,1,2,9.7,High Value,One-time (1)
bps1f15k,9.7,1,2,9.7,High Value,One-time (1)
cpuxoyw8,9.7,1,2,9.7,High Value,One-time (1)
gatj9tze,9.690000000000001,2,3,4.845000000000001,High Value,Occasional (2-3)
c5rqnsvs,9.69,3,3,3.23,High Value,Occasional (2-3)
wszf3off,9.69,1,3,9.69,High Value,One-time (1)
gtdylbdc,9.69,1,3,9.69,High Value,One-time (1)
02m4j9jp,9.69,1,3,9.69,High Value,One-time (1)
6rv9777t,9.69,3,3,3.23,High Value,Occasional (2-3)
tgn9q48g,9.69,1,3,9.69,High Value,One-time (1)
24cphkg5,9.68,1,4,9.68,High Value,One-time (1)
vzibywhi,9.68,1,4,9.68,High Value,One-time (1)
sl7leoz6,9.68,1,2,9.68,High Value,One-time (1)
q5v7c6s5,9.68,2,2,4.84,High Value,Occasional (2-3)
3v80gkak,9.68,1,4,9.68,High Value,One-time (1)
7sndtcpj,9.68,1,4,9.68,High Value,One-time (1)
h9ugf10o,9.67,2,2,4.835,High Value,Occasional (2-3)
sy8f8uft,9.66,1,3,9.66,High Value,One-time (1)
avcasonp,9.66,1,2,9.66,High Value,One-time (1)
u99ruuwc,9.66,1,2,9.66,High Value,One-time (1)
k66j2ksd,9.66,1,3,9.66,High Value,One-time (1)
robh6or0,9.66,1,2,9.66,High Value,One-time (1)
1tmqkh7x,9.66,1,2,9.66,High Value,One-time (1)
4l1b4p7o,9.66,1,3,9.66,High Value,One-time (1)
qtxhi15c,9.65,2,4,4.825,High Value,Occasional (2-3)
ygtt4qqx,9.64,1,2,9.64,High Value,One-time (1)
zznxhsuk,9.64,1,2,9.64,High Value,One-time (1)
5recw4yh,9.64,1,2,9.64,High Value,One-time (1)
j9gw0p4s,9.64,1,2,9.64,High Value,One-time (1)
77qucmkz,9.64,1,2,9.64,High Value,One-time (1)
2087sspw,9.64,1,2,9.64,High Value,One-time (1)
mkojmd7h,9.64,1,2,9.64,High Value,One-time (1)
c8v0fh28,9.64,1,2,9.64,High Value,One-time (1)
fxezgfhc,9.64,1,2,9.64,High Value,One-time (1)
69ywjuso,9.64,1,2,9.64,High Value,One-time (1)
y54jq45e,9.64,1,2,9.64,High Value,One-time (1)
1k8auaxx,9.64,1,2,9.64,High Value,One-time (1)
cnvp7xsv,9.64,1,2,9.64,High Value,One-time (1)
uz7i2dhz,9.64,1,1,9.64,High Value,One-time (1)
4xjspbva,9.64,1,2,9.64,High Value,One-time (1)
vusm8grc,9.64,1,2,9.64,High Value,One-time (1)
csctewq3,9.64,1,2,9.64,High Value,One-time (1)
ubb9mit3,9.64,2,2,4.82,High Value,Occasional (2-3)
0bcuagdf,9.63,1,3,9.63,High Value,One-time (1)
m5w7g7tw,9.63,1,3,9.63,High Value,One-time (1)
eich1oub,9.62,1,2,9.62,High Value,One-time (1)
fhh4j5qr,9.62,1,2,9.62,High Value,One-time (1)
h6b2hf5q,9.62,1,2,9.62,High Value,One-time (1)
wvuljlr7,9.62,1,2,9.62,High Value,One-time (1)
gpmu5179,9.62,1,2,9.62,High Value,One-time (1)
nl4gy0u8,9.62,1,2,9.62,High Value,One-time (1)
xu1c3cdh,9.62,1,2,9.62,High Value,One-time (1)
qealal2s,9.62,1,2,9.62,High Value,One-time (1)
m4v7zbhf,9.62,1,2,9.62,High Value,One-time (1)
zeryf099,9.61,2,2,4.805,High Value,Occasional (2-3)
8196oeu9,9.61,1,2,9.61,High Value,One-time (1)
cep7quaq,9.61,1,4,9.61,High Value,One-time (1)
sgtnu7zu,9.61,1,4,9.61,High Value,One-time (1)
asnwywrr,9.61,2,2,4.805,High Value,Occasional (2-3)
4hw9vvoc,9.6,1,3,9.6,High Value,One-time (1)
vw0v0raz,9.6,1,2,9.6,High Value,One-time (1)
fvwb8dmr,9.6,1,2,9.6,High Value,One-time (1)
t1ovejkl,9.6,1,2,9.6,High Value,One-time (1)
ynghzqzk,9.6,1,2,9.6,High Value,One-time (1)
4fsraj63,9.6,1,2,9.6,High Value,One-time (1)
gaauolnz,9.6,1,2,9.6,High Value,One-time (1)
gbd1ot1e,9.6,1,3,9.6,High Value,One-time (1)
j2qrpu7n,9.6,1,2,9.6,High Value,One-time (1)
vh69bqhn,9.6,1,2,9.6,High Value,One-time (1)
rg8ev87n,9.6,1,3,9.6,High Value,One-time (1)
pauk18hc,9.6,1,3,9.6,High Value,One-time (1)
qqyzqii4,9.6,1,2,9.6,High Value,One-time (1)
069g7t9i,9.6,1,2,9.6,High Value,One-time (1)
yrhndr16,9.6,1,3,9.6,High Value,One-time (1)
ud6pv0q6,9.6,1,3,9.6,High Value,One-time (1)
l4gw58xs,9.6,1,3,9.6,High Value,One-time (1)
ktoc1yfm,9.6,1,2,9.6,High Value,One-time (1)
j27hghra,9.59,1,2,9.59,High Value,One-time (1)
vmsr75rm,9.59,1,2,9.59,High Value,One-time (1)
wzef3237,9.58,1,2,9.58,High Value,One-time (1)
07vp7t50,9.58,1,2,9.58,High Value,One-time (1)
by9fshw9,9.58,1,4,9.58,High Value,One-time (1)
hgcruwn8,9.58,1,2,9.58,High Value,One-time (1)
cvfuv46d,9.58,1,2,9.58,High Value,One-time (1)
dvrb7w6w,9.58,1,2,9.58,High Value,One-time (1)
4c2bdr0k,9.58,1,2,9.58,High Value,One-time (1)
1ip2rgmu,9.58,1,2,9.58,High Value,One-time (1)
ub10lu04,9.57,1,3,9.57,High Value,One-time (1)
0089xdor,9.57,1,3,9.57,High Value,One-time (1)
l2vfn88z,9.57,1,3,9.57,High Value,One-time (1)
ge22ddzi,9.57,1,3,9.57,High Value,One-time (1)
nu4s1f4q,9.57,1,3,9.57,High Value,One-time (1)
ipp0q6rs,9.56,1,2,9.56,High Value,One-time (1)
8e2xkmxt,9.56,1,2,9.56,High Value,One-time (1)
357nr1fw,9.56,1,2,9.56,High Value,One-time (1)
rngyidtj,9.56,1,2,9.56,High Value,One-time (1)
71blqnfn,9.56,1,2,9.56,High Value,One-time (1)
7p0jmlfl,9.56,1,2,9.56,High Value,One-time (1)
6se3viyf,9.56,1,2,9.56,High Value,One-time (1)
wyov0tm5,9.56,1,2,9.56,High Value,One-time (1)
8qv451kl,9.56,1,2,9.56,High Value,One-time (1)
i2wvdfhq,9.56,1,2,9.56,High Value,One-time (1)
zbtzwvwc,9.55,1,3,9.55,High Value,One-time (1)
ijfzqafq,9.53,2,2,4.765,High Value,Occasional (2-3)
z31o2zrp,9.52,1,4,9.52,High Value,One-time (1)
n8kf870v,9.52,1,4,9.52,High Value,One-time (1)
fnekwt57,9.52,1,4,9.52,High Value,One-time (1)
intszozi,9.52,1,4,9.52,High Value,One-time (1)
b567krma,9.52,1,4,9.52,High Value,One-time (1)
0x6iyisz,9.52,1,4,9.52,High Value,One-time (1)
q7uwzv8h,9.52,1,4,9.52,High Value,One-time (1)
828cegws,9.52,1,4,9.52,High Value,One-time (1)
4oiqa3ta,9.52,1,4,9.52,High Value,One-time (1)
ijsg49lp,9.52,1,4,9.52,High Value,One-time (1)
26zm6s9i,9.52,1,4,9.52,High Value,One-time (1)
rskshujw,9.52,1,4,9.52,High Value,One-time (1)
8eiqetk5,9.52,1,4,9.52,High Value,One-time (1)
a78x4yt5,9.51,1,3,9.51,High Value,One-time (1)
xtnl7bho,9.51,1,3,9.51,High Value,One-time (1)
7tkrag4p,9.5,1,2,9.5,High Value,One-time (1)
a9elcnfk,9.5,1,2,9.5,High Value,One-time (1)
gw9sjqzh,9.5,1,2,9.5,High Value,One-time (1)
kqeauovo,9.5,1,2,9.5,High Value,One-time (1)
8ez0kea6,9.5,1,2,9.5,High Value,One-time (1)
vky2csxe,9.5,1,2,9.5,High Value,One-time (1)
j1lrtfjd,9.5,1,2,9.5,High Value,One-time (1)
9uu2bl7a,9.5,1,2,9.5,High Value,One-time (1)
bz1bg1k0,9.5,1,2,9.5,High Value,One-time (1)
ttkudsg5,9.5,1,2,9.5,High Value,One-time (1)
z15mc9hu,9.5,1,5,9.5,High Value,One-time (1)
1ty9hfr1,9.5,1,2,9.5,High Value,One-time (1)
goje7rpv,9.5,1,2,9.5,High Value,One-time (1)
pqcjzawt,9.5,1,2,9.5,High Value,One-time (1)
eu6keco2,9.5,1,2,9.5,High Value,One-time (1)
f34xmoko,9.5,1,2,9.5,High Value,One-time (1)
f32so3lq,9.5,1,2,9.5,High Value,One-time (1)
lmrifyqn,9.48,1,2,9.48,High Value,One-time (1)
bxt85nty,9.48,1,2,9.48,High Value,One-time (1)
k1b4bqka,9.48,1,2,9.48,High Value,One-time (1)
el9e7mbq,9.48,1,2,9.48,High Value,One-time (1)
5kb3pkbq,9.46,2,2,4.73,High Value,Occasional (2-3)
qau7w82r,9.45,1,3,9.45,High Value,One-time (1)
pm5x50mc,9.45,1,3,9.45,High Value,One-time (1)
g24uwzxk,9.45,1,3,9.45,High Value,One-time (1)
ooap52bp,9.44,1,2,9.44,High Value,One-time (1)
rgybxkpm,9.43,2,4,4.715,High Value,Occasional (2-3)
4es3aofc,9.43,2,2,4.715,High Value,Occasional (2-3)
racrrbor,9.43,1,3,9.43,High Value,One-time (1)
urav8qsu,9.42,1,3,9.42,High Value,One-time (1)
476sbrbj,9.42,1,3,9.42,High Value,One-time (1)
e3naiwt4,9.42,1,2,9.42,High Value,One-time (1)
2ia8095j,9.42,1,2,9.42,High Value,One-time (1)
rnhso61f,9.42,1,2,9.42,High Value,One-time (1)
b4zudlx5,9.42,1,2,9.42,High Value,One-time (1)
5g77lk6h,9.42,2,3,4.71,High Value,Occasional (2-3)
hqsqddd4,9.42,1,3,9.42,High Value,One-time (1)
my1uesky,9.42,1,3,9.42,High Value,One-time (1)
qw13k80u,9.42,1,2,9.42,High Value,One-time (1)
6hkl43ci,9.41,1,2,9.41,High Value,One-time (1)
5okr7pid,9.4,1,4,9.4,High Value,One-time (1)
m2tyukt4,9.4,1,4,9.4,High Value,One-time (1)
678nf9s8,9.4,1,2,9.4,High Value,One-time (1)
tsnoyx0x,9.4,1,5,9.4,High Value,One-time (1)
6jq0tcce,9.4,1,4,9.4,High Value,One-time (1)
z4u2uuj1,9.4,1,4,9.4,High Value,One-time (1)
lkx33uiq,9.4,1,2,9.4,High Value,One-time (1)
0zyl66tq,9.4,1,4,9.4,High Value,One-time (1)
m3vi4oyq,9.4,1,2,9.4,High Value,One-time (1)
egfbao36,9.4,1,4,9.4,High Value,One-time (1)
5n7qhuot,9.4,1,2,9.4,High Value,One-time (1)
t82ddl7f,9.4,2,3,4.7,High Value,Occasional (2-3)
6hi8n2h1,9.4,1,2,9.4,High Value,One-time (1)
udco29p5,9.4,1,2,9.4,High Value,One-time (1)
29si4vbk,9.4,1,4,9.4,High Value,One-time (1)
rvqrptpg,9.4,1,5,9.4,High Value,One-time (1)
0pc7hzn5,9.39,1,3,9.39,High Value,One-time (1)
euqnmmal,9.39,1,3,9.39,High Value,One-time (1)
lwdeqmbk,9.39,1,3,9.39,High Value,One-time (1)
ado8sg3z,9.39,1,3,9.39,High Value,One-time (1)
ogbyy8zd,9.39,1,3,9.39,High Value,One-time (1)
jelirbc5,9.39,1,3,9.39,High Value,One-time (1)
4ib00geb,9.39,1,3,9.39,High Value,One-time (1)
2np0rmxd,9.39,1,3,9.39,High Value,One-time (1)
4hykkf1d,9.39,1,3,9.39,High Value,One-time (1)
gefh8vv0,9.39,1,3,9.39,High Value,One-time (1)
esrbx1h3,9.39,1,3,9.39,High Value,One-time (1)
toswjuuy,9.39,1,3,9.39,High Value,One-time (1)
7juwygnm,9.39,1,3,9.39,High Value,One-time (1)
2xg48ra4,9.379999999999999,2,2,4.6899999999999995,High Value,Occasional (2-3)
gco44fen,9.36,1,3,9.36,High Value,One-time (1)
gc9b7xkx,9.36,1,3,9.36,High Value,One-time (1)
b1fi1hux,9.36,1,3,9.36,High Value,One-time (1)
dz4ois9m,9.36,1,3,9.36,High Value,One-time (1)
9hvj3rms,9.36,1,3,9.36,High Value,One-time (1)
678nlv4m,9.36,1,3,9.36,High Value,One-time (1)
ucoxz3yz,9.35,1,5,9.35,High Value,One-time (1)
fyzbkyr3,9.35,1,1,9.35,High Value,One-time (1)
x7wkaefj,9.34,1,2,9.34,High Value,One-time (1)
gnzs43c5,9.34,1,2,9.34,High Value,One-time (1)
3h761iia,9.34,1,2,9.34,High Value,One-time (1)
wvs4vs3x,9.34,1,2,9.34,High Value,One-time (1)
6hq876mr,9.34,1,2,9.34,High Value,One-time (1)
hc8qyugj,9.34,1,2,9.34,High Value,One-time (1)
i2mmcska,9.34,1,2,9.34,High Value,One-time (1)
mx6y8jso,9.34,1,3,9.34,High Value,One-time (1)
bx7vflgq,9.34,1,2,9.34,High Value,One-time (1)
pdilgp42,9.34,1,2,9.34,High Value,One-time (1)
w165aejt,9.34,1,2,9.34,High Value,One-time (1)
r9yjbgi5,9.34,1,2,9.34,High Value,One-time (1)
dibu5e3j,9.34,1,2,9.34,High Value,One-time (1)
nrkk45ge,9.34,1,2,9.34,High Value,One-time (1)
ne1mnjtz,9.34,1,2,9.34,High Value,One-time (1)
446q16nz,9.34,2,3,4.67,High Value,Occasional (2-3)
h63sm2md,9.34,1,2,9.34,High Value,One-time (1)
wogxsrve,9.34,1,2,9.34,High Value,One-time (1)
ml15h3mk,9.34,1,2,9.34,High Value,One-time (1)
28pug8lv,9.34,1,2,9.34,High Value,One-time (1)
pa35el1q,9.33,1,3,9.33,High Value,One-time (1)
yiej9c0u,9.33,2,2,4.665,High Value,Occasional (2-3)
zay0tmp4,9.32,1,3,9.32,High Value,One-time (1)
g39elosj,9.32,1,2,9.32,High Value,One-time (1)
z2ft1mzx,9.32,1,2,9.32,High Value,One-time (1)
caehcgp8,9.32,1,2,9.32,High Value,One-time (1)
onxd70fe,9.32,2,4,4.66,High Value,Occasional (2-3)
fg5f36cg,9.32,1,3,9.32,High Value,One-time (1)
pyyj4gu6,9.32,1,2,9.32,High Value,One-time (1)
f9s9ehwh,9.31,3,3,3.1033333333333335,High Value,Occasional (2-3)
8eg35c4r,9.31,1,2,9.31,High Value,One-time (1)
foglte58,9.31,1,2,9.31,High Value,One-time (1)
x5v4fozy,9.31,1,2,9.31,High Value,One-time (1)
e78r4mht,9.3,1,2,9.3,High Value,One-time (1)
fz1k27y8,9.3,1,3,9.3,High Value,One-time (1)
es1bzytw,9.3,1,3,9.3,High Value,One-time (1)
zvkfmvef,9.3,1,3,9.3,High Value,One-time (1)
86e62ev4,9.3,1,3,9.3,High Value,One-time (1)
7zo98bac,9.3,1,3,9.3,High Value,One-time (1)
f4tsql1q,9.3,1,3,9.3,High Value,One-time (1)
6pye20br,9.3,1,3,9.3,High Value,One-time (1)
dob75pog,9.3,1,3,9.3,High Value,One-time (1)
cx5457qf,9.3,1,2,9.3,High Value,One-time (1)
75c96jxj,9.29,1,3,9.29,High Value,One-time (1)
a58f4tvj,9.28,1,2,9.28,High Value,One-time (1)
u5pv3sw3,9.28,1,2,9.28,High Value,One-time (1)
0yncxll4,9.28,1,2,9.28,High Value,One-time (1)
vocszpo7,9.28,1,2,9.28,High Value,One-time (1)
cdhunere,9.28,1,2,9.28,High Value,One-time (1)
gykgkilb,9.28,1,2,9.28,High Value,One-time (1)
989i6z7g,9.28,1,2,9.28,High Value,One-time (1)
ettl0g4k,9.27,1,3,9.27,High Value,One-time (1)
mpfgmheq,9.27,1,3,9.27,High Value,One-time (1)
6sdmf6jy,9.27,1,3,9.27,High Value,One-time (1)
ak8ye71t,9.27,1,3,9.27,High Value,One-time (1)
7231o2o8,9.27,1,2,9.27,High Value,One-time (1)
wz940vtk,9.27,2,2,4.635,High Value,Occasional (2-3)
93j8expl,9.27,1,3,9.27,High Value,One-time (1)
50i6gbxq,9.26,2,3,4.63,High Value,Occasional (2-3)
oun91fy6,9.25,3,3,3.0833333333333335,High Value,Occasional (2-3)
3m9iqbq9,9.25,3,4,3.0833333333333335,High Value,Occasional (2-3)
1dntcagr,9.24,1,2,9.24,High Value,One-time (1)
a5pqbgod,9.24,1,3,9.24,High Value,One-time (1)
53d9sz8v,9.24,1,2,9.24,High Value,One-time (1)
kjs7bb5d,9.24,1,3,9.24,High Value,One-time (1)
26my742m,9.24,1,2,9.24,High Value,One-time (1)
73u6c55p,9.24,1,4,9.24,High Value,One-time (1)
u80iefri,9.24,1,3,9.24,High Value,One-time (1)
u858ytjb,9.24,1,3,9.24,High Value,One-time (1)
gbi9lu0s,9.22,1,2,9.22,High Value,One-time (1)
42crql14,9.22,1,2,9.22,High Value,One-time (1)
wjgaovoq,9.22,1,2,9.22,High Value,One-time (1)
spebw8as,9.22,1,2,9.22,High Value,One-time (1)
1durqmb3,9.22,1,2,9.22,High Value,One-time (1)
rbzgcgn9,9.22,1,2,9.22,High Value,One-time (1)
tdbvj2iy,9.22,1,2,9.22,High Value,One-time (1)
1zc0on49,9.22,1,2,9.22,High Value,One-time (1)
i10qs1o4,9.22,1,2,9.22,High Value,One-time (1)
512otudb,9.22,1,2,9.22,High Value,One-time (1)
01f1wfu1,9.22,1,2,9.22,High Value,One-time (1)
6n9u5j3s,9.22,1,2,9.22,High Value,One-time (1)
6jngut56,9.22,1,2,9.22,High Value,One-time (1)
mbpzy08d,9.22,1,2,9.22,High Value,One-time (1)
km9e50pr,9.22,1,2,9.22,High Value,One-time (1)
33vm89i9,9.219999999999999,2,3,4.609999999999999,High Value,Occasional (2-3)
ask2lzhw,9.2,1,4,9.2,High Value,One-time (1)
ako55sxq,9.2,1,2,9.2,High Value,One-time (1)
gzevuw8p,9.2,1,2,9.2,High Value,One-time (1)
yc9cx6be,9.2,1,2,9.2,High Value,One-time (1)
0dg5x1hy,9.2,1,4,9.2,High Value,One-time (1)
lp81l51f,9.2,1,2,9.2,High Value,One-time (1)
kern6yjm,9.2,2,2,4.6,High Value,Occasional (2-3)
epyh8uu4,9.2,1,2,9.2,High Value,One-time (1)
wa7tolr0,9.2,1,2,9.2,High Value,One-time (1)
zu5p353u,9.2,1,2,9.2,High Value,One-time (1)
6u6z1nw5,9.2,1,2,9.2,High Value,One-time (1)
bif2blqo,9.2,1,2,9.2,High Value,One-time (1)
b4i23ecn,9.2,1,4,9.2,High Value,One-time (1)
qlu4dbo4,9.2,1,2,9.2,High Value,One-time (1)
8fccy6sq,9.2,1,2,9.2,High Value,One-time (1)
vcu7psca,9.2,1,2,9.2,High Value,One-time (1)
mbabfu7t,9.2,1,2,9.2,High Value,One-time (1)
ebp0vvib,9.2,1,2,9.2,High Value,One-time (1)
oeeup0so,9.2,1,4,9.2,High Value,One-time (1)
3cbd35xk,9.2,1,2,9.2,High Value,One-time (1)
d7fw33g8,9.2,1,2,9.2,High Value,One-time (1)
8s2r2qgm,9.2,1,2,9.2,High Value,One-time (1)
iy1uv52q,9.2,1,2,9.2,High Value,One-time (1)
k8hup3ft,9.2,1,2,9.2,High Value,One-time (1)
rosutugh,9.2,1,2,9.2,High Value,One-time (1)
gs966hah,9.2,1,4,9.2,High Value,One-time (1)
ix1obj9j,9.2,1,2,9.2,High Value,One-time (1)
1kkpyulp,9.2,1,2,9.2,High Value,One-time (1)
4y2lr0jy,9.2,3,3,3.0666666666666664,High Value,Occasional (2-3)
fmjwvwla,9.2,1,4,9.2,High Value,One-time (1)
k8do2fj2,9.2,1,2,9.2,High Value,One-time (1)
m508i7hp,9.2,1,2,9.2,High Value,One-time (1)
m5c5yjdk,9.2,1,4,9.2,High Value,One-time (1)
lw7lpewe,9.2,1,4,9.2,High Value,One-time (1)
nbhgfb2f,9.18,1,3,9.18,High Value,One-time (1)
eg0qjnfo,9.18,1,3,9.18,High Value,One-time (1)
npdtwlv9,9.18,1,3,9.18,High Value,One-time (1)
bxuw4qqr,9.18,1,3,9.18,High Value,One-time (1)
ulbgtujs,9.18,1,3,9.18,High Value,One-time (1)
qxjkot2k,9.18,1,3,9.18,High Value,One-time (1)
9xqpv9p3,9.18,1,3,9.18,High Value,One-time (1)
8s1kyj4v,9.18,1,3,9.18,High Value,One-time (1)
27drew8d,9.18,1,3,9.18,High Value,One-time (1)
ns57xnrw,9.18,1,3,9.18,High Value,One-time (1)
9j3l1bgq,9.18,1,3,9.18,High Value,One-time (1)
crzfgg78,9.18,1,3,9.18,High Value,One-time (1)
jcc17vqp,9.18,1,3,9.18,High Value,One-time (1)
thy25m8k,9.18,2,3,4.59,High Value,Occasional (2-3)
3ncz342i,9.18,1,3,9.18,High Value,One-time (1)
zikz1273,9.18,1,3,9.18,High Value,One-time (1)
9mal506m,9.18,1,4,9.18,High Value,One-time (1)
fbqpi9pv,9.18,1,3,9.18,High Value,One-time (1)
2g3dm8s8,9.16,1,4,9.16,High Value,One-time (1)
5tmay24q,9.16,1,4,9.16,High Value,One-time (1)
b3vzjmhk,9.15,1,2,9.15,High Value,One-time (1)
oz542ic6,9.14,1,2,9.14,High Value,One-time (1)
dvq5yf4e,9.14,1,2,9.14,High Value,One-time (1)
kj49yd82,9.120000000000001,2,2,4.5600000000000005,High Value,Occasional (2-3)
75198ih7,9.12,1,2,9.12,High Value,One-time (1)
rmc0wrtt,9.12,1,3,9.12,High Value,One-time (1)
53zi4x1f,9.12,1,2,9.12,High Value,One-time (1)
unudjhjs,9.12,1,3,9.12,High Value,One-time (1)
1khpy81h,9.12,1,2,9.12,High Value,One-time (1)
orxvnptp,9.12,1,3,9.12,High Value,One-time (1)
z4am1pcq,9.12,1,2,9.12,High Value,One-time (1)
538boko7,9.12,1,2,9.12,High Value,One-time (1)
ew7tqlvq,9.12,1,3,9.12,High Value,One-time (1)
z98r6bqi,9.12,1,3,9.12,High Value,One-time (1)
riepmd1r,9.12,1,2,9.12,High Value,One-time (1)
pzsk3mkf,9.12,1,3,9.12,High Value,One-time (1)
ieuwrvm7,9.12,1,2,9.12,High Value,One-time (1)
cmwgnutc,9.12,1,2,9.12,High Value,One-time (1)
33vqz559,9.12,1,2,9.12,High Value,One-time (1)
7x2p97r2,9.12,1,2,9.12,High Value,One-time (1)
bq28hkep,9.12,1,3,9.12,High Value,One-time (1)
4srtrbm4,9.12,1,3,9.12,High Value,One-time (1)
4meqf1sb,9.12,1,3,9.12,High Value,One-time (1)
fgvg8fgs,9.12,1,2,9.12,High Value,One-time (1)
iw3y92n4,9.12,1,2,9.12,High Value,One-time (1)
hiunidi4,9.12,1,2,9.12,High Value,One-time (1)
qe6hsg7b,9.12,1,2,9.12,High Value,One-time (1)
yfn6ygli,9.12,1,2,9.12,High Value,One-time (1)
t34ldvx0,9.12,1,3,9.12,High Value,One-time (1)
hed6tbdo,9.12,1,2,9.12,High Value,One-time (1)
5falxvap,9.12,1,3,9.12,High Value,One-time (1)
w736n4cf,9.12,1,3,9.12,High Value,One-time (1)
00jyr11x,9.12,1,2,9.12,High Value,One-time (1)
w81df3j8,9.12,1,2,9.12,High Value,One-time (1)
x8ohu0dd,9.11,1,2,9.11,High Value,One-time (1)
1wz73dcl,9.11,1,2,9.11,High Value,One-time (1)
garcp2mx,9.08,1,2,9.08,High Value,One-time (1)
823gpra4,9.08,1,2,9.08,High Value,One-time (1)
7ykocu2e,9.08,1,2,9.08,High Value,One-time (1)
3q1gn3xt,9.08,1,2,9.08,High Value,One-time (1)
93jce21y,9.08,1,2,9.08,High Value,One-time (1)
a4gz8j38,9.08,1,2,9.08,High Value,One-time (1)
xbaf4gel,9.07,2,2,4.535,High Value,Occasional (2-3)
7g2re6zv,9.07,2,2,4.535,High Value,Occasional (2-3)
7e0i39rl,9.06,1,3,9.06,High Value,One-time (1)
zjnkuhwv,9.06,1,2,9.06,High Value,One-time (1)
0euwcm67,9.06,1,2,9.06,High Value,One-time (1)
hpeuqjmg,9.06,1,3,9.06,High Value,One-time (1)
t0yt2idv,9.06,1,3,9.06,High Value,One-time (1)
jjjyc1ki,9.06,1,3,9.06,High Value,One-time (1)
trvl7hct,9.06,1,2,9.06,High Value,One-time (1)
vqmo2ryi,9.06,1,2,9.06,High Value,One-time (1)
zj8czrin,9.06,1,2,9.06,High Value,One-time (1)
jnpk8k9m,9.06,1,2,9.06,High Value,One-time (1)
ipaxnqeg,9.05,2,2,4.525,High Value,Occasional (2-3)
8jx54peg,9.05,2,2,4.525,High Value,Occasional (2-3)
f43t1zqv,9.03,1,3,9.03,High Value,One-time (1)
9t65scum,9.03,1,3,9.03,High Value,One-time (1)
rwlg4z0w,9.03,1,3,9.03,High Value,One-time (1)
gp9esg35,9.03,1,3,9.03,High Value,One-time (1)
ic7yvi8k,9.03,1,3,9.03,High Value,One-time (1)
tkuq5iaq,9.03,1,3,9.03,High Value,One-time (1)
ztsvn6fp,9.03,1,3,9.03,High Value,One-time (1)
nx5do26u,9.03,1,3,9.03,High Value,One-time (1)
1aj7d94r,9.03,1,3,9.03,High Value,One-time (1)
4bnpwb53,9.02,1,2,9.02,High Value,One-time (1)
bwvnsual,9.02,1,2,9.02,High Value,One-time (1)
qqaw7gvc,9.02,1,2,9.02,High Value,One-time (1)
8m11t59w,9.02,1,2,9.02,High Value,One-time (1)
idbx287g,9.02,1,2,9.02,High Value,One-time (1)
qpt5v6g0,9.02,1,2,9.02,High Value,One-time (1)
ehz54b8f,9.02,1,2,9.02,High Value,One-time (1)
2qlyqxha,9.02,1,2,9.02,High Value,One-time (1)
n2qmzrse,9.02,1,2,9.02,High Value,One-time (1)
vguw48tp,9.02,1,2,9.02,High Value,One-time (1)
hxt39q5w,9.02,1,2,9.02,High Value,One-time (1)
h78cc6ri,9.02,1,2,9.02,High Value,One-time (1)
ehkn6mkd,9.02,1,2,9.02,High Value,One-time (1)
krwt7x41,9.02,1,2,9.02,High Value,One-time (1)
kgaa63lq,9.02,1,2,9.02,High Value,One-time (1)
31u5f1m1,9.02,1,2,9.02,High Value,One-time (1)
2xkk5f7a,9.02,1,2,9.02,High Value,One-time (1)
8to4basq,9.02,1,2,9.02,High Value,One-time (1)
2ywe1g98,9.02,1,2,9.02,High Value,One-time (1)
5rn3oqr0,9.02,1,2,9.02,High Value,One-time (1)
fook7v7b,9.02,1,2,9.02,High Value,One-time (1)
5sjbgz6a,9.02,1,2,9.02,High Value,One-time (1)
tbybvls7,9.02,1,2,9.02,High Value,One-time (1)
unmp6t6l,9.02,1,2,9.02,High Value,One-time (1)
rscapi3a,9.02,1,2,9.02,High Value,One-time (1)
1772ibf4,9.02,1,2,9.02,High Value,One-time (1)
yod5nn9g,9.02,1,2,9.02,High Value,One-time (1)
isfhvl85,9.02,1,2,9.02,High Value,One-time (1)
f4o3ezoc,9.02,1,2,9.02,High Value,One-time (1)
u0cbe9ll,9.02,1,2,9.02,High Value,One-time (1)
jq1jaqjm,9.02,1,2,9.02,High Value,One-time (1)
z8trtm47,9.02,1,2,9.02,High Value,One-time (1)
g4a57kc6,9.02,1,2,9.02,High Value,One-time (1)
oy86smi9,9.02,1,2,9.02,High Value,One-time (1)
130duv1x,9.02,1,2,9.02,High Value,One-time (1)
xl3mec88,9.02,1,2,9.02,High Value,One-time (1)
65shiglq,9.02,1,2,9.02,High Value,One-time (1)
umgnolg8,9.02,1,2,9.02,High Value,One-time (1)
hd1eju2f,9.0,1,2,9.0,High Value,One-time (1)
yw232o9m,9.0,1,3,9.0,High Value,One-time (1)
c6iinjmb,9.0,1,2,9.0,High Value,One-time (1)
tx4em8ph,9.0,1,2,9.0,High Value,One-time (1)
n31zp2gr,9.0,1,2,9.0,High Value,One-time (1)
27lygki0,9.0,1,3,9.0,High Value,One-time (1)
d150a880,9.0,1,2,9.0,High Value,One-time (1)
am4zrnns,9.0,1,2,9.0,High Value,One-time (1)
bfbn1483,9.0,1,3,9.0,High Value,One-time (1)
2h6krce8,9.0,1,3,9.0,High Value,One-time (1)
80vwuih1,9.0,1,4,9.0,High Value,One-time (1)
7vxaxnce,9.0,1,3,9.0,High Value,One-time (1)
8myreuib,9.0,1,2,9.0,High Value,One-time (1)
ea01vdmm,9.0,1,2,9.0,High Value,One-time (1)
fqh0frkr,9.0,1,2,9.0,High Value,One-time (1)
nkpk2jgd,9.0,1,2,9.0,High Value,One-time (1)
zleyvyq0,9.0,1,2,9.0,High Value,One-time (1)
z90s170v,9.0,1,2,9.0,High Value,One-time (1)
zriprec6,9.0,1,2,9.0,High Value,One-time (1)
4wwltcty,9.0,1,2,9.0,High Value,One-time (1)
1k0lvcvd,9.0,1,2,9.0,High Value,One-time (1)
pvs7hzio,9.0,1,2,9.0,High Value,One-time (1)
zbk17n22,9.0,1,2,9.0,High Value,One-time (1)
whqbdccr,9.0,1,2,9.0,High Value,One-time (1)
we3a9mbv,9.0,1,2,9.0,High Value,One-time (1)
i66cuy5s,8.99,1,2,8.99,High Value,One-time (1)
vl7uo4g4,8.97,1,3,8.97,High Value,One-time (1)
9vxxiaf6,8.97,1,3,8.97,High Value,One-time (1)
zyivfe9p,8.97,1,3,8.97,High Value,One-time (1)
8iuf94hn,8.97,1,3,8.97,High Value,One-time (1)
wf5mxpz7,8.96,1,2,8.96,High Value,One-time (1)
hptkbqgf,8.96,1,2,8.96,High Value,One-time (1)
oivyb3su,8.96,1,2,8.96,High Value,One-time (1)
on8uujs7,8.96,2,2,4.48,High Value,Occasional (2-3)
ji6dw8u6,8.96,1,2,8.96,High Value,One-time (1)
ag9ea6fw,8.96,1,2,8.96,High Value,One-time (1)
uuzujhm8,8.96,1,2,8.96,High Value,One-time (1)
hh2mjq1k,8.96,1,2,8.96,High Value,One-time (1)
2artq6mr,8.96,1,2,8.96,High Value,One-time (1)
aaijp8es,8.96,1,2,8.96,High Value,One-time (1)
cceolmrx,8.96,1,2,8.96,High Value,One-time (1)
cnfu2her,8.95,2,2,4.475,High Value,Occasional (2-3)
bscah3t8,8.94,1,2,8.94,High Value,One-time (1)
lrzq8bxy,8.94,1,2,8.94,High Value,One-time (1)
kc6ealfi,8.94,1,2,8.94,High Value,One-time (1)
g5ckle1t,8.94,1,3,8.94,High Value,One-time (1)
70uql8rf,8.94,1,3,8.94,High Value,One-time (1)
nq0kuvow,8.94,1,3,8.94,High Value,One-time (1)
8no2nktl,8.92,1,2,8.92,High Value,One-time (1)
igbu3mc6,8.92,1,2,8.92,High Value,One-time (1)
mlhfs2mk,8.92,1,2,8.92,High Value,One-time (1)
itf8pcaf,8.92,1,2,8.92,High Value,One-time (1)
1288kfw8,8.92,1,2,8.92,High Value,One-time (1)
2oiyj5zf,8.92,1,2,8.92,High Value,One-time (1)
odwj13lh,8.92,1,2,8.92,High Value,One-time (1)
afun9odt,8.92,1,4,8.92,High Value,One-time (1)
2km6src7,8.92,1,2,8.92,High Value,One-time (1)
j8i2c1mj,8.92,1,2,8.92,High Value,One-time (1)
237b7z52,8.92,1,2,8.92,High Value,One-time (1)
rtvn8z06,8.92,1,2,8.92,High Value,One-time (1)
ljvhjfk6,8.92,1,3,8.92,High Value,One-time (1)
sct9zvbd,8.92,1,2,8.92,High Value,One-time (1)
pl4zglgr,8.92,1,2,8.92,High Value,One-time (1)
9ja9jdz5,8.92,1,2,8.92,High Value,One-time (1)
h9wnlvu7,8.92,1,2,8.92,High Value,One-time (1)
g1ccvgf4,8.92,1,2,8.92,High Value,One-time (1)
yjm8lpll,8.92,1,2,8.92,High Value,One-time (1)
f2wv0b8v,8.92,1,2,8.92,High Value,One-time (1)
4senoh4m,8.92,1,2,8.92,High Value,One-time (1)
rnv27jfj,8.92,1,2,8.92,High Value,One-time (1)
msn15l3d,8.92,1,2,8.92,High Value,One-time (1)
hr1erdli,8.92,1,2,8.92,High Value,One-time (1)
m868rob3,8.92,1,2,8.92,High Value,One-time (1)
ptmyd43q,8.92,1,4,8.92,High Value,One-time (1)
3sesw2sn,8.92,1,2,8.92,High Value,One-time (1)
1yjgsuqw,8.92,1,2,8.92,High Value,One-time (1)
k5cuvm6q,8.92,1,2,8.92,High Value,One-time (1)
ljcny6lz,8.92,1,2,8.92,High Value,One-time (1)
0ej8ehd2,8.92,1,2,8.92,High Value,One-time (1)
4txbuk1j,8.91,1,2,8.91,High Value,One-time (1)
7h1kf16h,8.91,1,3,8.91,High Value,One-time (1)
mmdonw9z,8.91,1,3,8.91,High Value,One-time (1)
47pycqjn,8.91,1,3,8.91,High Value,One-time (1)
rtn7649i,8.89,1,2,8.89,High Value,One-time (1)
car0cnlr,8.89,1,2,8.89,High Value,One-time (1)
mabtr6z5,8.86,1,2,8.86,High Value,One-time (1)
lkxclukz,8.86,1,3,8.86,High Value,One-time (1)
zwpfiq43,8.86,1,2,8.86,High Value,One-time (1)
ts18w7si,8.85,1,3,8.85,High Value,One-time (1)
wau03dy4,8.85,1,3,8.85,High Value,One-time (1)
x9arzlid,8.85,1,3,8.85,High Value,One-time (1)
zjg8cn7q,8.85,1,3,8.85,High Value,One-time (1)
hl1kpm9u,8.85,1,3,8.85,High Value,One-time (1)
m5uwq1gw,8.85,1,3,8.85,High Value,One-time (1)
kxzpdkvm,8.85,1,3,8.85,High Value,One-time (1)
6ftfyulu,8.85,1,3,8.85,High Value,One-time (1)
azj7p98d,8.85,1,3,8.85,High Value,One-time (1)
ybgvl3fw,8.85,1,3,8.85,High Value,One-time (1)
9ngq6tlv,8.85,2,2,4.425,High Value,Occasional (2-3)
hbza7b93,8.85,1,3,8.85,High Value,One-time (1)
3kgylenq,8.85,1,3,8.85,High Value,One-time (1)
g3tvovo2,8.84,1,2,8.84,High Value,One-time (1)
si9ukwy6,8.84,1,2,8.84,High Value,One-time (1)
dmfvlwua,8.84,1,2,8.84,High Value,One-time (1)
3ilfy2n6,8.84,1,2,8.84,High Value,One-time (1)
c4svo82k,8.84,1,2,8.84,High Value,One-time (1)
5gk8xuga,8.84,1,2,8.84,High Value,One-time (1)
t5421etv,8.84,1,2,8.84,High Value,One-time (1)
94ru7mw0,8.84,1,2,8.84,High Value,One-time (1)
uxk9wx64,8.84,1,2,8.84,High Value,One-time (1)
v54ovdss,8.84,1,2,8.84,High Value,One-time (1)
jyels8fp,8.84,1,2,8.84,High Value,One-time (1)
3fzyoj6h,8.84,1,2,8.84,High Value,One-time (1)
bldtus7n,8.84,1,2,8.84,High Value,One-time (1)
hxerdbf2,8.84,1,2,8.84,High Value,One-time (1)
gu6sx82u,8.84,1,2,8.84,High Value,One-time (1)
802oeiqg,8.84,1,2,8.84,High Value,One-time (1)
bguqiox4,8.84,1,2,8.84,High Value,One-time (1)
1rz92wj3,8.84,1,4,8.84,High Value,One-time (1)
o133zyvr,8.84,1,2,8.84,High Value,One-time (1)
8ifqiwor,8.83,1,3,8.83,High Value,One-time (1)
twdl9zs1,8.83,3,3,2.9433333333333334,High Value,Occasional (2-3)
mxk6s12s,8.82,1,3,8.82,High Value,One-time (1)
m9964yzm,8.82,1,2,8.82,High Value,One-time (1)
4vi59syt,8.82,1,2,8.82,High Value,One-time (1)
ifej5vkk,8.82,1,3,8.82,High Value,One-time (1)
h7fadpd8,8.82,1,3,8.82,High Value,One-time (1)
dioau5xi,8.82,1,3,8.82,High Value,One-time (1)
dhak6exi,8.82,1,3,8.82,High Value,One-time (1)
6k9ro0nf,8.82,1,2,8.82,High Value,One-time (1)
ue5l9pvs,8.82,1,3,8.82,High Value,One-time (1)
q3dm8wm8,8.82,1,3,8.82,High Value,One-time (1)
ofu8blif,8.82,1,3,8.82,High Value,One-time (1)
uwogirbp,8.82,1,2,8.82,High Value,One-time (1)
iyvarwu9,8.82,1,2,8.82,High Value,One-time (1)
md7jitkh,8.82,1,2,8.82,High Value,One-time (1)
u4bm1uox,8.82,1,2,8.82,High Value,One-time (1)
vluk6b7v,8.82,1,3,8.82,High Value,One-time (1)
szixdql1,8.82,1,2,8.82,High Value,One-time (1)
p9kd77iq,8.82,1,2,8.82,High Value,One-time (1)
6q8mglj9,8.82,1,2,8.82,High Value,One-time (1)
zqzh53a8,8.82,1,3,8.82,High Value,One-time (1)
55wmut3h,8.82,1,3,8.82,High Value,One-time (1)
wgzq89hq,8.82,1,2,8.82,High Value,One-time (1)
9guhv99s,8.82,1,3,8.82,High Value,One-time (1)
ibo224hs,8.82,1,3,8.82,High Value,One-time (1)
2307sbs4,8.82,1,3,8.82,High Value,One-time (1)
12v1tnqh,8.82,1,2,8.82,High Value,One-time (1)
9pnt7hq4,8.82,1,2,8.82,High Value,One-time (1)
l5qek1qg,8.82,1,2,8.82,High Value,One-time (1)
tti0485w,8.82,1,3,8.82,High Value,One-time (1)
v8ik1nc1,8.82,1,2,8.82,High Value,One-time (1)
d14ve92m,8.82,2,2,4.41,High Value,Occasional (2-3)
artv9ode,8.8,1,2,8.8,High Value,One-time (1)
xnmj5ian,8.8,2,2,4.4,High Value,Occasional (2-3)
gmefxu81,8.8,1,2,8.8,High Value,One-time (1)
nuu5eidd,8.8,1,2,8.8,High Value,One-time (1)
zbaswgu6,8.8,1,2,8.8,High Value,One-time (1)
hmk4ljfw,8.8,1,2,8.8,High Value,One-time (1)
8zll3mdg,8.8,1,2,8.8,High Value,One-time (1)
yztieuvc,8.8,1,2,8.8,High Value,One-time (1)
69g403pn,8.8,1,2,8.8,High Value,One-time (1)
sokg9fms,8.8,1,2,8.8,High Value,One-time (1)
fmc8rdbp,8.8,1,2,8.8,High Value,One-time (1)
45ed5ggs,8.8,1,2,8.8,High Value,One-time (1)
7q9r3py1,8.8,1,2,8.8,High Value,One-time (1)
m8m56ucc,8.8,1,2,8.8,High Value,One-time (1)
g4rat37m,8.8,1,2,8.8,High Value,One-time (1)
lhueqrg9,8.8,1,2,8.8,High Value,One-time (1)
n0gxmj7l,8.8,1,2,8.8,High Value,One-time (1)
lsct7e67,8.8,1,2,8.8,High Value,One-time (1)
vetliwbs,8.8,1,2,8.8,High Value,One-time (1)
l0dgh6m3,8.79,2,2,4.395,High Value,Occasional (2-3)
up31eg0t,8.79,1,3,8.79,High Value,One-time (1)
b4nrchx8,8.79,1,3,8.79,High Value,One-time (1)
p104nv3e,8.79,1,3,8.79,High Value,One-time (1)
9v2o4wr7,8.79,1,3,8.79,High Value,One-time (1)
f5wa77dj,8.79,1,3,8.79,High Value,One-time (1)
mw5vwzkl,8.79,1,3,8.79,High Value,One-time (1)
2mm8wxum,8.79,1,3,8.79,High Value,One-time (1)
ljb80kqw,8.79,1,3,8.79,High Value,One-time (1)
l2wubsj9,8.79,1,3,8.79,High Value,One-time (1)
b8i0tirl,8.79,1,3,8.79,High Value,One-time (1)
hjakb06t,8.79,1,3,8.79,High Value,One-time (1)
ecpklvru,8.79,1,2,8.79,High Value,One-time (1)
7gt54r6z,8.76,1,3,8.76,High Value,One-time (1)
wvpunwcg,8.76,1,3,8.76,High Value,One-time (1)
7e4uny18,8.76,1,3,8.76,High Value,One-time (1)
cu93dkzj,8.76,1,3,8.76,High Value,One-time (1)
5m971l2w,8.76,1,3,8.76,High Value,One-time (1)
4wsqt26q,8.76,1,3,8.76,High Value,One-time (1)
8rftrdww,8.76,1,3,8.76,High Value,One-time (1)
quxt1esu,8.76,1,2,8.76,High Value,One-time (1)
c2keivli,8.75,3,4,2.9166666666666665,High Value,Occasional (2-3)
6g8amgoy,8.75,1,3,8.75,High Value,One-time (1)
uhvoczsx,8.75,1,2,8.75,High Value,One-time (1)
8el8abyh,8.74,1,2,8.74,High Value,One-time (1)
3kmkgf9e,8.74,1,2,8.74,High Value,One-time (1)
qargraer,8.74,1,2,8.74,High Value,One-time (1)
nq5208vf,8.74,1,2,8.74,High Value,One-time (1)
dtjvzhwj,8.74,2,2,4.37,High Value,Occasional (2-3)
5151lu0e,8.74,1,2,8.74,High Value,One-time (1)
xlkna6c9,8.74,1,2,8.74,High Value,One-time (1)
d7xolxdj,8.74,1,2,8.74,High Value,One-time (1)
6edlmayl,8.74,1,2,8.74,High Value,One-time (1)
p4b8j4zx,8.74,1,2,8.74,High Value,One-time (1)
5qzdo025,8.74,1,2,8.74,High Value,One-time (1)
zajghmkm,8.74,1,2,8.74,High Value,One-time (1)
3ugz597r,8.74,1,2,8.74,High Value,One-time (1)
dgxyalao,8.74,1,2,8.74,High Value,One-time (1)
kf88m9g3,8.74,1,2,8.74,High Value,One-time (1)
v8dyvogs,8.74,1,2,8.74,High Value,One-time (1)
uf6wbs0j,8.74,1,2,8.74,High Value,One-time (1)
x7rgi629,8.74,1,2,8.74,High Value,One-time (1)
niaps2hh,8.74,1,2,8.74,High Value,One-time (1)
pidbymki,8.74,1,2,8.74,High Value,One-time (1)
mpirjpyw,8.74,1,2,8.74,High Value,One-time (1)
8u5kq60z,8.74,1,2,8.74,High Value,One-time (1)
v0ikp9fa,8.74,1,2,8.74,High Value,One-time (1)
x7kdilbd,8.74,1,2,8.74,High Value,One-time (1)
gy8buxin,8.74,1,2,8.74,High Value,One-time (1)
saqpp541,8.74,1,2,8.74,High Value,One-time (1)
bkhsisgw,8.74,1,2,8.74,High Value,One-time (1)
a3idy3c7,8.74,1,2,8.74,High Value,One-time (1)
3jixyu4x,8.74,1,2,8.74,High Value,One-time (1)
ztduurua,8.74,1,2,8.74,High Value,One-time (1)
5y5a8r63,8.74,1,2,8.74,High Value,One-time (1)
gc50i32b,8.74,1,2,8.74,High Value,One-time (1)
r0otn0n0,8.74,1,2,8.74,High Value,One-time (1)
ukf1j8zz,8.74,1,2,8.74,High Value,One-time (1)
ejuae0ka,8.74,1,2,8.74,High Value,One-time (1)
fqu0lmrf,8.74,1,2,8.74,High Value,One-time (1)
dxdrr4z7,8.74,1,2,8.74,High Value,One-time (1)
qndj85qw,8.74,1,2,8.74,High Value,One-time (1)
guuw0580,8.74,1,2,8.74,High Value,One-time (1)
1bqkuzdm,8.74,1,2,8.74,High Value,One-time (1)
enetkt24,8.74,1,2,8.74,High Value,One-time (1)
2daubd4y,8.74,1,2,8.74,High Value,One-time (1)
fark38mi,8.74,1,2,8.74,High Value,One-time (1)
pyma1t6s,8.739999999999998,2,2,4.369999999999999,High Value,Occasional (2-3)
fnu45lp7,8.73,1,3,8.73,High Value,One-time (1)
vy0yur20,8.73,1,3,8.73,High Value,One-time (1)
z81yb48c,8.73,1,3,8.73,High Value,One-time (1)
zagjnosf,8.73,1,3,8.73,High Value,One-time (1)
j8e9ajhk,8.71,1,4,8.71,High Value,One-time (1)
pdtz91x7,8.71,2,2,4.355,High Value,Occasional (2-3)
dfppwc1q,8.709999999999999,2,4,4.3549999999999995,High Value,Occasional (2-3)
00a8hwlp,8.7,1,3,8.7,High Value,One-time (1)
4beij77c,8.7,1,3,8.7,High Value,One-time (1)
v4xkenpx,8.7,1,3,8.7,High Value,One-time (1)
6vt08frs,8.7,1,3,8.7,High Value,One-time (1)
n3dkvr5n,8.7,1,3,8.7,High Value,One-time (1)
d4b7j0gc,8.7,1,3,8.7,High Value,One-time (1)
i4y564ph,8.7,1,3,8.7,High Value,One-time (1)
i87lub14,8.7,1,3,8.7,High Value,One-time (1)
p8hqmabs,8.690000000000001,2,3,4.345000000000001,High Value,Occasional (2-3)
ptcm6z5q,8.69,1,2,8.69,High Value,One-time (1)
mf2kprwl,8.68,1,2,8.68,High Value,One-time (1)
nj7xs7lp,8.67,1,3,8.67,High Value,One-time (1)
2y0oy58f,8.67,2,2,4.335,High Value,Occasional (2-3)
jl6l91f4,8.65,2,2,4.325,High Value,Occasional (2-3)
owvuxuc4,8.64,1,2,8.64,High Value,One-time (1)
e9dhy5os,8.64,1,2,8.64,High Value,One-time (1)
15adl5yi,8.64,1,2,8.64,High Value,One-time (1)
60sg070u,8.64,1,2,8.64,High Value,One-time (1)
kh0yahyl,8.64,1,2,8.64,High Value,One-time (1)
x08ejydo,8.64,1,2,8.64,High Value,One-time (1)
61r6xkjj,8.64,1,4,8.64,High Value,One-time (1)
y210778k,8.64,1,2,8.64,High Value,One-time (1)
il0byvcs,8.64,1,2,8.64,High Value,One-time (1)
b906vkxy,8.64,1,3,8.64,High Value,One-time (1)
keuu99pb,8.64,1,2,8.64,High Value,One-time (1)
g8max1yf,8.64,1,2,8.64,High Value,One-time (1)
ken9vhx0,8.64,1,2,8.64,High Value,One-time (1)
1c2zl46q,8.64,1,2,8.64,High Value,One-time (1)
cp5gmtk4,8.64,1,2,8.64,High Value,One-time (1)
jzezwi86,8.64,1,2,8.64,High Value,One-time (1)
330yr96s,8.64,1,2,8.64,High Value,One-time (1)
lxt6k66g,8.64,1,2,8.64,High Value,One-time (1)
wukbfe5y,8.64,1,2,8.64,High Value,One-time (1)
rrz2wwc4,8.64,1,3,8.64,High Value,One-time (1)
i9cq0stz,8.64,1,2,8.64,High Value,One-time (1)
9twr3ykn,8.64,1,2,8.64,High Value,One-time (1)
e3nrhfkg,8.64,1,2,8.64,High Value,One-time (1)
nkuul6lm,8.64,1,2,8.64,High Value,One-time (1)
wrj7glmt,8.64,1,2,8.64,High Value,One-time (1)
8h3yrfvu,8.64,1,2,8.64,High Value,One-time (1)
jjjc9x8a,8.64,1,2,8.64,High Value,One-time (1)
euf3evsh,8.64,1,3,8.64,High Value,One-time (1)
n3mkfo08,8.64,1,2,8.64,High Value,One-time (1)
d8461xuw,8.64,1,2,8.64,High Value,One-time (1)
ih3sp86y,8.64,1,2,8.64,High Value,One-time (1)
yt14p4di,8.64,1,3,8.64,High Value,One-time (1)
r15fo9ua,8.64,1,3,8.64,High Value,One-time (1)
j05ahvu4,8.64,1,2,8.64,High Value,One-time (1)
wburseiy,8.64,1,2,8.64,High Value,One-time (1)
wib3an0u,8.64,1,2,8.64,High Value,One-time (1)
ej6b4w2y,8.64,1,2,8.64,High Value,One-time (1)
w9y9ozox,8.64,1,2,8.64,High Value,One-time (1)
j9a3y36d,8.64,1,2,8.64,High Value,One-time (1)
4ds187fw,8.64,1,2,8.64,High Value,One-time (1)
361w0pn4,8.64,1,2,8.64,High Value,One-time (1)
48ck01qh,8.64,1,2,8.64,High Value,One-time (1)
9kiixeb0,8.64,1,2,8.64,High Value,One-time (1)
w0084n9f,8.64,1,2,8.64,High Value,One-time (1)
x7u0pcz8,8.64,1,2,8.64,High Value,One-time (1)
zd79v3vt,8.64,1,2,8.64,High Value,One-time (1)
omng5gk9,8.64,1,2,8.64,High Value,One-time (1)
80maqeb8,8.64,1,3,8.64,High Value,One-time (1)
ytkw2837,8.64,1,2,8.64,High Value,One-time (1)
lz6jismi,8.64,1,2,8.64,High Value,One-time (1)
1zfggm35,8.64,1,3,8.64,High Value,One-time (1)
6eger7yu,8.64,1,2,8.64,High Value,One-time (1)
3o76hu0f,8.64,1,2,8.64,High Value,One-time (1)
bq9zty9i,8.64,1,4,8.64,High Value,One-time (1)
0mm3q927,8.64,1,2,8.64,High Value,One-time (1)
bzrtnhlg,8.64,1,2,8.64,High Value,One-time (1)
x51ylf41,8.64,1,3,8.64,High Value,One-time (1)
2pijyh52,8.64,1,2,8.64,High Value,One-time (1)
jls2nk0s,8.64,1,2,8.64,High Value,One-time (1)
3sax631d,8.64,1,2,8.64,High Value,One-time (1)
cbk16ymb,8.63,1,2,8.63,High Value,One-time (1)
ftjr1zyr,8.62,1,2,8.62,High Value,One-time (1)
e21fb0nv,8.62,1,2,8.62,High Value,One-time (1)
086vybzd,8.62,1,2,8.62,High Value,One-time (1)
10u4cssf,8.61,1,3,8.61,High Value,One-time (1)
iesk0bmt,8.61,1,3,8.61,High Value,One-time (1)
c3zjfwg3,8.6,1,2,8.6,High Value,One-time (1)
9wrr513b,8.6,3,3,2.8666666666666667,High Value,Occasional (2-3)
l9rm73sm,8.6,1,2,8.6,High Value,One-time (1)
1iejr4xx,8.6,1,2,8.6,High Value,One-time (1)
5afbk6hd,8.58,1,2,8.58,High Value,One-time (1)
1v3jhksb,8.58,1,2,8.58,High Value,One-time (1)
zge57kvc,8.58,1,3,8.58,High Value,One-time (1)
s7em739l,8.58,1,2,8.58,High Value,One-time (1)
wt2fes5c,8.58,2,2,4.29,High Value,Occasional (2-3)
i0f6j01o,8.58,1,2,8.58,High Value,One-time (1)
d7yxw1tb,8.57,2,2,4.285,High Value,Occasional (2-3)
g3jbrrd4,8.57,1,4,8.57,High Value,One-time (1)
nsn2s8nn,8.56,2,2,4.28,High Value,Occasional (2-3)
qm5voql5,8.56,1,2,8.56,High Value,One-time (1)
xu00t5hl,8.56,1,2,8.56,High Value,One-time (1)
x3bp59nk,8.56,1,2,8.56,High Value,One-time (1)
tzmrtr11,8.56,1,2,8.56,High Value,One-time (1)
dm4i7xqb,8.56,1,2,8.56,High Value,One-time (1)
ul6lgjlp,8.56,1,2,8.56,High Value,One-time (1)
mlnso58c,8.56,1,2,8.56,High Value,One-time (1)
e66tkvve,8.56,1,2,8.56,High Value,One-time (1)
y0rt7nl1,8.56,1,2,8.56,High Value,One-time (1)
7y08jyhl,8.56,1,2,8.56,High Value,One-time (1)
qou9b27x,8.56,1,2,8.56,High Value,One-time (1)
xq7bzegb,8.56,1,2,8.56,High Value,One-time (1)
qvagmnh7,8.56,1,2,8.56,High Value,One-time (1)
psveb31z,8.55,1,3,8.55,High Value,One-time (1)
pkobk4xk,8.55,1,3,8.55,High Value,One-time (1)
udwamon6,8.55,1,3,8.55,High Value,One-time (1)
tdt1k0pt,8.55,1,3,8.55,High Value,One-time (1)
v5gozu33,8.55,1,3,8.55,High Value,One-time (1)
49vbnwlh,8.55,1,3,8.55,High Value,One-time (1)
w21jjjsh,8.55,1,3,8.55,High Value,One-time (1)
vrph51rb,8.55,1,3,8.55,High Value,One-time (1)
t6ftqt3r,8.55,1,3,8.55,High Value,One-time (1)
wk0yehvd,8.55,1,3,8.55,High Value,One-time (1)
beo4euta,8.55,1,3,8.55,High Value,One-time (1)
5p8g8oef,8.55,1,3,8.55,High Value,One-time (1)
akwac3gi,8.55,1,3,8.55,High Value,One-time (1)
rxljllfs,8.55,1,3,8.55,High Value,One-time (1)
v42t8lli,8.55,2,2,4.275,High Value,Occasional (2-3)
ddjitiv3,8.54,1,2,8.54,High Value,One-time (1)
4hf4ts2d,8.54,1,2,8.54,High Value,One-time (1)
rtf4h84x,8.54,1,2,8.54,High Value,One-time (1)
p90ot7uh,8.54,1,2,8.54,High Value,One-time (1)
j7stc9vs,8.54,1,2,8.54,High Value,One-time (1)
9igfu8io,8.54,1,2,8.54,High Value,One-time (1)
o7jrfg53,8.54,1,2,8.54,High Value,One-time (1)
ocgchqvi,8.54,1,2,8.54,High Value,One-time (1)
d72t7ilp,8.54,1,2,8.54,High Value,One-time (1)
rzjk9e0o,8.54,1,2,8.54,High Value,One-time (1)
ixfhgmxf,8.54,1,2,8.54,High Value,One-time (1)
3y3tdhhi,8.54,1,2,8.54,High Value,One-time (1)
4t15pgo4,8.54,1,2,8.54,High Value,One-time (1)
av9r86uv,8.54,1,2,8.54,High Value,One-time (1)
9mw9abmu,8.54,1,2,8.54,High Value,One-time (1)
okyi2bkv,8.54,1,2,8.54,High Value,One-time (1)
mq2sh0dm,8.54,1,2,8.54,High Value,One-time (1)
pfln284b,8.54,1,2,8.54,High Value,One-time (1)
o50dw1mf,8.54,1,2,8.54,High Value,One-time (1)
lfydlxo8,8.54,1,2,8.54,High Value,One-time (1)
7hpfgo05,8.54,1,2,8.54,High Value,One-time (1)
rejf7rrw,8.54,1,2,8.54,High Value,One-time (1)
vtys5alr,8.54,1,2,8.54,High Value,One-time (1)
wzymrwcc,8.54,1,2,8.54,High Value,One-time (1)
8wlsnuwl,8.54,1,2,8.54,High Value,One-time (1)
x23cpelu,8.54,1,2,8.54,High Value,One-time (1)
2qiziu73,8.54,1,2,8.54,High Value,One-time (1)
ec12sqy7,8.54,1,2,8.54,High Value,One-time (1)
8p4h1v7m,8.54,1,2,8.54,High Value,One-time (1)
c7356728,8.54,1,2,8.54,High Value,One-time (1)
qs8vwkhd,8.54,1,2,8.54,High Value,One-time (1)
7d8e7m3d,8.54,1,2,8.54,High Value,One-time (1)
1kq1cq8v,8.54,1,2,8.54,High Value,One-time (1)
6n6975j2,8.530000000000001,2,2,4.265000000000001,High Value,Occasional (2-3)
i2aab0on,8.52,1,2,8.52,High Value,One-time (1)
vtgusb1d,8.52,1,2,8.52,High Value,One-time (1)
k0zuj069,8.52,1,2,8.52,High Value,One-time (1)
gpbk2u44,8.52,1,2,8.52,High Value,One-time (1)
z82b7vln,8.52,1,2,8.52,High Value,One-time (1)
a3m164js,8.52,1,2,8.52,High Value,One-time (1)
ws1loqso,8.52,1,2,8.52,High Value,One-time (1)
iwo4btwr,8.52,1,2,8.52,High Value,One-time (1)
9du3erv4,8.52,1,2,8.52,High Value,One-time (1)
lf8n16d2,8.52,1,2,8.52,High Value,One-time (1)
x408ir7p,8.52,1,2,8.52,High Value,One-time (1)
yvvwysv1,8.52,1,3,8.52,High Value,One-time (1)
fwlo6nv6,8.52,1,4,8.52,High Value,One-time (1)
dqnz3wws,8.52,1,2,8.52,High Value,One-time (1)
dejv0a4q,8.52,1,2,8.52,High Value,One-time (1)
8z55if3b,8.52,1,3,8.52,High Value,One-time (1)
31y2l3po,8.52,1,2,8.52,High Value,One-time (1)
ps7enwdv,8.52,1,2,8.52,High Value,One-time (1)
0vz7rpfy,8.52,1,2,8.52,High Value,One-time (1)
h1vnomd4,8.52,1,2,8.52,High Value,One-time (1)
hrwrielj,8.52,1,2,8.52,High Value,One-time (1)
fcd6mzsg,8.52,1,2,8.52,High Value,One-time (1)
mnd4zk0l,8.52,1,3,8.52,High Value,One-time (1)
u2cctwi4,8.52,1,3,8.52,High Value,One-time (1)
lvj4qamr,8.52,1,2,8.52,High Value,One-time (1)
t95c1ai0,8.52,1,2,8.52,High Value,One-time (1)
fxg8mqs5,8.52,1,3,8.52,High Value,One-time (1)
t9z056y5,8.52,1,2,8.52,High Value,One-time (1)
6ycdwq64,8.5,1,2,8.5,High Value,One-time (1)
3rzn9l3h,8.5,2,4,4.25,High Value,Occasional (2-3)
4dsxlsut,8.5,2,2,4.25,High Value,Occasional (2-3)
3udds9xw,8.5,1,5,8.5,High Value,One-time (1)
6slrglh8,8.5,1,2,8.5,High Value,One-time (1)
mzmg84up,8.5,1,2,8.5,High Value,One-time (1)
2q9ojf3c,8.49,2,2,4.245,High Value,Occasional (2-3)
8incforb,8.49,1,3,8.49,High Value,One-time (1)
uvaydw0y,8.48,1,2,8.48,High Value,One-time (1)
4nbhnozz,8.48,1,4,8.48,High Value,One-time (1)
o51atlh9,8.48,1,4,8.48,High Value,One-time (1)
ky5f6028,8.48,1,2,8.48,High Value,One-time (1)
4mcw2by9,8.48,1,2,8.48,High Value,One-time (1)
ybz6fzxn,8.48,1,2,8.48,High Value,One-time (1)
zh9mrx4k,8.48,1,2,8.48,High Value,One-time (1)
y85o1q3f,8.48,1,2,8.48,High Value,One-time (1)
keyz7src,8.48,1,2,8.48,High Value,One-time (1)
nao3dd0e,8.48,1,2,8.48,High Value,One-time (1)
6llbvrl1,8.48,1,2,8.48,High Value,One-time (1)
5dsvuad6,8.48,1,2,8.48,High Value,One-time (1)
m3q877xt,8.48,1,2,8.48,High Value,One-time (1)
eeflhrpn,8.48,1,2,8.48,High Value,One-time (1)
00zkom2z,8.48,1,2,8.48,High Value,One-time (1)
2omw31cn,8.48,1,2,8.48,High Value,One-time (1)
nz51gv6m,8.48,1,4,8.48,High Value,One-time (1)
ug64e84l,8.48,1,2,8.48,High Value,One-time (1)
fxztwzq3,8.48,1,2,8.48,High Value,One-time (1)
gan48lct,8.48,1,2,8.48,High Value,One-time (1)
snyeqfzh,8.48,1,2,8.48,High Value,One-time (1)
6h84g1ft,8.48,1,2,8.48,High Value,One-time (1)
7wr0kn8a,8.48,1,2,8.48,High Value,One-time (1)
elmaj2s1,8.48,1,2,8.48,High Value,One-time (1)
qdgbk2l0,8.48,1,2,8.48,High Value,One-time (1)
kds2nln4,8.46,1,2,8.46,High Value,One-time (1)
jqvulmw2,8.46,1,2,8.46,High Value,One-time (1)
an6sdtqe,8.46,1,2,8.46,High Value,One-time (1)
7gj0pfsg,8.46,1,2,8.46,High Value,One-time (1)
bmwmnohg,8.46,1,2,8.46,High Value,One-time (1)
aqfqb5qs,8.46,1,2,8.46,High Value,One-time (1)
gimwl6wy,8.46,1,2,8.46,High Value,One-time (1)
blj28gsz,8.46,1,2,8.46,High Value,One-time (1)
n4h9yk62,8.46,1,2,8.46,High Value,One-time (1)
wdumpjrv,8.46,1,3,8.46,High Value,One-time (1)
bkwtns10,8.46,1,2,8.46,High Value,One-time (1)
it5t7hl5,8.46,1,2,8.46,High Value,One-time (1)
wnv9foix,8.46,1,3,8.46,High Value,One-time (1)
wml9v3l1,8.46,1,2,8.46,High Value,One-time (1)
ystduz8r,8.46,1,2,8.46,High Value,One-time (1)
4jat0i9v,8.46,1,3,8.46,High Value,One-time (1)
d3a44o2i,8.46,1,2,8.46,High Value,One-time (1)
3nbf0hbb,8.46,1,2,8.46,High Value,One-time (1)
2vrmmof8,8.46,1,2,8.46,High Value,One-time (1)
bp7pldos,8.46,1,2,8.46,High Value,One-time (1)
9zq31bul,8.46,1,2,8.46,High Value,One-time (1)
n1sjc2yl,8.46,1,2,8.46,High Value,One-time (1)
42kvg48c,8.46,1,3,8.46,High Value,One-time (1)
ild865y2,8.46,1,3,8.46,High Value,One-time (1)
58pmb8uc,8.46,1,2,8.46,High Value,One-time (1)
evdejzqc,8.46,1,2,8.46,High Value,One-time (1)
6udojy6g,8.46,1,2,8.46,High Value,One-time (1)
ehzhcpp6,8.46,1,2,8.46,High Value,One-time (1)
160qd1to,8.46,1,2,8.46,High Value,One-time (1)
f5i0vbby,8.46,1,2,8.46,High Value,One-time (1)
a3n3e8n3,8.46,1,2,8.46,High Value,One-time (1)
e1cm091e,8.46,1,2,8.46,High Value,One-time (1)
bvmn2279,8.46,1,2,8.46,High Value,One-time (1)
b9klemdc,8.46,1,2,8.46,High Value,One-time (1)
sm6e4c0k,8.46,1,2,8.46,High Value,One-time (1)
8x0d3lnz,8.46,1,2,8.46,High Value,One-time (1)
e30y5gtm,8.46,1,2,8.46,High Value,One-time (1)
03756fhe,8.46,1,2,8.46,High Value,One-time (1)
u5cc9zzc,8.46,1,3,8.46,High Value,One-time (1)
o3u7rvm3,8.46,1,2,8.46,High Value,One-time (1)
rsp2ec4m,8.46,1,2,8.46,High Value,One-time (1)
lws8duoc,8.45,1,3,8.45,High Value,One-time (1)
jgxrvs58,8.43,1,3,8.43,High Value,One-time (1)
zjljqjxy,8.43,1,3,8.43,High Value,One-time (1)
za96fcp5,8.43,1,3,8.43,High Value,One-time (1)
9rt3un1m,8.43,1,3,8.43,High Value,One-time (1)
9jvjqi5x,8.43,1,3,8.43,High Value,One-time (1)
oj41835j,8.41,1,2,8.41,High Value,One-time (1)
s0a4g0fi,8.4,1,2,8.4,High Value,One-time (1)
j1r5xjb6,8.4,1,3,8.4,High Value,One-time (1)
ve3nadla,8.4,1,2,8.4,High Value,One-time (1)
i38hm6iu,8.4,1,3,8.4,High Value,One-time (1)
9wab6mp4,8.4,1,3,8.4,High Value,One-time (1)
2fs3swco,8.4,1,2,8.4,High Value,One-time (1)
krezp2z4,8.4,1,2,8.4,High Value,One-time (1)
2nmz0x38,8.4,1,3,8.4,High Value,One-time (1)
20xb7vlj,8.4,1,2,8.4,High Value,One-time (1)
2zin5m9y,8.4,1,2,8.4,High Value,One-time (1)
c35s3jsj,8.4,1,2,8.4,High Value,One-time (1)
mi0i8l4b,8.4,1,3,8.4,High Value,One-time (1)
rulh9lkz,8.39,1,2,8.39,High Value,One-time (1)
9hgtcw21,8.38,1,2,8.38,High Value,One-time (1)
1qmkg0ns,8.38,1,2,8.38,High Value,One-time (1)
89y0vv6x,8.38,1,2,8.38,High Value,One-time (1)
ihj500dt,8.38,1,2,8.38,High Value,One-time (1)
x0u9g6fs,8.38,1,2,8.38,High Value,One-time (1)
zw0hsbgq,8.38,1,2,8.38,High Value,One-time (1)
z2djep77,8.38,1,2,8.38,High Value,One-time (1)
er0wx5cb,8.38,1,3,8.38,High Value,One-time (1)
gzggr0ro,8.38,1,2,8.38,High Value,One-time (1)
g25crj61,8.38,1,2,8.38,High Value,One-time (1)
i6fqjja2,8.38,1,2,8.38,High Value,One-time (1)
nh1xklut,8.38,1,2,8.38,High Value,One-time (1)
4u13kgd7,8.38,1,2,8.38,High Value,One-time (1)
kf95z6dy,8.38,1,2,8.38,High Value,One-time (1)
4fv8d2gh,8.38,1,2,8.38,High Value,One-time (1)
twmi09iy,8.38,1,2,8.38,High Value,One-time (1)
hzenn003,8.38,1,2,8.38,High Value,One-time (1)
nqv55y5i,8.38,1,2,8.38,High Value,One-time (1)
l9vkl6a8,8.38,1,2,8.38,High Value,One-time (1)
3kf462nb,8.38,1,2,8.38,High Value,One-time (1)
ejw39yzm,8.38,1,2,8.38,High Value,One-time (1)
30k81ivz,8.38,1,2,8.38,High Value,One-time (1)
jhel536i,8.37,1,3,8.37,High Value,One-time (1)
flmys9ca,8.37,1,3,8.37,High Value,One-time (1)
gqrtr0ax,8.37,1,2,8.37,High Value,One-time (1)
dwdwfj1n,8.36,1,4,8.36,High Value,One-time (1)
humw7sck,8.36,1,2,8.36,High Value,One-time (1)
3dgs9gt0,8.36,1,2,8.36,High Value,One-time (1)
i9g5dzx5,8.36,2,2,4.18,High Value,Occasional (2-3)
oa83z725,8.36,1,2,8.36,High Value,One-time (1)
lfix91zs,8.36,1,4,8.36,High Value,One-time (1)
fy1numat,8.36,1,4,8.36,High Value,One-time (1)
g5kell2i,8.36,1,3,8.36,High Value,One-time (1)
vg7umth7,8.35,1,3,8.35,High Value,One-time (1)
omuwahk2,8.34,2,3,4.17,High Value,Occasional (2-3)
jdtvv2y4,8.34,2,2,4.17,High Value,Occasional (2-3)
qo8ncs0x,8.31,1,2,8.31,High Value,One-time (1)
6usravz1,8.3,1,2,8.3,High Value,One-time (1)
2mjozah4,8.3,1,2,8.3,High Value,One-time (1)
blcj7ax3,8.3,1,2,8.3,High Value,One-time (1)
aenwkax3,8.3,1,2,8.3,High Value,One-time (1)
i036k9q8,8.3,1,2,8.3,High Value,One-time (1)
sb0ukoef,8.3,1,2,8.3,High Value,One-time (1)
jyujq5ny,8.3,1,2,8.3,High Value,One-time (1)
2esf4ndr,8.3,2,2,4.15,High Value,Occasional (2-3)
fmpkxvha,8.29,2,3,4.145,High Value,Occasional (2-3)
a21a6xva,8.29,2,2,4.145,High Value,Occasional (2-3)
jvm1qwx5,8.28,1,3,8.28,High Value,One-time (1)
057zsj81,8.28,1,3,8.28,High Value,One-time (1)
iczda7ij,8.28,1,2,8.28,High Value,One-time (1)
6xqgth3j,8.28,1,2,8.28,High Value,One-time (1)
sorhkjv2,8.28,1,3,8.28,High Value,One-time (1)
hssbelrq,8.28,1,3,8.28,High Value,One-time (1)
7mj1dxle,8.28,1,3,8.28,High Value,One-time (1)
f3kwbnbp,8.28,1,2,8.28,High Value,One-time (1)
wejzmrnx,8.28,1,3,8.28,High Value,One-time (1)
d7hwlxbg,8.28,1,3,8.28,High Value,One-time (1)
uar1m0of,8.28,1,2,8.28,High Value,One-time (1)
vzweb150,8.28,1,2,8.28,High Value,One-time (1)
52vwgwm6,8.28,1,2,8.28,High Value,One-time (1)
hrt6kuik,8.28,1,3,8.28,High Value,One-time (1)
ojniq09q,8.28,1,2,8.28,High Value,One-time (1)
855gttfa,8.28,1,2,8.28,High Value,One-time (1)
x993ssim,8.28,1,3,8.28,High Value,One-time (1)
piz4dd4l,8.28,1,2,8.28,High Value,One-time (1)
glh62c9t,8.28,1,3,8.28,High Value,One-time (1)
rdc947of,8.28,1,4,8.28,High Value,One-time (1)
bxanj4x5,8.28,1,3,8.28,High Value,One-time (1)
t2w0pdig,8.28,1,2,8.28,High Value,One-time (1)
3mkb6wtq,8.28,1,2,8.28,High Value,One-time (1)
1bbgtm8y,8.28,1,2,8.28,High Value,One-time (1)
4m06zj6x,8.28,1,3,8.28,High Value,One-time (1)
mauw7h99,8.28,1,2,8.28,High Value,One-time (1)
hicqd41w,8.28,1,3,8.28,High Value,One-time (1)
psg3z637,8.28,1,3,8.28,High Value,One-time (1)
6cnrv6dg,8.28,1,3,8.28,High Value,One-time (1)
7phmpcg6,8.28,1,3,8.28,High Value,One-time (1)
tgxr0vm4,8.28,1,2,8.28,High Value,One-time (1)
a8qaetla,8.27,1,2,8.27,High Value,One-time (1)
rx437qo1,8.26,1,3,8.26,High Value,One-time (1)
wm5w3jgh,8.26,1,3,8.26,High Value,One-time (1)
pef6nrw1,8.26,1,3,8.26,High Value,One-time (1)
njsleu1s,8.25,1,3,8.25,High Value,One-time (1)
hqe86o3z,8.25,1,3,8.25,High Value,One-time (1)
woip1afn,8.25,1,3,8.25,High Value,One-time (1)
ciwnecxz,8.25,1,3,8.25,High Value,One-time (1)
ti6sea3a,8.25,1,3,8.25,High Value,One-time (1)
qqlblu6f,8.25,1,3,8.25,High Value,One-time (1)
rx0v8a40,8.25,1,3,8.25,High Value,One-time (1)
3mvukzx2,8.25,1,3,8.25,High Value,One-time (1)
xthycylq,8.25,1,3,8.25,High Value,One-time (1)
pfji5cbk,8.24,1,2,8.24,High Value,One-time (1)
uesekou2,8.24,1,2,8.24,High Value,One-time (1)
sahilnt6,8.24,1,4,8.24,High Value,One-time (1)
pugu35nw,8.24,1,2,8.24,High Value,One-time (1)
5ybhupmg,8.24,1,2,8.24,High Value,One-time (1)
834i0hmv,8.24,1,2,8.24,High Value,One-time (1)
gkvina82,8.24,1,2,8.24,High Value,One-time (1)
63eeehgx,8.24,1,2,8.24,High Value,One-time (1)
zu7hgnqr,8.24,1,2,8.24,High Value,One-time (1)
qx1um55f,8.24,1,2,8.24,High Value,One-time (1)
ccj1bmu4,8.24,1,2,8.24,High Value,One-time (1)
z7cn0eqw,8.23,2,2,4.115,High Value,Occasional (2-3)
il5gleqq,8.22,1,2,8.22,High Value,One-time (1)
3i5dmvmz,8.22,1,2,8.22,High Value,One-time (1)
i36i7n6x,8.22,1,2,8.22,High Value,One-time (1)
be2uugpm,8.22,1,2,8.22,High Value,One-time (1)
06n93xh9,8.22,1,2,8.22,High Value,One-time (1)
uegbzsmd,8.22,1,2,8.22,High Value,One-time (1)
ru90s77f,8.22,1,2,8.22,High Value,One-time (1)
zpl7psyq,8.22,1,3,8.22,High Value,One-time (1)
pq35tyyv,8.22,1,3,8.22,High Value,One-time (1)
xlfubbcr,8.22,1,2,8.22,High Value,One-time (1)
pwkwxxw6,8.22,1,3,8.22,High Value,One-time (1)
i1ckgotz,8.22,1,3,8.22,High Value,One-time (1)
30bo9lo4,8.22,1,2,8.22,High Value,One-time (1)
w2g8raxv,8.21,1,3,8.21,High Value,One-time (1)
csg0v5if,8.21,1,3,8.21,High Value,One-time (1)
ciorrvhn,8.21,1,4,8.21,High Value,One-time (1)
f0onjpi1,8.21,2,2,4.105,High Value,Occasional (2-3)
qsns3l57,8.2,1,4,8.2,High Value,One-time (1)
q8g8qht9,8.2,1,5,8.2,High Value,One-time (1)
0uye1w9w,8.2,1,2,8.2,High Value,One-time (1)
gnc98p9j,8.2,1,2,8.2,High Value,One-time (1)
3hzcd3ge,8.2,2,2,4.1,High Value,Occasional (2-3)
f8guyxzc,8.2,1,4,8.2,High Value,One-time (1)
gn9v2p3f,8.2,1,2,8.2,High Value,One-time (1)
8k06moxs,8.2,1,2,8.2,High Value,One-time (1)
oo0x6i0g,8.2,1,2,8.2,High Value,One-time (1)
ctpymhst,8.2,1,2,8.2,High Value,One-time (1)
dorwkywt,8.2,1,2,8.2,High Value,One-time (1)
twftq9y6,8.2,2,2,4.1,High Value,Occasional (2-3)
2ch4qmgf,8.2,1,2,8.2,High Value,One-time (1)
seiiopjj,8.2,1,2,8.2,High Value,One-time (1)
pj1nghyj,8.2,1,2,8.2,High Value,One-time (1)
nbl3wkcz,8.2,1,2,8.2,High Value,One-time (1)
9mujg38t,8.2,1,4,8.2,High Value,One-time (1)
jey6a19y,8.2,1,2,8.2,High Value,One-time (1)
3b4e5zef,8.2,1,2,8.2,High Value,One-time (1)
ipucrnw3,8.19,1,3,8.19,High Value,One-time (1)
pv5fot4x,8.19,1,3,8.19,High Value,One-time (1)
lhl1mw47,8.19,1,3,8.19,High Value,One-time (1)
6tpd2vgr,8.19,1,3,8.19,High Value,One-time (1)
a1c80m5s,8.19,1,3,8.19,High Value,One-time (1)
vm539srg,8.19,1,3,8.19,High Value,One-time (1)
pz16gedw,8.19,1,3,8.19,High Value,One-time (1)
7ooksu5p,8.19,1,3,8.19,High Value,One-time (1)
ha5p2y9o,8.19,1,3,8.19,High Value,One-time (1)
0oz4u8n2,8.19,1,3,8.19,High Value,One-time (1)
jn3ebfsr,8.19,1,3,8.19,High Value,One-time (1)
wi5tzkrh,8.19,1,3,8.19,High Value,One-time (1)
6w0bfepj,8.17,1,2,8.17,High Value,One-time (1)
j5zepnra,8.16,1,2,8.16,High Value,One-time (1)
r5gr3rw4,8.16,1,3,8.16,High Value,One-time (1)
7rh5dt2s,8.16,1,3,8.16,High Value,One-time (1)
goyaumx6,8.16,1,3,8.16,High Value,One-time (1)
ckrn83on,8.16,1,3,8.16,High Value,One-time (1)
oxx57fk1,8.16,1,3,8.16,High Value,One-time (1)
eeqw1zay,8.16,1,3,8.16,High Value,One-time (1)
72ds92mf,8.16,1,3,8.16,High Value,One-time (1)
vg5dwcme,8.16,1,3,8.16,High Value,One-time (1)
clvo5ys4,8.15,1,3,8.15,High Value,One-time (1)
184k386c,8.14,1,2,8.14,High Value,One-time (1)
zpm022ak,8.14,1,2,8.14,High Value,One-time (1)
63ieztwa,8.14,1,2,8.14,High Value,One-time (1)
k4oaxv8z,8.14,1,2,8.14,High Value,One-time (1)
tl4lqjla,8.14,1,2,8.14,High Value,One-time (1)
me4iv6oi,8.13,1,3,8.13,High Value,One-time (1)
gfouxusg,8.13,1,3,8.13,High Value,One-time (1)
1xpgkx1g,8.13,1,2,8.13,High Value,One-time (1)
td7kfn8k,8.129999999999999,2,4,4.0649999999999995,High Value,Occasional (2-3)
x2iuedus,8.12,1,2,8.12,High Value,One-time (1)
i6583gqv,8.12,1,2,8.12,High Value,One-time (1)
0c21ltho,8.12,1,2,8.12,High Value,One-time (1)
7hd27m59,8.12,1,2,8.12,High Value,One-time (1)
2vvko1x4,8.12,1,1,8.12,High Value,One-time (1)
3jmdaiw5,8.12,1,2,8.12,High Value,One-time (1)
wmb89aii,8.12,1,2,8.12,High Value,One-time (1)
mofskrcz,8.11,1,2,8.11,High Value,One-time (1)
cipp26re,8.1,1,3,8.1,High Value,One-time (1)
dsqtkkih,8.1,1,2,8.1,High Value,One-time (1)
ebngvfrc,8.1,1,2,8.1,High Value,One-time (1)
gw4gogth,8.1,1,2,8.1,High Value,One-time (1)
e6wh0532,8.1,1,2,8.1,High Value,One-time (1)
dhgzz0jk,8.1,1,5,8.1,High Value,One-time (1)
6jzuvfq3,8.1,1,3,8.1,High Value,One-time (1)
kc9bhlw3,8.1,1,3,8.1,High Value,One-time (1)
mt5yh46a,8.1,1,2,8.1,High Value,One-time (1)
1683t6lx,8.1,1,2,8.1,High Value,One-time (1)
xzmw7jya,8.1,1,3,8.1,High Value,One-time (1)
8xmj1jym,8.1,1,2,8.1,High Value,One-time (1)
qunue7a3,8.1,1,2,8.1,High Value,One-time (1)
5et0ssy8,8.1,1,2,8.1,High Value,One-time (1)
u7tkyk8l,8.1,1,2,8.1,High Value,One-time (1)
yid5makt,8.1,1,3,8.1,High Value,One-time (1)
o2tla27f,8.1,2,2,4.05,High Value,Occasional (2-3)
yqfuwqx1,8.1,1,3,8.1,High Value,One-time (1)
72f813dh,8.1,1,2,8.1,High Value,One-time (1)
4ixiongj,8.1,1,3,8.1,High Value,One-time (1)
0flipta1,8.1,1,3,8.1,High Value,One-time (1)
x4sn6sm5,8.1,1,2,8.1,High Value,One-time (1)
kfdml22q,8.1,1,2,8.1,High Value,One-time (1)
0dcd2m4v,8.1,1,2,8.1,High Value,One-time (1)
g7nfdinu,8.09,2,3,4.045,High Value,Occasional (2-3)
l7ayku0y,8.06,1,2,8.06,High Value,One-time (1)
qywd58wz,8.06,1,2,8.06,High Value,One-time (1)
bz2lddx3,8.06,1,2,8.06,High Value,One-time (1)
2ib3w0sz,8.06,1,2,8.06,High Value,One-time (1)
bls36ymj,8.05,1,3,8.05,High Value,One-time (1)
hclv3cur,8.04,1,3,8.04,High Value,One-time (1)
zwfdkhyx,8.04,1,3,8.04,High Value,One-time (1)
fe5gsjjo,8.04,1,2,8.04,High Value,One-time (1)
scr9224z,8.04,1,3,8.04,High Value,One-time (1)
0nemljyo,8.04,1,2,8.04,High Value,One-time (1)
uk1cocua,8.04,1,3,8.04,High Value,One-time (1)
n7454218,8.04,1,2,8.04,High Value,One-time (1)
a73edxwp,8.04,1,2,8.04,High Value,One-time (1)
9ccvb3pb,8.04,1,2,8.04,High Value,One-time (1)
gfmcrbsq,8.04,1,3,8.04,High Value,One-time (1)
9beuwdm0,8.03,1,2,8.03,High Value,One-time (1)
dy8ihi5o,8.03,1,2,8.03,High Value,One-time (1)
jpp8ssj6,8.03,1,2,8.03,High Value,One-time (1)
wrzrnkwx,8.03,1,2,8.03,High Value,One-time (1)
jg107r92,8.02,2,2,4.01,High Value,Occasional (2-3)
srtaejg9,8.02,1,3,8.02,High Value,One-time (1)
1qmrck2q,8.02,1,3,8.02,High Value,One-time (1)
l5b51y4q,8.01,1,3,8.01,High Value,One-time (1)
gcxca7ad,8.01,1,3,8.01,High Value,One-time (1)
qj9qvuaq,8.01,1,3,8.01,High Value,One-time (1)
qimqodpx,8.01,1,3,8.01,High Value,One-time (1)
73lpw4qs,8.01,1,3,8.01,High Value,One-time (1)
0mcn39pq,8.01,1,3,8.01,High Value,One-time (1)
0adgs8uv,8.01,1,3,8.01,High Value,One-time (1)
i1bj3odt,8.01,1,2,8.01,High Value,One-time (1)
g96hh3h6,8.01,1,3,8.01,High Value,One-time (1)
17nloau6,8.01,1,3,8.01,High Value,One-time (1)
1fa3jj9c,8.01,1,3,8.01,High Value,One-time (1)
wzpyb2ho,8.01,1,3,8.01,High Value,One-time (1)
1yz5w0av,8.01,1,3,8.01,High Value,One-time (1)
c68dwl3e,8.01,1,3,8.01,High Value,One-time (1)
1lhv8x7v,8.01,1,3,8.01,High Value,One-time (1)
vmibazwu,8.01,1,3,8.01,High Value,One-time (1)
vb99rwtf,8.01,2,3,4.005,High Value,Occasional (2-3)
sreq8tgn,8.01,1,3,8.01,High Value,One-time (1)
dw7lcdt4,8.01,1,3,8.01,High Value,One-time (1)
v82pst1h,8.01,1,3,8.01,High Value,One-time (1)
tic1u585,8.01,1,3,8.01,High Value,One-time (1)
jeuho6a9,8.01,1,3,8.01,High Value,One-time (1)
hijxdull,8.0,1,2,8.0,High Value,One-time (1)
1sxxohek,8.0,1,2,8.0,High Value,One-time (1)
8d146lmk,8.0,1,2,8.0,High Value,One-time (1)
zdfnsqy0,8.0,1,2,8.0,High Value,One-time (1)
8bg2caqj,8.0,1,2,8.0,High Value,One-time (1)
e27xrnak,8.0,1,2,8.0,High Value,One-time (1)
bjw5jgdc,8.0,1,2,8.0,High Value,One-time (1)
46ckbm2d,8.0,1,2,8.0,High Value,One-time (1)
hfad2fgu,8.0,1,2,8.0,High Value,One-time (1)
tg987rgs,8.0,1,2,8.0,High Value,One-time (1)
o9lqy2ip,8.0,1,2,8.0,High Value,One-time (1)
oa49z3rj,8.0,1,2,8.0,High Value,One-time (1)
czkwpj49,8.0,1,2,8.0,High Value,One-time (1)
p5u5aiux,8.0,1,2,8.0,High Value,One-time (1)
qp136hs1,8.0,1,2,8.0,High Value,One-time (1)
61kb7ofw,8.0,1,2,8.0,High Value,One-time (1)
3k2j8lz7,8.0,1,2,8.0,High Value,One-time (1)
poqm1o7w,8.0,1,2,8.0,High Value,One-time (1)
zqg5gjde,7.98,1,2,7.98,High Value,One-time (1)
pkv8gbxc,7.98,1,2,7.98,High Value,One-time (1)
uiif38yq,7.98,1,2,7.98,High Value,One-time (1)
f78efnce,7.98,1,2,7.98,High Value,One-time (1)
i1mzeryc,7.98,1,2,7.98,High Value,One-time (1)
x7am8bok,7.98,1,3,7.98,High Value,One-time (1)
wvg720f1,7.98,1,2,7.98,High Value,One-time (1)
9j6hdbkt,7.98,1,2,7.98,High Value,One-time (1)
2nvoqos2,7.98,1,2,7.98,High Value,One-time (1)
b795psdx,7.98,1,3,7.98,High Value,One-time (1)
cd8wdc7p,7.98,1,3,7.98,High Value,One-time (1)
695x3208,7.98,1,3,7.98,High Value,One-time (1)
6gvwrdml,7.98,1,2,7.98,High Value,One-time (1)
kvnijwaq,7.970000000000001,2,2,3.9850000000000003,High Value,Occasional (2-3)
7icdo5di,7.970000000000001,2,2,3.9850000000000003,High Value,Occasional (2-3)
oiq2q4qe,7.97,1,3,7.97,High Value,One-time (1)
mni3gom6,7.960000000000001,2,3,3.9800000000000004,High Value,Occasional (2-3)
bjtm9qgb,7.96,1,2,7.96,High Value,One-time (1)
0dblbyh6,7.96,1,2,7.96,High Value,One-time (1)
8qebbex5,7.96,1,2,7.96,High Value,One-time (1)
6j1kluj4,7.96,1,2,7.96,High Value,One-time (1)
d8h6fhw9,7.96,1,2,7.96,High Value,One-time (1)
s07e7ohz,7.96,1,1,7.96,High Value,One-time (1)
axmqbx8s,7.96,1,2,7.96,High Value,One-time (1)
wasslq2m,7.96,1,2,7.96,High Value,One-time (1)
c4z6olcv,7.96,1,2,7.96,High Value,One-time (1)
yvs0tpap,7.96,1,2,7.96,High Value,One-time (1)
ttr1glc3,7.96,1,2,7.96,High Value,One-time (1)
423helsu,7.96,1,2,7.96,High Value,One-time (1)
ux758cpn,7.96,1,2,7.96,High Value,One-time (1)
fhtx85fc,7.96,1,2,7.96,High Value,One-time (1)
x46os0kt,7.96,1,2,7.96,High Value,One-time (1)
9pmom2hl,7.96,1,2,7.96,High Value,One-time (1)
jt1gytly,7.96,1,2,7.96,High Value,One-time (1)
6fa4fp1o,7.95,1,3,7.95,High Value,One-time (1)
ffraj0yd,7.95,1,3,7.95,High Value,One-time (1)
1xkzv72l,7.94,1,2,7.94,High Value,One-time (1)
075efh6y,7.94,1,2,7.94,High Value,One-time (1)
md7uyxz7,7.94,1,2,7.94,High Value,One-time (1)
pkdl0jqk,7.94,1,2,7.94,High Value,One-time (1)
xwip2cyh,7.94,1,2,7.94,High Value,One-time (1)
wvvsuyjy,7.94,1,2,7.94,High Value,One-time (1)
2xcb3yym,7.94,2,2,3.97,High Value,Occasional (2-3)
59m6mg87,7.94,1,2,7.94,High Value,One-time (1)
gfio8yck,7.94,1,2,7.94,High Value,One-time (1)
pckzt5gu,7.94,1,2,7.94,High Value,One-time (1)
rmvmdcve,7.94,1,2,7.94,High Value,One-time (1)
f6mq1um9,7.94,1,3,7.94,High Value,One-time (1)
tq7jstq6,7.94,1,2,7.94,High Value,One-time (1)
vfl3pp6m,7.94,1,2,7.94,High Value,One-time (1)
rp8ncu3d,7.94,1,3,7.94,High Value,One-time (1)
3f144wsm,7.94,1,2,7.94,High Value,One-time (1)
zapuolxp,7.9399999999999995,2,2,3.9699999999999998,High Value,Occasional (2-3)
yekbito1,7.92,1,2,7.92,High Value,One-time (1)
dgno4p84,7.92,1,3,7.92,High Value,One-time (1)
015zovai,7.92,1,3,7.92,High Value,One-time (1)
vq6h0sgs,7.92,1,3,7.92,High Value,One-time (1)
xjxz1bq4,7.92,1,2,7.92,High Value,One-time (1)
dnctkn1e,7.92,1,2,7.92,High Value,One-time (1)
cbord9x2,7.92,1,2,7.92,High Value,One-time (1)
g14dpeu5,7.92,1,3,7.92,High Value,One-time (1)
fxfn5lks,7.92,1,2,7.92,High Value,One-time (1)
3ggr6jrz,7.92,1,3,7.92,High Value,One-time (1)
4rmd2vfe,7.92,1,2,7.92,High Value,One-time (1)
etn83do9,7.92,1,2,7.92,High Value,One-time (1)
1i30b1a4,7.92,1,3,7.92,High Value,One-time (1)
85ow3dd8,7.92,1,3,7.92,High Value,One-time (1)
k9ntor84,7.92,1,3,7.92,High Value,One-time (1)
gwks9eck,7.92,1,2,7.92,High Value,One-time (1)
2vdjwbys,7.92,1,2,7.92,High Value,One-time (1)
3jxiydbd,7.9,1,2,7.9,High Value,One-time (1)
rugz8ce9,7.9,1,2,7.9,High Value,One-time (1)
8er4zq1d,7.9,1,2,7.9,High Value,One-time (1)
yd1wapyr,7.9,1,2,7.9,High Value,One-time (1)
jpztc09z,7.9,2,2,3.95,High Value,Occasional (2-3)
qje404qx,7.9,1,2,7.9,High Value,One-time (1)
qr0ix5vc,7.9,1,2,7.9,High Value,One-time (1)
nk3hzmnf,7.9,1,2,7.9,High Value,One-time (1)
61e2201r,7.9,1,2,7.9,High Value,One-time (1)
fssbjdx0,7.89,1,3,7.89,High Value,One-time (1)
3l94vxi8,7.89,1,3,7.89,High Value,One-time (1)
61zw3pu6,7.89,1,3,7.89,High Value,One-time (1)
oia1do2k,7.89,1,3,7.89,High Value,One-time (1)
tlom344m,7.89,2,2,3.945,High Value,Occasional (2-3)
o3cysjjc,7.89,1,3,7.89,High Value,One-time (1)
301p6rzs,7.88,1,3,7.88,High Value,One-time (1)
laxsl7as,7.88,1,1,7.88,High Value,One-time (1)
yb2lus0m,7.88,1,3,7.88,High Value,One-time (1)
bncla7sl,7.88,1,1,7.88,High Value,One-time (1)
5ppnclue,7.88,1,1,7.88,High Value,One-time (1)
2p1ssxxi,7.88,1,1,7.88,High Value,One-time (1)
qv8jx33b,7.88,1,1,7.88,High Value,One-time (1)
r6kfkldf,7.870000000000001,2,2,3.9350000000000005,High Value,Occasional (2-3)
x1cxu3lx,7.87,1,3,7.87,High Value,One-time (1)
n4y29i5z,7.87,1,2,7.87,High Value,One-time (1)
b2knftu2,7.86,2,2,3.93,High Value,Occasional (2-3)
3vkumgno,7.86,1,3,7.86,High Value,One-time (1)
zadyurjh,7.86,1,3,7.86,High Value,One-time (1)
6rzok1n9,7.86,1,3,7.86,High Value,One-time (1)
nyyfevb5,7.86,1,3,7.86,High Value,One-time (1)
r3urmwue,7.86,1,2,7.86,High Value,One-time (1)
uqm0yprl,7.86,1,3,7.86,High Value,One-time (1)
qqvitpvu,7.86,1,2,7.86,High Value,One-time (1)
theq48bc,7.86,1,2,7.86,High Value,One-time (1)
xlz8lm7r,7.86,1,2,7.86,High Value,One-time (1)
vl6a7kmf,7.86,1,2,7.86,High Value,One-time (1)
s1oh1pbd,7.86,1,3,7.86,High Value,One-time (1)
es5v30zr,7.86,1,2,7.86,High Value,One-time (1)
zbc2gmfa,7.86,1,3,7.86,High Value,One-time (1)
wohz4r68,7.86,1,2,7.86,High Value,One-time (1)
g60ooucy,7.86,1,2,7.86,High Value,One-time (1)
blzhj55p,7.86,1,2,7.86,High Value,One-time (1)
3m2he8yi,7.86,1,3,7.86,High Value,One-time (1)
mnrzodpc,7.86,1,3,7.86,High Value,One-time (1)
hihdy9fm,7.86,1,3,7.86,High Value,One-time (1)
4qw8k1o0,7.86,1,3,7.86,High Value,One-time (1)
qcjz119b,7.86,1,2,7.86,High Value,One-time (1)
djvmw4q4,7.86,1,3,7.86,High Value,One-time (1)
st6jfrlr,7.86,1,3,7.86,High Value,One-time (1)
75unjlhj,7.86,1,3,7.86,High Value,One-time (1)
9i773ydd,7.86,1,3,7.86,High Value,One-time (1)
4iqa1q0g,7.84,1,2,7.84,High Value,One-time (1)
lrdwub3v,7.84,1,4,7.84,High Value,One-time (1)
h2wnxjkq,7.84,1,2,7.84,High Value,One-time (1)
dcym9oex,7.84,1,2,7.84,High Value,One-time (1)
oj0nzb8h,7.84,1,2,7.84,High Value,One-time (1)
wp5zwoio,7.84,1,2,7.84,High Value,One-time (1)
pe93zu3u,7.84,1,2,7.84,High Value,One-time (1)
b1eq6isf,7.84,1,4,7.84,High Value,One-time (1)
r5ihzs6w,7.84,1,2,7.84,High Value,One-time (1)
kz40aq15,7.84,1,2,7.84,High Value,One-time (1)
u8el5015,7.84,2,2,3.92,High Value,Occasional (2-3)
h768lyp5,7.84,1,2,7.84,High Value,One-time (1)
frh2z5lw,7.84,1,2,7.84,High Value,One-time (1)
er90mwb4,7.84,2,2,3.92,High Value,Occasional (2-3)
1dyj5pms,7.84,1,2,7.84,High Value,One-time (1)
4hgulko4,7.84,1,2,7.84,High Value,One-time (1)
wvujwywd,7.84,1,2,7.84,High Value,One-time (1)
xi8e5532,7.84,2,2,3.92,High Value,Occasional (2-3)
wjai9c2b,7.84,1,2,7.84,High Value,One-time (1)
c82jmrvw,7.84,1,2,7.84,High Value,One-time (1)
2hu9d7wu,7.82,1,2,7.82,High Value,One-time (1)
k4aw6dm3,7.82,1,2,7.82,High Value,One-time (1)
9o5zoz3t,7.82,1,2,7.82,High Value,One-time (1)
7v2uupvi,7.82,1,2,7.82,High Value,One-time (1)
sblo8x72,7.82,1,2,7.82,High Value,One-time (1)
wiovhx4a,7.82,1,4,7.82,High Value,One-time (1)
kjyfqnda,7.82,1,2,7.82,High Value,One-time (1)
ho6d6xqq,7.82,1,2,7.82,High Value,One-time (1)
fpqjrxbg,7.82,1,2,7.82,High Value,One-time (1)
xra9b8hv,7.82,1,2,7.82,High Value,One-time (1)
w3uqhwte,7.82,1,2,7.82,High Value,One-time (1)
xa98vszh,7.82,1,2,7.82,High Value,One-time (1)
uhh3g0p6,7.82,1,2,7.82,High Value,One-time (1)
miqnwun5,7.82,1,2,7.82,High Value,One-time (1)
kge0k1fu,7.82,1,2,7.82,High Value,One-time (1)
txxf05vg,7.82,1,2,7.82,High Value,One-time (1)
2aua0amw,7.82,1,2,7.82,High Value,One-time (1)
h3095jyg,7.82,1,2,7.82,High Value,One-time (1)
n2y9zr6i,7.82,1,2,7.82,High Value,One-time (1)
vpv2uhb2,7.82,1,2,7.82,High Value,One-time (1)
5cfde3g5,7.82,1,2,7.82,High Value,One-time (1)
wrxpcny7,7.82,1,2,7.82,High Value,One-time (1)
dtjxj7up,7.82,1,2,7.82,High Value,One-time (1)
40wygcss,7.82,1,2,7.82,High Value,One-time (1)
a6a73xo0,7.82,1,2,7.82,High Value,One-time (1)
h9i695jm,7.82,1,2,7.82,High Value,One-time (1)
hlz94z7e,7.82,1,2,7.82,High Value,One-time (1)
q9oyn6ue,7.82,1,2,7.82,High Value,One-time (1)
8wze4ex6,7.82,2,3,3.91,High Value,Occasional (2-3)
p4h4z2gi,7.82,1,2,7.82,High Value,One-time (1)
xvz9qlkf,7.78,1,2,7.78,High Value,One-time (1)
tsy66h4k,7.78,1,2,7.78,High Value,One-time (1)
e6ig7ax4,7.78,1,2,7.78,High Value,One-time (1)
3x4u46lr,7.78,1,2,7.78,High Value,One-time (1)
wazz5quu,7.78,1,2,7.78,High Value,One-time (1)
hfv2mmhi,7.78,1,2,7.78,High Value,One-time (1)
t9lqplr6,7.78,1,2,7.78,High Value,One-time (1)
hhwn2zrx,7.78,1,2,7.78,High Value,One-time (1)
zitksel4,7.78,1,2,7.78,High Value,One-time (1)
2jxb0xra,7.78,1,2,7.78,High Value,One-time (1)
y1zukgw0,7.78,1,2,7.78,High Value,One-time (1)
y3mub6lb,7.78,2,3,3.89,High Value,Occasional (2-3)
c46u4jon,7.78,1,2,7.78,High Value,One-time (1)
a1q0z9oh,7.78,1,2,7.78,High Value,One-time (1)
ior9hp02,7.77,1,3,7.77,High Value,One-time (1)
y5dm5by1,7.77,1,3,7.77,High Value,One-time (1)
rlyiwa30,7.77,1,3,7.77,High Value,One-time (1)
qfqwnau2,7.76,1,2,7.76,High Value,One-time (1)
c7jvlcg1,7.76,1,2,7.76,High Value,One-time (1)
4cabeksc,7.76,1,2,7.76,High Value,One-time (1)
6urcqs2z,7.76,1,2,7.76,High Value,One-time (1)
f7humknl,7.76,1,2,7.76,High Value,One-time (1)
trc8fioz,7.76,1,2,7.76,High Value,One-time (1)
4y6w83oz,7.76,1,2,7.76,High Value,One-time (1)
vbf3kq9i,7.76,1,2,7.76,High Value,One-time (1)
haewabhb,7.76,1,2,7.76,High Value,One-time (1)
6ujeoeij,7.76,1,2,7.76,High Value,One-time (1)
8d16xxo1,7.76,1,2,7.76,High Value,One-time (1)
r6b5adva,7.76,1,2,7.76,High Value,One-time (1)
syrv0c73,7.76,1,2,7.76,High Value,One-time (1)
8hke226p,7.76,2,2,3.88,High Value,Occasional (2-3)
ja2m0w10,7.75,2,2,3.875,High Value,Occasional (2-3)
lrn2d5c2,7.74,1,3,7.74,High Value,One-time (1)
v3qzawxt,7.74,1,3,7.74,High Value,One-time (1)
w0esvahi,7.74,1,2,7.74,High Value,One-time (1)
l2jq8xmk,7.74,1,3,7.74,High Value,One-time (1)
rf8us2gk,7.74,1,3,7.74,High Value,One-time (1)
z59a1bce,7.74,1,3,7.74,High Value,One-time (1)
1ijfvtpa,7.74,1,3,7.74,High Value,One-time (1)
gqi5apau,7.74,1,3,7.74,High Value,One-time (1)
n15hvs8t,7.74,1,3,7.74,High Value,One-time (1)
hz3zsg9v,7.720000000000001,2,2,3.8600000000000003,High Value,Occasional (2-3)
apqjfc7p,7.72,1,1,7.72,High Value,One-time (1)
4bg3kimm,7.72,1,1,7.72,High Value,One-time (1)
xkshphs0,7.72,1,1,7.72,High Value,One-time (1)
z3b4x109,7.72,1,1,7.72,High Value,One-time (1)
amgke61l,7.72,1,1,7.72,High Value,One-time (1)
7ph2k3ki,7.72,1,2,7.72,High Value,One-time (1)
q2uxj604,7.72,1,2,7.72,High Value,One-time (1)
wxrog983,7.72,1,1,7.72,High Value,One-time (1)
stliewxh,7.72,1,2,7.72,High Value,One-time (1)
nstmdq7g,7.72,1,2,7.72,High Value,One-time (1)
75g01ojy,7.72,1,1,7.72,High Value,One-time (1)
gf06csmm,7.72,1,1,7.72,High Value,One-time (1)
u16riv8m,7.72,1,1,7.72,High Value,One-time (1)
545l8lcx,7.72,1,1,7.72,High Value,One-time (1)
lsp5n6k4,7.72,1,1,7.72,High Value,One-time (1)
0b864x5g,7.72,1,1,7.72,High Value,One-time (1)
kxgkvktu,7.72,1,1,7.72,High Value,One-time (1)
21y7qr4n,7.72,1,1,7.72,High Value,One-time (1)
dlbgkbuo,7.72,1,1,7.72,High Value,One-time (1)
jadr95bu,7.72,1,1,7.72,High Value,One-time (1)
y00hl6k2,7.72,1,1,7.72,High Value,One-time (1)
clpsrm3m,7.72,1,2,7.72,High Value,One-time (1)
j7m3v5r3,7.72,1,1,7.72,High Value,One-time (1)
p11eh2hc,7.72,1,2,7.72,High Value,One-time (1)
c5wt7c60,7.71,1,3,7.71,High Value,One-time (1)
207ds76t,7.71,1,3,7.71,High Value,One-time (1)
puxqphr6,7.7,1,2,7.7,High Value,One-time (1)
uxjnc2ry,7.7,1,2,7.7,High Value,One-time (1)
24y3t55m,7.7,1,2,7.7,High Value,One-time (1)
po4ljedg,7.7,2,3,3.85,High Value,Occasional (2-3)
weectg65,7.7,1,2,7.7,High Value,One-time (1)
pbezgm4l,7.7,1,2,7.7,High Value,One-time (1)
f1hiklav,7.7,1,2,7.7,High Value,One-time (1)
pa8d5zan,7.7,1,2,7.7,High Value,One-time (1)
7fvn1f7f,7.7,1,2,7.7,High Value,One-time (1)
s2uy1qm5,7.7,1,2,7.7,High Value,One-time (1)
yxvvun0x,7.7,1,3,7.7,High Value,One-time (1)
7hw0y60h,7.7,1,2,7.7,High Value,One-time (1)
2elalq26,7.7,1,3,7.7,High Value,One-time (1)
r0u7llew,7.7,1,2,7.7,High Value,One-time (1)
8n4cweg1,7.7,1,2,7.7,High Value,One-time (1)
nu6gxpum,7.7,1,2,7.7,High Value,One-time (1)
d5sjcbxq,7.7,1,2,7.7,High Value,One-time (1)
j6jzbc2x,7.7,1,2,7.7,High Value,One-time (1)
733h3itg,7.7,1,2,7.7,High Value,One-time (1)
lam7bu3x,7.7,1,2,7.7,High Value,One-time (1)
aift4yx8,7.7,1,2,7.7,High Value,One-time (1)
41xupmkv,7.7,1,2,7.7,High Value,One-time (1)
031ol65d,7.7,1,2,7.7,High Value,One-time (1)
cyfn14mb,7.7,1,2,7.7,High Value,One-time (1)
cap0vq9i,7.7,1,2,7.7,High Value,One-time (1)
78jhhjzp,7.69,1,2,7.69,High Value,One-time (1)
25v087a7,7.69,1,2,7.69,High Value,One-time (1)
r1z4qt7z,7.6899999999999995,2,2,3.8449999999999998,High Value,Occasional (2-3)
zgutdnp5,7.68,1,2,7.68,High Value,One-time (1)
e54ukigd,7.68,1,3,7.68,High Value,One-time (1)
fd8fyi2c,7.68,1,3,7.68,High Value,One-time (1)
pp5q26y8,7.68,1,2,7.68,High Value,One-time (1)
wcdxvixj,7.68,1,2,7.68,High Value,One-time (1)
yvf0y0yl,7.68,1,2,7.68,High Value,One-time (1)
9jm9gn0g,7.68,1,3,7.68,High Value,One-time (1)
fp8h7ljx,7.68,1,3,7.68,High Value,One-time (1)
am3v24gh,7.68,1,2,7.68,High Value,One-time (1)
1u9sylrz,7.68,1,2,7.68,High Value,One-time (1)
p9a9uri7,7.68,2,2,3.84,High Value,Occasional (2-3)
quhp022a,7.68,1,2,7.68,High Value,One-time (1)
4qk7kz52,7.68,1,2,7.68,High Value,One-time (1)
wfh6suki,7.68,1,3,7.68,High Value,One-time (1)
catms1ow,7.68,1,2,7.68,High Value,One-time (1)
cf9sbadh,7.68,1,2,7.68,High Value,One-time (1)
yxol8a8z,7.68,1,2,7.68,High Value,One-time (1)
mtc5pnas,7.68,1,2,7.68,High Value,One-time (1)
xnk8mmc5,7.68,1,2,7.68,High Value,One-time (1)
xc590nbl,7.68,1,2,7.68,High Value,One-time (1)
7zji781y,7.68,1,2,7.68,High Value,One-time (1)
apz3kwo4,7.68,1,2,7.68,High Value,One-time (1)
8890drw4,7.68,1,2,7.68,High Value,One-time (1)
fglwvxya,7.67,1,2,7.67,High Value,One-time (1)
3w7a43u1,7.67,1,2,7.67,High Value,One-time (1)
e10mjdpf,7.67,1,3,7.67,High Value,One-time (1)
x3vuavxi,7.67,1,2,7.67,High Value,One-time (1)
s5laipfy,7.67,1,2,7.67,High Value,One-time (1)
n6g5gxbx,7.67,1,2,7.67,High Value,One-time (1)
hptwbg51,7.66,1,2,7.66,High Value,One-time (1)
kasmj54d,7.66,1,2,7.66,High Value,One-time (1)
1hzh2pcm,7.65,1,3,7.65,High Value,One-time (1)
axghktig,7.65,1,3,7.65,High Value,One-time (1)
nam3x9ms,7.65,1,3,7.65,High Value,One-time (1)
ioy21fkt,7.65,1,3,7.65,High Value,One-time (1)
quusgu67,7.65,1,2,7.65,High Value,One-time (1)
s8fzoynl,7.65,1,3,7.65,High Value,One-time (1)
3jasw35f,7.65,1,3,7.65,High Value,One-time (1)
4dhtk8nb,7.65,1,3,7.65,High Value,One-time (1)
m4k2dy8m,7.65,1,3,7.65,High Value,One-time (1)
wep2ib5i,7.65,1,3,7.65,High Value,One-time (1)
1h9gguiw,7.65,1,3,7.65,High Value,One-time (1)
0erqb8n6,7.65,1,3,7.65,High Value,One-time (1)
ni24vu65,7.64,1,2,7.64,High Value,One-time (1)
4kpluy3k,7.64,1,2,7.64,High Value,One-time (1)
xvu18xot,7.64,1,2,7.64,High Value,One-time (1)
fk2tyzbn,7.64,1,2,7.64,High Value,One-time (1)
fbsz91no,7.64,1,2,7.64,High Value,One-time (1)
1wnlorea,7.64,1,2,7.64,High Value,One-time (1)
jxkn38to,7.64,1,2,7.64,High Value,One-time (1)
nv9wd9ia,7.64,1,2,7.64,High Value,One-time (1)
ukn4dxhz,7.64,1,2,7.64,High Value,One-time (1)
dble5gzp,7.64,1,2,7.64,High Value,One-time (1)
kld2w8v3,7.64,1,2,7.64,High Value,One-time (1)
2x6tu67i,7.64,1,2,7.64,High Value,One-time (1)
wdvwp49u,7.64,1,2,7.64,High Value,One-time (1)
0ciiva9b,7.64,1,2,7.64,High Value,One-time (1)
yp9bmxzr,7.64,1,2,7.64,High Value,One-time (1)
yy8e17qk,7.64,1,2,7.64,High Value,One-time (1)
5ttvflhp,7.64,1,2,7.64,High Value,One-time (1)
sllp7mk6,7.64,1,2,7.64,High Value,One-time (1)
02g3yu6v,7.630000000000001,2,2,3.8150000000000004,High Value,Occasional (2-3)
jpx16f1k,7.63,2,2,3.815,High Value,Occasional (2-3)
0zthpfp3,7.63,1,2,7.63,High Value,One-time (1)
422ta83r,7.63,2,2,3.815,High Value,Occasional (2-3)
h0mr4qiy,7.62,1,2,7.62,High Value,One-time (1)
8iyufjig,7.62,1,2,7.62,High Value,One-time (1)
fbit9gy4,7.62,1,2,7.62,High Value,One-time (1)
r8i29ut7,7.62,1,2,7.62,High Value,One-time (1)
9eczf7dw,7.62,1,2,7.62,High Value,One-time (1)
rrsfxk0x,7.62,1,2,7.62,High Value,One-time (1)
eyfz6dk3,7.62,1,2,7.62,High Value,One-time (1)
9i6w7j4w,7.62,1,2,7.62,High Value,One-time (1)
9ximgke0,7.62,1,2,7.62,High Value,One-time (1)
fjsvoixo,7.62,1,3,7.62,High Value,One-time (1)
q461cxik,7.62,1,2,7.62,High Value,One-time (1)
0j1xzs15,7.62,1,2,7.62,High Value,One-time (1)
xpnhkigp,7.62,1,2,7.62,High Value,One-time (1)
bsl194ct,7.62,1,2,7.62,High Value,One-time (1)
16refpym,7.62,1,2,7.62,High Value,One-time (1)
j3i5rznc,7.62,1,2,7.62,High Value,One-time (1)
den3c2wz,7.62,1,2,7.62,High Value,One-time (1)
3trnv87i,7.62,1,2,7.62,High Value,One-time (1)
f2l9ico4,7.62,1,2,7.62,High Value,One-time (1)
gtlqr6fl,7.62,1,3,7.62,High Value,One-time (1)
3rtlxfv7,7.62,1,2,7.62,High Value,One-time (1)
cdlo6cfd,7.62,1,2,7.62,High Value,One-time (1)
amg4pwv7,7.62,1,3,7.62,High Value,One-time (1)
79tzrwck,7.61,1,3,7.61,High Value,One-time (1)
hw1xs7o5,7.61,1,2,7.61,High Value,One-time (1)
s3x5olfw,7.61,1,3,7.61,High Value,One-time (1)
g7x0cmel,7.61,1,2,7.61,High Value,One-time (1)
9gnctijh,7.61,2,2,3.805,High Value,Occasional (2-3)
uilynj8b,7.61,1,2,7.61,High Value,One-time (1)
l3um059c,7.61,1,3,7.61,High Value,One-time (1)
u2n6p4rt,7.6,1,2,7.6,High Value,One-time (1)
u19ofp3x,7.6,1,2,7.6,High Value,One-time (1)
ks4rk4vf,7.6,1,2,7.6,High Value,One-time (1)
dh1tnhr4,7.6,1,2,7.6,High Value,One-time (1)
wzlsebbb,7.6,1,2,7.6,High Value,One-time (1)
cc8o69js,7.6,1,2,7.6,High Value,One-time (1)
empfhk0v,7.6,1,2,7.6,High Value,One-time (1)
nnauzzzi,7.6,1,2,7.6,High Value,One-time (1)
k6hb9hp6,7.6,1,2,7.6,High Value,One-time (1)
ajhm178k,7.6,1,2,7.6,High Value,One-time (1)
tpvxdscz,7.6,1,2,7.6,High Value,One-time (1)
dushmuxh,7.6,1,2,7.6,High Value,One-time (1)
3vjb005n,7.6,1,2,7.6,High Value,One-time (1)
epj7hum9,7.6,1,2,7.6,High Value,One-time (1)
vtn7marl,7.6,1,2,7.6,High Value,One-time (1)
fsspajyq,7.6,1,2,7.6,High Value,One-time (1)
72s20izf,7.6,1,2,7.6,High Value,One-time (1)
72vh2l0f,7.6,1,2,7.6,High Value,One-time (1)
9tdjokl5,7.6,1,2,7.6,High Value,One-time (1)
6v0pwv2r,7.6,1,2,7.6,High Value,One-time (1)
8trbrabc,7.6,1,2,7.6,High Value,One-time (1)
t1rvjyuc,7.6,1,2,7.6,High Value,One-time (1)
o139gxyt,7.6,1,2,7.6,High Value,One-time (1)
6qhejieg,7.6,1,2,7.6,High Value,One-time (1)
4kpovtly,7.6,1,2,7.6,High Value,One-time (1)
ifmjjszj,7.6,1,2,7.6,High Value,One-time (1)
55ctmyfg,7.6,1,2,7.6,High Value,One-time (1)
kwradtxg,7.6,1,2,7.6,High Value,One-time (1)
71dz11ax,7.6,1,2,7.6,High Value,One-time (1)
gwwopkuw,7.6,1,2,7.6,High Value,One-time (1)
qtymworo,7.6,1,2,7.6,High Value,One-time (1)
zs2eswla,7.6,1,2,7.6,High Value,One-time (1)
66r6nmwj,7.6,1,2,7.6,High Value,One-time (1)
qiyv3hb1,7.6,1,2,7.6,High Value,One-time (1)
gj8gkmbo,7.6,1,2,7.6,High Value,One-time (1)
7ump1ody,7.6,1,4,7.6,High Value,One-time (1)
wfmm7rtr,7.6,1,2,7.6,High Value,One-time (1)
gp8arcgc,7.6,1,2,7.6,High Value,One-time (1)
b0090b34,7.6,1,2,7.6,High Value,One-time (1)
2yokekxk,7.6,1,2,7.6,High Value,One-time (1)
2xgvgdof,7.6,1,2,7.6,High Value,One-time (1)
gr2b0xm8,7.6,1,2,7.6,High Value,One-time (1)
xf8ud0id,7.6,1,2,7.6,High Value,One-time (1)
asyju7hr,7.6,1,2,7.6,High Value,One-time (1)
nq4chhou,7.6,1,2,7.6,High Value,One-time (1)
hnwvg0oo,7.6,1,2,7.6,High Value,One-time (1)
oecu14cd,7.6,1,2,7.6,High Value,One-time (1)
fym2r3zr,7.6,1,2,7.6,High Value,One-time (1)
cwhri1uy,7.6,1,2,7.6,High Value,One-time (1)
apq8b4kr,7.6,1,2,7.6,High Value,One-time (1)
xzapww8h,7.6,1,2,7.6,High Value,One-time (1)
btgdjz0i,7.6,1,2,7.6,High Value,One-time (1)
rkrcbamg,7.6,1,2,7.6,High Value,One-time (1)
1oxq3vm3,7.6,1,2,7.6,High Value,One-time (1)
rmotsvw4,7.6,1,2,7.6,High Value,One-time (1)
rbr3w37i,7.6,1,2,7.6,High Value,One-time (1)
rzfe4fuh,7.59,1,3,7.59,High Value,One-time (1)
a512b6g8,7.59,1,3,7.59,High Value,One-time (1)
kam1e5i4,7.58,1,2,7.58,High Value,One-time (1)
tz6o71ad,7.58,1,2,7.58,High Value,One-time (1)
yadlh2u4,7.58,1,2,7.58,High Value,One-time (1)
eccuk6be,7.58,1,2,7.58,High Value,One-time (1)
q0eeh149,7.58,1,2,7.58,High Value,One-time (1)
7mzakgmi,7.58,2,2,3.79,High Value,Occasional (2-3)
llpuuoxt,7.58,1,2,7.58,High Value,One-time (1)
73woslgg,7.58,1,2,7.58,High Value,One-time (1)
w0sicht5,7.58,1,2,7.58,High Value,One-time (1)
vdwfc5z3,7.58,1,2,7.58,High Value,One-time (1)
9g1vv817,7.56,1,3,7.56,High Value,One-time (1)
umgf9m4o,7.56,1,2,7.56,High Value,One-time (1)
o100vhmy,7.55,2,2,3.775,High Value,Occasional (2-3)
ffz8q4vh,7.55,2,2,3.775,High Value,Occasional (2-3)
ak222665,7.54,1,2,7.54,High Value,One-time (1)
zejfztym,7.54,1,2,7.54,High Value,One-time (1)
zq0m3h4j,7.54,1,2,7.54,High Value,One-time (1)
5vae9rhi,7.54,1,2,7.54,High Value,One-time (1)
9681lav8,7.54,1,2,7.54,High Value,One-time (1)
g1d2gqzv,7.54,1,2,7.54,High Value,One-time (1)
fzzzncah,7.54,1,2,7.54,High Value,One-time (1)
4k0074er,7.54,1,2,7.54,High Value,One-time (1)
iecwxnb5,7.54,1,2,7.54,High Value,One-time (1)
fs6vhplm,7.54,1,2,7.54,High Value,One-time (1)
kurer7ph,7.54,1,2,7.54,High Value,One-time (1)
3ixipba9,7.54,1,2,7.54,High Value,One-time (1)
oay00f1x,7.54,1,2,7.54,High Value,One-time (1)
snbnpr9s,7.54,1,2,7.54,High Value,One-time (1)
wxn9emv2,7.54,1,2,7.54,High Value,One-time (1)
vqtxn975,7.54,1,2,7.54,High Value,One-time (1)
u7broixc,7.54,1,2,7.54,High Value,One-time (1)
rxdgnria,7.54,1,2,7.54,High Value,One-time (1)
y3rztplc,7.54,1,2,7.54,High Value,One-time (1)
r53swb6v,7.54,1,2,7.54,High Value,One-time (1)
c8nog85d,7.54,1,2,7.54,High Value,One-time (1)
mytyxx5p,7.54,1,2,7.54,High Value,One-time (1)
2rjszn8p,7.54,1,2,7.54,High Value,One-time (1)
28eht4vh,7.54,1,2,7.54,High Value,One-time (1)
7k95kv2m,7.54,1,2,7.54,High Value,One-time (1)
ir9kh2c4,7.54,1,2,7.54,High Value,One-time (1)
v6f3w1qr,7.54,1,2,7.54,High Value,One-time (1)
qd7bvti4,7.54,1,2,7.54,High Value,One-time (1)
wcq917kl,7.54,1,2,7.54,High Value,One-time (1)
pnfqly59,7.54,1,2,7.54,High Value,One-time (1)
5qv4797j,7.54,1,2,7.54,High Value,One-time (1)
wf5x86wb,7.54,1,2,7.54,High Value,One-time (1)
hxlaqruz,7.54,1,2,7.54,High Value,One-time (1)
6tfz4kwp,7.54,1,2,7.54,High Value,One-time (1)
gr6yuaxa,7.54,1,2,7.54,High Value,One-time (1)
kd33h7j2,7.54,1,2,7.54,High Value,One-time (1)
2do97mff,7.54,1,2,7.54,High Value,One-time (1)
bo0w7lg5,7.54,1,2,7.54,High Value,One-time (1)
tnyfm7vh,7.54,1,2,7.54,High Value,One-time (1)
0r4s4agz,7.54,1,2,7.54,High Value,One-time (1)
8v8id12f,7.54,1,2,7.54,High Value,One-time (1)
dtqki5nz,7.54,1,2,7.54,High Value,One-time (1)
8voe9tpi,7.54,1,2,7.54,High Value,One-time (1)
8yactia9,7.54,1,2,7.54,High Value,One-time (1)
0n26gkoy,7.52,1,2,7.52,High Value,One-time (1)
49qt3m3o,7.52,1,2,7.52,High Value,One-time (1)
imx6nov7,7.52,1,2,7.52,High Value,One-time (1)
e4s4mfel,7.52,1,2,7.52,High Value,One-time (1)
6q9gax60,7.52,1,2,7.52,High Value,One-time (1)
vhq25tn7,7.52,1,4,7.52,High Value,One-time (1)
krax1o2f,7.52,1,2,7.52,High Value,One-time (1)
141iaa79,7.52,1,2,7.52,High Value,One-time (1)
usemtqgg,7.52,1,2,7.52,High Value,One-time (1)
2gyfatps,7.52,1,2,7.52,High Value,One-time (1)
zm1dg2eg,7.52,1,2,7.52,High Value,One-time (1)
m8w86dtq,7.52,1,2,7.52,High Value,One-time (1)
s72718rp,7.52,1,2,7.52,High Value,One-time (1)
u06ecus3,7.52,1,2,7.52,High Value,One-time (1)
wzjc2xsr,7.52,1,2,7.52,High Value,One-time (1)
ingd5sjg,7.52,1,2,7.52,High Value,One-time (1)
lvkcdb42,7.52,1,2,7.52,High Value,One-time (1)
q7d16ttx,7.52,1,2,7.52,High Value,One-time (1)
lnknjcg0,7.52,1,2,7.52,High Value,One-time (1)
lnpxirsg,7.52,1,2,7.52,High Value,One-time (1)
pqzsh509,7.52,1,2,7.52,High Value,One-time (1)
nio8zict,7.52,1,2,7.52,High Value,One-time (1)
q0yq6got,7.52,1,2,7.52,High Value,One-time (1)
stct8n21,7.52,1,2,7.52,High Value,One-time (1)
r3fcv6lx,7.52,1,2,7.52,High Value,One-time (1)
99480uhq,7.52,1,2,7.52,High Value,One-time (1)
21h57wy3,7.5,1,3,7.5,High Value,One-time (1)
cwmi6w2r,7.5,1,1,7.5,High Value,One-time (1)
69x74tap,7.5,1,2,7.5,High Value,One-time (1)
y3z1de1e,7.5,1,2,7.5,High Value,One-time (1)
qzp1oe4n,7.5,1,3,7.5,High Value,One-time (1)
wkzf5bug,7.5,1,3,7.5,High Value,One-time (1)
unbevgv0,7.5,1,3,7.5,High Value,One-time (1)
reh11qt2,7.5,1,1,7.5,High Value,One-time (1)
lr7opmyc,7.5,1,3,7.5,High Value,One-time (1)
1dlmuylo,7.5,1,2,7.5,High Value,One-time (1)
dtli5sko,7.5,1,1,7.5,High Value,One-time (1)
5iz31yru,7.5,1,2,7.5,High Value,One-time (1)
gbs8mvxt,7.5,1,2,7.5,High Value,One-time (1)
fxybs775,7.5,1,3,7.5,High Value,One-time (1)
njyzrxc7,7.5,1,3,7.5,High Value,One-time (1)
q9wfb76a,7.5,1,3,7.5,High Value,One-time (1)
awjvxjap,7.5,1,1,7.5,High Value,One-time (1)
vsa76ghs,7.5,1,1,7.5,High Value,One-time (1)
zjm7qu6u,7.5,1,3,7.5,High Value,One-time (1)
qcyh207x,7.5,1,1,7.5,High Value,One-time (1)
0ob8j49y,7.5,1,3,7.5,High Value,One-time (1)
ex9zxlv0,7.5,1,3,7.5,High Value,One-time (1)
l8gzxdp3,7.48,1,1,7.48,High Value,One-time (1)
7qkjgufp,7.48,1,1,7.48,High Value,One-time (1)
sqavgvkt,7.48,1,1,7.48,High Value,One-time (1)
vuvu7q36,7.48,1,1,7.48,High Value,One-time (1)
cw848fty,7.48,1,1,7.48,High Value,One-time (1)
wm81fyos,7.48,1,1,7.48,High Value,One-time (1)
60u5n0s2,7.48,1,1,7.48,High Value,One-time (1)
9owr4qel,7.48,1,1,7.48,High Value,One-time (1)
7i1uftm4,7.48,1,1,7.48,High Value,One-time (1)
mitie231,7.48,1,4,7.48,High Value,One-time (1)
0khfsu4s,7.48,2,3,3.74,High Value,Occasional (2-3)
sbzhazq1,7.48,1,1,7.48,High Value,One-time (1)
aiv7bfw2,7.48,1,1,7.48,High Value,One-time (1)
ijmmb5jf,7.470000000000001,2,2,3.7350000000000003,High Value,Occasional (2-3)
koguoxtp,7.47,1,3,7.47,High Value,One-time (1)
o4b8djm5,7.47,1,3,7.47,High Value,One-time (1)
jbjrf0o4,7.47,1,2,7.47,High Value,One-time (1)
vi052u9a,7.47,2,3,3.735,High Value,Occasional (2-3)
oh3w5quj,7.47,1,3,7.47,High Value,One-time (1)
7sqm6g0m,7.46,1,2,7.46,High Value,One-time (1)
z1x76508,7.46,1,2,7.46,High Value,One-time (1)
2yvorxc5,7.46,1,2,7.46,High Value,One-time (1)
nged0nl0,7.46,1,2,7.46,High Value,One-time (1)
pqglpd6p,7.46,1,2,7.46,High Value,One-time (1)
bzoa42oa,7.46,1,2,7.46,High Value,One-time (1)
hag5d59z,7.46,1,2,7.46,High Value,One-time (1)
7hhzxtv8,7.46,1,2,7.46,High Value,One-time (1)
rgsgb0zh,7.46,1,2,7.46,High Value,One-time (1)
cmnr2zsj,7.46,1,2,7.46,High Value,One-time (1)
k9w1asgl,7.46,1,2,7.46,High Value,One-time (1)
6isbb9a3,7.46,1,2,7.46,High Value,One-time (1)
kidkleht,7.46,1,2,7.46,High Value,One-time (1)
8d2tn20v,7.46,1,2,7.46,High Value,One-time (1)
s73ce2bi,7.46,1,2,7.46,High Value,One-time (1)
ezv00dt1,7.46,1,2,7.46,High Value,One-time (1)
f8wfgcmr,7.46,1,2,7.46,High Value,One-time (1)
7e6m0ny5,7.46,1,2,7.46,High Value,One-time (1)
6mch79ss,7.46,1,2,7.46,High Value,One-time (1)
h5u69npu,7.46,1,2,7.46,High Value,One-time (1)
uome9cg2,7.46,1,2,7.46,High Value,One-time (1)
m0r1xa64,7.46,1,2,7.46,High Value,One-time (1)
i6la12wr,7.46,1,2,7.46,High Value,One-time (1)
la4rxf2w,7.46,1,2,7.46,High Value,One-time (1)
l0yia1wu,7.46,1,2,7.46,High Value,One-time (1)
lcvfzomv,7.46,1,2,7.46,High Value,One-time (1)
22utxeo2,7.46,1,2,7.46,High Value,One-time (1)
8179our4,7.46,1,2,7.46,High Value,One-time (1)
e30vfs4f,7.46,1,2,7.46,High Value,One-time (1)
9kkn46oc,7.46,1,2,7.46,High Value,One-time (1)
umz1i4k9,7.45,1,3,7.45,High Value,One-time (1)
vevc7ic1,7.45,1,3,7.45,High Value,One-time (1)
8om08tv4,7.45,2,2,3.725,High Value,Occasional (2-3)
neh1avl3,7.45,1,2,7.45,High Value,One-time (1)
nh6fou09,7.44,1,3,7.44,High Value,One-time (1)
46szxl46,7.44,1,3,7.44,High Value,One-time (1)
bzw9h5pl,7.44,1,3,7.44,High Value,One-time (1)
1oqoigie,7.44,1,3,7.44,High Value,One-time (1)
c93tpqj4,7.44,1,3,7.44,High Value,One-time (1)
q7pocdfn,7.44,1,2,7.44,High Value,One-time (1)
935df55o,7.44,1,2,7.44,High Value,One-time (1)
nfwxe0a6,7.44,1,2,7.44,High Value,One-time (1)
jc80r3st,7.44,1,2,7.44,High Value,One-time (1)
5yop4u8a,7.44,1,2,7.44,High Value,One-time (1)
2c4bqbj3,7.44,1,2,7.44,High Value,One-time (1)
0sa3e1u9,7.42,1,2,7.42,High Value,One-time (1)
n3tsw9le,7.42,1,2,7.42,High Value,One-time (1)
3hbkke8y,7.42,1,2,7.42,High Value,One-time (1)
ofbof1l7,7.42,1,2,7.42,High Value,One-time (1)
jq6983x4,7.42,1,2,7.42,High Value,One-time (1)
tmofmmwi,7.42,2,3,3.71,High Value,Occasional (2-3)
nx2yh3rc,7.42,1,2,7.42,High Value,One-time (1)
3l19uvgp,7.42,1,5,7.42,High Value,One-time (1)
wrujfeju,7.41,1,3,7.41,High Value,One-time (1)
c1r0u3ui,7.41,1,3,7.41,High Value,One-time (1)
x5uejix7,7.41,1,3,7.41,High Value,One-time (1)
6xkjxgd7,7.41,1,3,7.41,High Value,One-time (1)
049enulq,7.390000000000001,2,2,3.6950000000000003,High Value,Occasional (2-3)
yh44tz20,7.39,1,2,7.39,High Value,One-time (1)
eymp3fyb,7.39,1,2,7.39,High Value,One-time (1)
sq70iwio,7.38,1,2,7.38,High Value,One-time (1)
z8orngw8,7.38,1,3,7.38,High Value,One-time (1)
fuwp1862,7.38,1,2,7.38,High Value,One-time (1)
suxko9n5,7.38,1,3,7.38,High Value,One-time (1)
jhr34k43,7.38,1,2,7.38,High Value,One-time (1)
kp2oh1wl,7.38,1,3,7.38,High Value,One-time (1)
suasmomn,7.38,1,2,7.38,High Value,One-time (1)
sy0vy4qu,7.38,1,2,7.38,High Value,One-time (1)
szixpr7j,7.38,1,3,7.38,High Value,One-time (1)
ty051qqj,7.38,1,2,7.38,High Value,One-time (1)
pxdpkh29,7.38,1,2,7.38,High Value,One-time (1)
3l4k1p8f,7.38,1,3,7.38,High Value,One-time (1)
m7qitvoj,7.38,1,3,7.38,High Value,One-time (1)
9lxwv9ws,7.38,1,2,7.38,High Value,One-time (1)
clia35qc,7.38,1,2,7.38,High Value,One-time (1)
r7c14on0,7.38,1,3,7.38,High Value,One-time (1)
ukbn908j,7.38,1,2,7.38,High Value,One-time (1)
zxtpdtho,7.38,1,2,7.38,High Value,One-time (1)
eb8amysd,7.38,1,4,7.38,High Value,One-time (1)
4wve7swi,7.38,1,2,7.38,High Value,One-time (1)
e40kzuj2,7.38,2,2,3.69,High Value,Occasional (2-3)
8081cewn,7.38,1,2,7.38,High Value,One-time (1)
m2wihglk,7.38,1,2,7.38,High Value,One-time (1)
1fs1kl8p,7.38,1,2,7.38,High Value,One-time (1)
a69b7ozp,7.38,1,2,7.38,High Value,One-time (1)
5gw4wt18,7.38,1,3,7.38,High Value,One-time (1)
5hlyseho,7.38,1,2,7.38,High Value,One-time (1)
d1dj9kh3,7.38,1,2,7.38,High Value,One-time (1)
y6k521g9,7.38,1,3,7.38,High Value,One-time (1)
twcctui8,7.38,1,2,7.38,High Value,One-time (1)
da33tdfl,7.38,1,2,7.38,High Value,One-time (1)
qigc2rqr,7.38,1,2,7.38,High Value,One-time (1)
d90n0yj0,7.38,1,2,7.38,High Value,One-time (1)
5mhb5oht,7.38,1,3,7.38,High Value,One-time (1)
41r1e2sq,7.38,1,2,7.38,High Value,One-time (1)
sec2uzv0,7.38,1,2,7.38,High Value,One-time (1)
qdu2eb0t,7.38,1,2,7.38,High Value,One-time (1)
xp9n56ny,7.38,1,3,7.38,High Value,One-time (1)
t26o53ov,7.38,1,2,7.38,High Value,One-time (1)
993gsiyp,7.38,1,2,7.38,High Value,One-time (1)
6sq83mqq,7.38,1,2,7.38,High Value,One-time (1)
mts1egpg,7.38,2,3,3.69,High Value,Occasional (2-3)
ng7g13yo,7.38,1,2,7.38,High Value,One-time (1)
6x2h6r2l,7.38,1,2,7.38,High Value,One-time (1)
n6g5duef,7.38,1,2,7.38,High Value,One-time (1)
9775xi0t,7.38,1,2,7.38,High Value,One-time (1)
myfj99dr,7.38,1,3,7.38,High Value,One-time (1)
7gc3lwbj,7.38,1,3,7.38,High Value,One-time (1)
2b89ctpq,7.38,1,2,7.38,High Value,One-time (1)
gsn11vru,7.38,1,3,7.38,High Value,One-time (1)
diyxtz72,7.38,1,2,7.38,High Value,One-time (1)
p1djurtw,7.38,1,3,7.38,High Value,One-time (1)
wbl0uvea,7.38,1,3,7.38,High Value,One-time (1)
oooe6swm,7.38,1,3,7.38,High Value,One-time (1)
hoawv5zi,7.38,1,2,7.38,High Value,One-time (1)
papuvdne,7.38,1,2,7.38,High Value,One-time (1)
na9cfwec,7.38,1,3,7.38,High Value,One-time (1)
8p46gv00,7.36,1,2,7.36,High Value,One-time (1)
441xj65u,7.36,1,2,7.36,High Value,One-time (1)
v4zw60vc,7.36,1,2,7.36,High Value,One-time (1)
ogwlacol,7.36,1,4,7.36,High Value,One-time (1)
bl0ihzj2,7.36,1,2,7.36,High Value,One-time (1)
l2fqcq4m,7.36,1,2,7.36,High Value,One-time (1)
0oq0gogl,7.36,1,2,7.36,High Value,One-time (1)
mh6r8ofr,7.36,1,2,7.36,High Value,One-time (1)
zq0qkaii,7.36,1,2,7.36,High Value,One-time (1)
u5p71msm,7.36,1,2,7.36,High Value,One-time (1)
vfapldii,7.36,1,2,7.36,High Value,One-time (1)
1mjcilka,7.36,1,2,7.36,High Value,One-time (1)
9ix044o4,7.36,1,2,7.36,High Value,One-time (1)
uk5wnkxe,7.36,1,2,7.36,High Value,One-time (1)
cpo84dxu,7.36,1,2,7.36,High Value,One-time (1)
8fhxnm5n,7.36,1,2,7.36,High Value,One-time (1)
jvu2cgxu,7.36,1,2,7.36,High Value,One-time (1)
f3k4bwrh,7.36,1,2,7.36,High Value,One-time (1)
fh6kvw43,7.36,1,2,7.36,High Value,One-time (1)
5wrd7ljc,7.36,1,2,7.36,High Value,One-time (1)
27d9eq6r,7.36,1,2,7.36,High Value,One-time (1)
b2xc94sw,7.36,1,4,7.36,High Value,One-time (1)
xyd40piv,7.36,1,2,7.36,High Value,One-time (1)
tt7lf58w,7.36,1,4,7.36,High Value,One-time (1)
eh1vr1ne,7.36,1,2,7.36,High Value,One-time (1)
jsyr69hg,7.36,1,2,7.36,High Value,One-time (1)
gq8q28h1,7.36,1,2,7.36,High Value,One-time (1)
e13n3bzt,7.359999999999999,2,4,3.6799999999999997,High Value,Occasional (2-3)
7p04x7ia,7.35,1,3,7.35,High Value,One-time (1)
tis30wj2,7.35,1,1,7.35,High Value,One-time (1)
60zw5zul,7.35,1,3,7.35,High Value,One-time (1)
lcsdbnl2,7.35,1,1,7.35,High Value,One-time (1)
c9axucp4,7.35,1,3,7.35,High Value,One-time (1)
bhzy3rck,7.35,1,3,7.35,High Value,One-time (1)
tngc6nfd,7.35,1,3,7.35,High Value,One-time (1)
76698ozx,7.35,1,1,7.35,High Value,One-time (1)
myx444nl,7.35,2,3,3.675,High Value,Occasional (2-3)
m4m0j98l,7.35,1,3,7.35,High Value,One-time (1)
bo4w1cy6,7.35,1,1,7.35,High Value,One-time (1)
v4p53ajf,7.35,1,1,7.35,High Value,One-time (1)
y6vjm2xd,7.34,1,2,7.34,High Value,One-time (1)
adnokku3,7.34,1,2,7.34,High Value,One-time (1)
59e2gx1h,7.34,1,3,7.34,High Value,One-time (1)
xyr4dgca,7.34,1,2,7.34,High Value,One-time (1)
2ll9e206,7.34,1,2,7.34,High Value,One-time (1)
tajeo0f1,7.34,1,2,7.34,High Value,One-time (1)
3bndqy8p,7.34,1,2,7.34,High Value,One-time (1)
jekp8dtt,7.34,1,2,7.34,High Value,One-time (1)
7naopp5b,7.34,1,2,7.34,High Value,One-time (1)
6815zd69,7.34,1,2,7.34,High Value,One-time (1)
dew31xfj,7.34,1,2,7.34,High Value,One-time (1)
212w2qfu,7.34,1,2,7.34,High Value,One-time (1)
3ggodlug,7.33,2,2,3.665,High Value,Occasional (2-3)
4o82faf4,7.33,1,1,7.33,High Value,One-time (1)
6c2cu7on,7.3100000000000005,2,2,3.6550000000000002,High Value,Occasional (2-3)
nukondhk,7.31,2,2,3.655,High Value,Occasional (2-3)
8pm32v19,7.3,1,2,7.3,High Value,One-time (1)
l5l6ycxw,7.3,1,2,7.3,High Value,One-time (1)
w1zf7xu7,7.3,1,2,7.3,High Value,One-time (1)
mcb9b1zn,7.3,1,2,7.3,High Value,One-time (1)
1qfkuy7d,7.3,1,2,7.3,High Value,One-time (1)
k7uwilex,7.3,1,2,7.3,High Value,One-time (1)
xba8r89k,7.29,1,3,7.29,High Value,One-time (1)
q9wnx14t,7.29,1,3,7.29,High Value,One-time (1)
6zow4lca,7.29,1,3,7.29,High Value,One-time (1)
9w951b54,7.29,1,2,7.29,High Value,One-time (1)
ov87bnn3,7.26,1,3,7.26,High Value,One-time (1)
ok7umld7,7.26,1,3,7.26,High Value,One-time (1)
bcx23h03,7.26,1,3,7.26,High Value,One-time (1)
l8oz434o,7.26,1,3,7.26,High Value,One-time (1)
vhlwslwi,7.26,1,3,7.26,High Value,One-time (1)
xv0a2y1b,7.26,1,3,7.26,High Value,One-time (1)
mmcun2ql,7.26,1,3,7.26,High Value,One-time (1)
odomf5kw,7.26,1,3,7.26,High Value,One-time (1)
qe4sdxk5,7.26,1,3,7.26,High Value,One-time (1)
2edwy4r1,7.26,1,3,7.26,High Value,One-time (1)
ktla4c6m,7.26,1,3,7.26,High Value,One-time (1)
xkdycjxh,7.25,1,1,7.25,High Value,One-time (1)
ojdmc4e4,7.25,1,1,7.25,High Value,One-time (1)
jmj7oh3q,7.25,1,1,7.25,High Value,One-time (1)
rqbumlgu,7.25,1,1,7.25,High Value,One-time (1)
k83tqll8,7.24,2,2,3.62,High Value,Occasional (2-3)
wp0umqwq,7.24,1,2,7.24,High Value,One-time (1)
0lol4bgm,7.24,1,2,7.24,High Value,One-time (1)
9t9ik44v,7.24,1,2,7.24,High Value,One-time (1)
k44ouy25,7.24,1,4,7.24,High Value,One-time (1)
ienjkr0r,7.24,1,2,7.24,High Value,One-time (1)
xpnmjqy3,7.24,1,2,7.24,High Value,One-time (1)
nq4o7vs8,7.24,2,2,3.62,High Value,Occasional (2-3)
ws57ytff,7.24,1,2,7.24,High Value,One-time (1)
14r6hod0,7.24,1,4,7.24,High Value,One-time (1)
totq1img,7.22,1,2,7.22,High Value,One-time (1)
r1n9rrjd,7.22,1,2,7.22,High Value,One-time (1)
tvo8sqsi,7.22,1,2,7.22,High Value,One-time (1)
4nmzbw0j,7.22,1,2,7.22,High Value,One-time (1)
krzd5e9p,7.22,1,2,7.22,High Value,One-time (1)
hifvwhnk,7.22,1,2,7.22,High Value,One-time (1)
h8gyh5lg,7.22,1,2,7.22,High Value,One-time (1)
ssdxzv35,7.22,1,2,7.22,High Value,One-time (1)
op3i9a7q,7.22,1,2,7.22,High Value,One-time (1)
dsdjt3br,7.22,1,2,7.22,High Value,One-time (1)
0wesllt4,7.22,1,2,7.22,High Value,One-time (1)
bt8i3vyw,7.22,1,2,7.22,High Value,One-time (1)
x65fsld7,7.22,1,2,7.22,High Value,One-time (1)
la3z9qhj,7.22,1,2,7.22,High Value,One-time (1)
n8mj530z,7.22,1,2,7.22,High Value,One-time (1)
h3vg6i3h,7.22,1,2,7.22,High Value,One-time (1)
p1dvwm96,7.22,1,2,7.22,High Value,One-time (1)
psqgnvqg,7.22,1,2,7.22,High Value,One-time (1)
7itnbpp2,7.22,1,2,7.22,High Value,One-time (1)
uzmsgqvi,7.22,1,2,7.22,High Value,One-time (1)
efirst2p,7.22,1,2,7.22,High Value,One-time (1)
m8xosqcz,7.22,1,2,7.22,High Value,One-time (1)
mpagg27s,7.22,1,2,7.22,High Value,One-time (1)
vb54aqea,7.21,1,3,7.21,High Value,One-time (1)
9i9k4cd0,7.21,1,3,7.21,High Value,One-time (1)
8opbdhal,7.2,1,2,7.2,High Value,One-time (1)
so0zjhed,7.2,1,2,7.2,High Value,One-time (1)
g94evnvm,7.2,1,2,7.2,High Value,One-time (1)
7676ik6f,7.2,1,3,7.2,High Value,One-time (1)
kps5fuhp,7.2,1,2,7.2,High Value,One-time (1)
hoq5e7l7,7.2,2,2,3.6,High Value,Occasional (2-3)
2daacjbp,7.2,1,2,7.2,High Value,One-time (1)
aotkq8sy,7.2,1,2,7.2,High Value,One-time (1)
dvbpsqyx,7.2,1,2,7.2,High Value,One-time (1)
i0eg7gxv,7.2,1,2,7.2,High Value,One-time (1)
hdnw4y2s,7.2,1,2,7.2,High Value,One-time (1)
3hj1zp2y,7.2,1,2,7.2,High Value,One-time (1)
xxw6juj3,7.2,1,4,7.2,High Value,One-time (1)
m7k19dcl,7.2,1,2,7.2,High Value,One-time (1)
5vdw0t4j,7.2,1,2,7.2,High Value,One-time (1)
7357tgyx,7.2,1,4,7.2,High Value,One-time (1)
paua3aip,7.2,1,2,7.2,High Value,One-time (1)
p12i9el6,7.2,1,2,7.2,High Value,One-time (1)
euljgqpq,7.1899999999999995,2,3,3.5949999999999998,High Value,Occasional (2-3)
pstwhghv,7.18,1,2,7.18,High Value,One-time (1)
gafiup2l,7.18,1,2,7.18,High Value,One-time (1)
rk1ol0gn,7.18,1,2,7.18,High Value,One-time (1)
58drc11e,7.18,1,2,7.18,High Value,One-time (1)
0d7h9c8y,7.17,1,3,7.17,High Value,One-time (1)
ij8ulyyf,7.17,1,3,7.17,High Value,One-time (1)
jf4ciwl3,7.17,2,2,3.585,High Value,Occasional (2-3)
45za8cnh,7.17,1,3,7.17,High Value,One-time (1)
gw8pmiav,7.17,1,3,7.17,High Value,One-time (1)
1vzwvlij,7.16,1,2,7.16,High Value,One-time (1)
lkyu5o9t,7.16,1,2,7.16,High Value,One-time (1)
vlpppi92,7.16,1,1,7.16,High Value,One-time (1)
wuaopqj3,7.16,1,2,7.16,High Value,One-time (1)
vpy03bp8,7.16,1,2,7.16,High Value,One-time (1)
vd04rdrx,7.16,1,1,7.16,High Value,One-time (1)
s9jy6s0p,7.16,1,2,7.16,High Value,One-time (1)
qie0paok,7.16,1,2,7.16,High Value,One-time (1)
8vee06lp,7.15,1,2,7.15,High Value,One-time (1)
t8x70feq,7.15,1,2,7.15,High Value,One-time (1)
wh5y1e6e,7.15,1,1,7.15,High Value,One-time (1)
hhwmf1gz,7.15,1,1,7.15,High Value,One-time (1)
y668deaw,7.15,1,1,7.15,High Value,One-time (1)
ignb92q0,7.15,1,1,7.15,High Value,One-time (1)
p1amorge,7.15,1,1,7.15,High Value,One-time (1)
5ud7iwlk,7.15,1,1,7.15,High Value,One-time (1)
m110t5qr,7.15,1,1,7.15,High Value,One-time (1)
c0wx4eio,7.15,1,1,7.15,High Value,One-time (1)
oghzie58,7.15,1,1,7.15,High Value,One-time (1)
9k9xjuy0,7.15,1,1,7.15,High Value,One-time (1)
v6xcsqa2,7.15,1,1,7.15,High Value,One-time (1)
7odsmjky,7.14,1,3,7.14,High Value,One-time (1)
mpq0hzyj,7.14,1,3,7.14,High Value,One-time (1)
e4zmcok3,7.14,1,2,7.14,High Value,One-time (1)
u40fm2ii,7.14,1,3,7.14,High Value,One-time (1)
dkamm2yw,7.14,1,3,7.14,High Value,One-time (1)
f7z9tjvn,7.14,1,3,7.14,High Value,One-time (1)
s7sz8uuh,7.14,1,3,7.14,High Value,One-time (1)
nqzrj6im,7.14,1,2,7.14,High Value,One-time (1)
uz8du9v4,7.14,1,2,7.14,High Value,One-time (1)
i1bu7tpk,7.14,1,2,7.14,High Value,One-time (1)
s7g8oz9w,7.14,1,3,7.14,High Value,One-time (1)
8vkums9h,7.14,1,2,7.14,High Value,One-time (1)
ybq4qj6b,7.14,1,3,7.14,High Value,One-time (1)
azd2f74d,7.14,1,2,7.14,High Value,One-time (1)
hxa1wmon,7.14,1,3,7.14,High Value,One-time (1)
h5jjpg4r,7.14,1,2,7.14,High Value,One-time (1)
1vglruhw,7.14,1,3,7.14,High Value,One-time (1)
mp09vhtp,7.14,1,3,7.14,High Value,One-time (1)
5sul9xpn,7.14,1,3,7.14,High Value,One-time (1)
ai2278eq,7.14,1,3,7.14,High Value,One-time (1)
t5iwtzg4,7.14,1,2,7.14,High Value,One-time (1)
ju2rm6lq,7.14,1,2,7.14,High Value,One-time (1)
x51t4izw,7.14,1,3,7.14,High Value,One-time (1)
zmsz5dbh,7.14,1,2,7.14,High Value,One-time (1)
j2w5i6gf,7.14,1,3,7.14,High Value,One-time (1)
bkejyi7g,7.14,1,2,7.14,High Value,One-time (1)
iys2845c,7.14,1,3,7.14,High Value,One-time (1)
b0r0tgaf,7.14,1,2,7.14,High Value,One-time (1)
6tklxqa4,7.14,1,3,7.14,High Value,One-time (1)
thjf1i16,7.14,1,3,7.14,High Value,One-time (1)
0iwtrnxx,7.14,1,3,7.14,High Value,One-time (1)
8tbhvfk4,7.14,1,3,7.14,High Value,One-time (1)
wql9jvbo,7.14,1,2,7.14,High Value,One-time (1)
2fwqwsls,7.14,1,3,7.14,High Value,One-time (1)
aanrak4x,7.14,1,2,7.14,High Value,One-time (1)
squ913mr,7.14,1,3,7.14,High Value,One-time (1)
nbl1bw3y,7.14,1,2,7.14,High Value,One-time (1)
a8f6rcg2,7.14,1,3,7.14,High Value,One-time (1)
18b9y2n7,7.14,1,3,7.14,High Value,One-time (1)
dfydecq4,7.14,1,2,7.14,High Value,One-time (1)
pxa5gsjn,7.14,1,3,7.14,High Value,One-time (1)
3jkt3bkh,7.14,1,2,7.14,High Value,One-time (1)
p25ozzfw,7.14,1,2,7.14,High Value,One-time (1)
5mflqimm,7.14,1,3,7.14,High Value,One-time (1)
rwn1v2xy,7.14,1,2,7.14,High Value,One-time (1)
rbb6cghz,7.14,1,3,7.14,High Value,One-time (1)
92tgwxlx,7.14,1,2,7.14,High Value,One-time (1)
yzsilu3n,7.14,1,2,7.14,High Value,One-time (1)
7o9oh3e1,7.14,1,3,7.14,High Value,One-time (1)
m4hb4qz1,7.14,1,3,7.14,High Value,One-time (1)
rkhbhmyk,7.14,1,3,7.14,High Value,One-time (1)
ugaf6c6b,7.14,1,3,7.14,High Value,One-time (1)
bp0y6zxm,7.14,1,2,7.14,High Value,One-time (1)
4vm8arli,7.14,1,3,7.14,High Value,One-time (1)
9rhejtct,7.14,1,3,7.14,High Value,One-time (1)
b9brucms,7.14,1,3,7.14,High Value,One-time (1)
osv037nk,7.14,1,3,7.14,High Value,One-time (1)
olfzlzaw,7.14,1,2,7.14,High Value,One-time (1)
ebm1bvlv,7.14,1,3,7.14,High Value,One-time (1)
4st8vu7p,7.14,1,3,7.14,High Value,One-time (1)
9ao5r9vk,7.14,1,3,7.14,High Value,One-time (1)
giir4w4l,7.14,1,3,7.14,High Value,One-time (1)
iqsdmznb,7.14,1,2,7.14,High Value,One-time (1)
a3pmjpv5,7.14,1,2,7.14,High Value,One-time (1)
2ex8nx6p,7.14,1,3,7.14,High Value,One-time (1)
r1edc8xq,7.14,1,3,7.14,High Value,One-time (1)
qyz4a92q,7.14,1,2,7.14,High Value,One-time (1)
12tlxlzs,7.14,1,2,7.14,High Value,One-time (1)
53ykyydu,7.130000000000001,2,2,3.5650000000000004,High Value,Occasional (2-3)
15l4zoch,7.13,1,2,7.13,High Value,One-time (1)
oa2vcywl,7.13,2,2,3.565,High Value,Occasional (2-3)
8491swhx,7.13,1,2,7.13,High Value,One-time (1)
we8rig1m,7.13,1,2,7.13,High Value,One-time (1)
337ov9wx,7.13,2,2,3.565,High Value,Occasional (2-3)
gcjqlmom,7.12,1,1,7.12,High Value,One-time (1)
take9kc8,7.12,1,2,7.12,High Value,One-time (1)
vtkszemr,7.12,1,2,7.12,High Value,One-time (1)
vw5n6kr0,7.12,1,1,7.12,High Value,One-time (1)
z05h5r7y,7.12,1,1,7.12,High Value,One-time (1)
ps0rs95z,7.12,2,2,3.56,High Value,Occasional (2-3)
67em6z1m,7.12,1,1,7.12,High Value,One-time (1)
6u9ir8oi,7.12,1,2,7.12,High Value,One-time (1)
btlqgszo,7.12,1,2,7.12,High Value,One-time (1)
p7r93fez,7.12,1,2,7.12,High Value,One-time (1)
bz5yndv3,7.12,1,2,7.12,High Value,One-time (1)
du2wyqk1,7.12,1,1,7.12,High Value,One-time (1)
c6bmkjrl,7.12,1,1,7.12,High Value,One-time (1)
7l5b9g72,7.12,1,1,7.12,High Value,One-time (1)
aaeuzal1,7.11,1,2,7.11,High Value,One-time (1)
ls614m5g,7.1,1,2,7.1,High Value,One-time (1)
p9c238lm,7.1,1,2,7.1,High Value,One-time (1)
bziz79gt,7.1,1,2,7.1,High Value,One-time (1)
ziyrdh9p,7.1,1,2,7.1,High Value,One-time (1)
elmpvsjl,7.1,1,2,7.1,High Value,One-time (1)
awy5tsck,7.1,1,2,7.1,High Value,One-time (1)
8xv13ord,7.1,1,2,7.1,High Value,One-time (1)
uij0yxiy,7.09,2,2,3.545,High Value,Occasional (2-3)
asnghfec,7.09,1,1,7.09,High Value,One-time (1)
g1r1cqki,7.09,2,2,3.545,High Value,Occasional (2-3)
6q8sjy5o,7.08,2,2,3.54,High Value,Occasional (2-3)
jpt2zl15,7.08,2,3,3.54,High Value,Occasional (2-3)
43dhissj,7.07,1,2,7.07,High Value,One-time (1)
kt3ymah0,7.07,1,3,7.07,High Value,One-time (1)
46ppc3su,7.07,1,3,7.07,High Value,One-time (1)
m2te040h,7.06,1,2,7.06,High Value,One-time (1)
ygy90p3e,7.06,1,2,7.06,High Value,One-time (1)
6daucmoa,7.06,1,2,7.06,High Value,One-time (1)
vv8s5e8y,7.06,1,2,7.06,High Value,One-time (1)
8amuq85d,7.06,1,2,7.06,High Value,One-time (1)
zcvt2xbd,7.06,1,2,7.06,High Value,One-time (1)
s509da0u,7.06,1,2,7.06,High Value,One-time (1)
t5gqexih,7.06,2,3,3.53,High Value,Occasional (2-3)
a6y8guf2,7.05,1,3,7.05,High Value,One-time (1)
6xqtpwy4,7.05,1,3,7.05,High Value,One-time (1)
bv0deoeg,7.05,1,3,7.05,High Value,One-time (1)
gtixpg1q,7.05,1,3,7.05,High Value,One-time (1)
x6pso61y,7.05,1,3,7.05,High Value,One-time (1)
86ewzn3b,7.05,1,3,7.05,High Value,One-time (1)
gxakfmru,7.05,1,3,7.05,High Value,One-time (1)
7g78w8u9,7.05,1,3,7.05,High Value,One-time (1)
ouz1egnt,7.05,1,3,7.05,High Value,One-time (1)
b3d5050u,7.05,1,3,7.05,High Value,One-time (1)
vxa0ju23,7.05,1,3,7.05,High Value,One-time (1)
mn1z7hzm,7.05,1,3,7.05,High Value,One-time (1)
5g6k2m8w,7.05,1,3,7.05,High Value,One-time (1)
fykr0v3t,7.05,1,3,7.05,High Value,One-time (1)
mbjehd8o,7.05,1,3,7.05,High Value,One-time (1)
se5l72yn,7.04,1,2,7.04,High Value,One-time (1)
72ouk8se,7.04,1,1,7.04,High Value,One-time (1)
3pzzsev6,7.04,1,2,7.04,High Value,One-time (1)
7lmddxar,7.04,1,2,7.04,High Value,One-time (1)
70al0hlo,7.04,1,1,7.04,High Value,One-time (1)
uxbw0369,7.04,1,2,7.04,High Value,One-time (1)
3jojwbvi,7.04,1,2,7.04,High Value,One-time (1)
ltj7rftv,7.04,1,2,7.04,High Value,One-time (1)
fnqd75f8,7.04,1,2,7.04,High Value,One-time (1)
yd6mooga,7.04,1,2,7.04,High Value,One-time (1)
k1xttqu3,7.04,1,2,7.04,High Value,One-time (1)
qwxuqb1a,7.02,1,1,7.02,High Value,One-time (1)
ga41izxt,7.02,1,1,7.02,High Value,One-time (1)
jh9oqlak,7.02,1,1,7.02,High Value,One-time (1)
j8usbgvn,7.02,1,1,7.02,High Value,One-time (1)
z1zbhdlx,7.02,1,1,7.02,High Value,One-time (1)
y1fe6d9p,7.02,1,1,7.02,High Value,One-time (1)
3gfa7xcl,7.02,1,1,7.02,High Value,One-time (1)
20b0uqxz,7.02,1,1,7.02,High Value,One-time (1)
i6wh5f8x,7.02,1,1,7.02,High Value,One-time (1)
awaw62vg,7.02,1,1,7.02,High Value,One-time (1)
kx2hyjra,7.02,1,1,7.02,High Value,One-time (1)
mglhzwng,7.02,1,1,7.02,High Value,One-time (1)
tn0plcfr,7.02,1,1,7.02,High Value,One-time (1)
i8uogdlq,7.02,1,1,7.02,High Value,One-time (1)
ilxlv0m8,7.02,1,1,7.02,High Value,One-time (1)
zig4isq4,7.02,1,1,7.02,High Value,One-time (1)
i9kxqzge,7.02,1,1,7.02,High Value,One-time (1)
chusuvri,7.0,1,2,7.0,High Value,One-time (1)
4un3s4zz,7.0,1,2,7.0,High Value,One-time (1)
jlt15stw,7.0,1,2,7.0,High Value,One-time (1)
653fym8r,7.0,1,2,7.0,High Value,One-time (1)
f6t33ihd,7.0,1,2,7.0,High Value,One-time (1)
272fxho1,7.0,1,2,7.0,High Value,One-time (1)
jgq04lh4,7.0,1,2,7.0,High Value,One-time (1)
62ptuml6,7.0,1,2,7.0,High Value,One-time (1)
0b81ezj6,7.0,1,2,7.0,High Value,One-time (1)
uwyjlkag,7.0,1,2,7.0,High Value,One-time (1)
y595cpjz,7.0,1,2,7.0,High Value,One-time (1)
f3gr94sz,6.99,2,2,3.495,High Value,Occasional (2-3)
fzjahsao,6.99,2,2,3.495,High Value,Occasional (2-3)
yv37dia5,6.99,1,2,6.99,High Value,One-time (1)
ff7jcmgt,6.99,1,2,6.99,High Value,One-time (1)
rs210q2l,6.99,2,2,3.495,High Value,Occasional (2-3)
dygh15bp,6.99,1,2,6.99,High Value,One-time (1)
8tqy6tfb,6.98,1,2,6.98,High Value,One-time (1)
7tw1puws,6.98,1,2,6.98,High Value,One-time (1)
3bvri196,6.98,1,2,6.98,High Value,One-time (1)
3kzvl6am,6.98,1,2,6.98,High Value,One-time (1)
3xz1ty2h,6.98,1,2,6.98,High Value,One-time (1)
wac093pa,6.98,1,2,6.98,High Value,One-time (1)
0qstryw4,6.98,1,2,6.98,High Value,One-time (1)
x8uc52cn,6.98,1,2,6.98,High Value,One-time (1)
9kljveby,6.98,1,2,6.98,High Value,One-time (1)
5igwqgcg,6.98,1,2,6.98,High Value,One-time (1)
8j2eai92,6.98,1,2,6.98,High Value,One-time (1)
p5240sfk,6.98,1,2,6.98,High Value,One-time (1)
6h69jdfa,6.98,1,2,6.98,High Value,One-time (1)
naq2yoto,6.98,1,2,6.98,High Value,One-time (1)
5wfw5q52,6.98,2,2,3.49,High Value,Occasional (2-3)
g6x1j7ci,6.98,1,2,6.98,High Value,One-time (1)
dt6kh6kx,6.98,1,2,6.98,High Value,One-time (1)
pu2kb80n,6.98,1,2,6.98,High Value,One-time (1)
kywmjzip,6.97,1,3,6.97,High Value,One-time (1)
co3r37h5,6.97,1,2,6.97,High Value,One-time (1)
9v20yar8,6.97,1,2,6.97,High Value,One-time (1)
khd78i9d,6.95,1,1,6.95,High Value,One-time (1)
tbezd8m6,6.94,1,1,6.94,High Value,One-time (1)
6eo2j0hr,6.94,1,1,6.94,High Value,One-time (1)
4q1i41r3,6.94,1,1,6.94,High Value,One-time (1)
vvlgzj90,6.94,1,1,6.94,High Value,One-time (1)
iwg46fwv,6.94,1,1,6.94,High Value,One-time (1)
ub0z2y7a,6.94,1,1,6.94,High Value,One-time (1)
g8avl66c,6.94,1,1,6.94,High Value,One-time (1)
09cavshh,6.94,1,1,6.94,High Value,One-time (1)
re5ch7mm,6.94,1,1,6.94,High Value,One-time (1)
64irvwex,6.94,1,1,6.94,High Value,One-time (1)
860hwfs2,6.94,1,1,6.94,High Value,One-time (1)
lsn6mhla,6.94,1,1,6.94,High Value,One-time (1)
lztnrf5d,6.94,1,1,6.94,High Value,One-time (1)
ev5cuco6,6.94,1,1,6.94,High Value,One-time (1)
7y2itl8n,6.94,1,1,6.94,High Value,One-time (1)
eo938zbo,6.94,1,1,6.94,High Value,One-time (1)
tufbkfg5,6.94,1,1,6.94,High Value,One-time (1)
jqmco9fw,6.94,1,1,6.94,High Value,One-time (1)
x0m8r8vu,6.94,1,1,6.94,High Value,One-time (1)
1bbd8ck3,6.94,1,1,6.94,High Value,One-time (1)
nttc036l,6.94,1,1,6.94,High Value,One-time (1)
mgjs5nmv,6.94,1,1,6.94,High Value,One-time (1)
hzn6xmqs,6.94,1,1,6.94,High Value,One-time (1)
o625gruo,6.94,1,1,6.94,High Value,One-time (1)
o9vs01x9,6.94,1,1,6.94,High Value,One-time (1)
zf9t5pdm,6.94,1,1,6.94,High Value,One-time (1)
4gi6t0t9,6.94,1,1,6.94,High Value,One-time (1)
w184n8id,6.94,1,1,6.94,High Value,One-time (1)
s7hei1tm,6.94,1,1,6.94,High Value,One-time (1)
32lu2hgf,6.93,1,1,6.93,High Value,One-time (1)
v33vaadb,6.93,1,1,6.93,High Value,One-time (1)
dzlo68ar,6.93,1,1,6.93,High Value,One-time (1)
34bnzior,6.93,1,1,6.93,High Value,One-time (1)
gpqipcg6,6.93,1,2,6.93,High Value,One-time (1)
g9xtv8by,6.93,1,1,6.93,High Value,One-time (1)
fx35w4du,6.93,1,1,6.93,High Value,One-time (1)
44um0jft,6.93,1,1,6.93,High Value,One-time (1)
t84x13j1,6.93,1,1,6.93,High Value,One-time (1)
9bhky2pw,6.93,1,1,6.93,High Value,One-time (1)
t6vrxd87,6.93,1,1,6.93,High Value,One-time (1)
lgb2zguo,6.93,1,1,6.93,High Value,One-time (1)
4s65i15w,6.93,1,1,6.93,High Value,One-time (1)
6r9bsl4c,6.93,1,1,6.93,High Value,One-time (1)
qdu3uzkw,6.93,1,2,6.93,High Value,One-time (1)
o64sxpa5,6.93,1,1,6.93,High Value,One-time (1)
ix6zyaxi,6.93,1,1,6.93,High Value,One-time (1)
h4if9rvd,6.92,1,2,6.92,High Value,One-time (1)
vitwu3bf,6.92,1,2,6.92,High Value,One-time (1)
w4ov9g5l,6.92,1,2,6.92,High Value,One-time (1)
ml5hm5bb,6.92,1,2,6.92,High Value,One-time (1)
3dmomwnc,6.92,1,2,6.92,High Value,One-time (1)
4yvbvcdn,6.92,1,2,6.92,High Value,One-time (1)
p6ccrr1a,6.92,1,2,6.92,High Value,One-time (1)
dofgtjz1,6.92,1,2,6.92,High Value,One-time (1)
hdl7oeuy,6.92,1,2,6.92,High Value,One-time (1)
20ps5i5f,6.92,2,2,3.46,High Value,Occasional (2-3)
aavx7233,6.92,1,2,6.92,High Value,One-time (1)
2f39vc3r,6.92,1,2,6.92,High Value,One-time (1)
9k9jvskk,6.92,1,2,6.92,High Value,One-time (1)
5smzmm1q,6.92,1,2,6.92,High Value,One-time (1)
tqhxt4dd,6.92,1,2,6.92,High Value,One-time (1)
e82eyou5,6.92,1,2,6.92,High Value,One-time (1)
iips8qdb,6.92,1,2,6.92,High Value,One-time (1)
qfjhf465,6.92,1,2,6.92,High Value,One-time (1)
ibhbmz3y,6.91,1,3,6.91,High Value,One-time (1)
g6n74tah,6.91,1,2,6.91,High Value,One-time (1)
v6lgbk2x,6.91,1,2,6.91,High Value,One-time (1)
3ahbw1m8,6.91,1,2,6.91,High Value,One-time (1)
qe95iz4d,6.9,1,3,6.9,High Value,One-time (1)
gfzyzw6f,6.9,1,3,6.9,High Value,One-time (1)
4puy3cct,6.9,1,3,6.9,High Value,One-time (1)
b1fnu79k,6.9,1,2,6.9,High Value,One-time (1)
rrinhxlu,6.9,1,1,6.9,High Value,One-time (1)
6xb1z337,6.9,1,3,6.9,High Value,One-time (1)
bcilbs03,6.9,1,2,6.9,High Value,One-time (1)
2fxn4gty,6.9,1,3,6.9,High Value,One-time (1)
62n5bvxz,6.9,1,3,6.9,High Value,One-time (1)
xobmmhsb,6.9,1,3,6.9,High Value,One-time (1)
gr33m467,6.9,1,2,6.9,High Value,One-time (1)
qw66ht96,6.9,1,2,6.9,High Value,One-time (1)
v474me96,6.9,1,2,6.9,High Value,One-time (1)
2omoi76c,6.9,1,2,6.9,High Value,One-time (1)
1ir22jem,6.9,1,2,6.9,High Value,One-time (1)
4yagtxjm,6.9,1,2,6.9,High Value,One-time (1)
p6c5f8fd,6.9,1,3,6.9,High Value,One-time (1)
9nx6cfhx,6.9,1,3,6.9,High Value,One-time (1)
xlzsxapb,6.9,1,2,6.9,High Value,One-time (1)
vahnfvj2,6.9,1,3,6.9,High Value,One-time (1)
r7n9m1pe,6.9,1,3,6.9,High Value,One-time (1)
v821pyiu,6.9,1,3,6.9,High Value,One-time (1)
3ri52i79,6.9,1,3,6.9,High Value,One-time (1)
nrnlb6s7,6.9,1,3,6.9,High Value,One-time (1)
a4mse7fu,6.9,1,3,6.9,High Value,One-time (1)
92advuhr,6.9,1,3,6.9,High Value,One-time (1)
ftwx9nyi,6.9,1,1,6.9,High Value,One-time (1)
i11xr430,6.9,1,2,6.9,High Value,One-time (1)
wh9pxjyf,6.9,1,3,6.9,High Value,One-time (1)
0f43iqqc,6.9,1,3,6.9,High Value,One-time (1)
wnb1g6qu,6.9,1,3,6.9,High Value,One-time (1)
a20g7cdz,6.9,1,2,6.9,High Value,One-time (1)
wudcbl4c,6.9,1,3,6.9,High Value,One-time (1)
xv7dd9kl,6.9,1,3,6.9,High Value,One-time (1)
cbyoa3gr,6.9,1,1,6.9,High Value,One-time (1)
8pajssuu,6.9,1,1,6.9,High Value,One-time (1)
cz0p3qj1,6.9,1,2,6.9,High Value,One-time (1)
fmnzd0mc,6.9,1,1,6.9,High Value,One-time (1)
x1cjppxd,6.9,1,2,6.9,High Value,One-time (1)
im494jhz,6.9,1,3,6.9,High Value,One-time (1)
a8s1ucps,6.9,1,2,6.9,High Value,One-time (1)
dlwonpeg,6.9,1,1,6.9,High Value,One-time (1)
nf8vxe68,6.9,1,3,6.9,High Value,One-time (1)
72rqdx0q,6.9,1,3,6.9,High Value,One-time (1)
16sg5rt9,6.9,1,3,6.9,High Value,One-time (1)
isjol1bc,6.9,1,2,6.9,High Value,One-time (1)
bhib1qtf,6.9,1,3,6.9,High Value,One-time (1)
2cn7784f,6.9,1,3,6.9,High Value,One-time (1)
xk9pt2lg,6.89,1,3,6.89,High Value,One-time (1)
g8q3gcg1,6.89,2,2,3.445,High Value,Occasional (2-3)
kl26iheq,6.88,1,2,6.88,High Value,One-time (1)
wy9bftk9,6.88,1,2,6.88,High Value,One-time (1)
pt4956vt,6.88,1,2,6.88,High Value,One-time (1)
eyavikjw,6.88,1,1,6.88,High Value,One-time (1)
8ru518au,6.88,1,1,6.88,High Value,One-time (1)
5xstfy0l,6.88,1,1,6.88,High Value,One-time (1)
x0k1u5rk,6.88,1,2,6.88,High Value,One-time (1)
gp6z85ax,6.88,1,2,6.88,High Value,One-time (1)
8v3gj3ng,6.88,1,1,6.88,High Value,One-time (1)
9t3cg79o,6.88,1,2,6.88,High Value,One-time (1)
bxhvrduh,6.88,1,2,6.88,High Value,One-time (1)
gsj8r3it,6.88,1,2,6.88,High Value,One-time (1)
mknabq37,6.88,1,2,6.88,High Value,One-time (1)
0u9racmq,6.88,1,2,6.88,High Value,One-time (1)
8115b2te,6.88,1,2,6.88,High Value,One-time (1)
yz9dtvka,6.88,1,2,6.88,High Value,One-time (1)
2qrqo6gv,6.88,1,2,6.88,High Value,One-time (1)
yjd0pxil,6.88,1,2,6.88,High Value,One-time (1)
7fdns76l,6.88,1,2,6.88,High Value,One-time (1)
05g7e6xq,6.88,1,2,6.88,High Value,One-time (1)
233yo896,6.88,1,2,6.88,High Value,One-time (1)
jsyxufbl,6.88,1,1,6.88,High Value,One-time (1)
vgwihg8a,6.88,1,2,6.88,High Value,One-time (1)
vn4ev3s5,6.88,1,1,6.88,High Value,One-time (1)
vo4pj42m,6.88,1,2,6.88,High Value,One-time (1)
jv3gdrx8,6.88,1,2,6.88,High Value,One-time (1)
zewshtuh,6.88,1,1,6.88,High Value,One-time (1)
ydzixijs,6.88,1,2,6.88,High Value,One-time (1)
v4sp0nm0,6.88,1,1,6.88,High Value,One-time (1)
n9dl5tgs,6.88,1,2,6.88,High Value,One-time (1)
5iqs75vo,6.88,1,2,6.88,High Value,One-time (1)
u2d2crpq,6.88,1,2,6.88,High Value,One-time (1)
ul6n2yac,6.88,1,2,6.88,High Value,One-time (1)
3yxtbuqf,6.88,1,2,6.88,High Value,One-time (1)
t72fe05x,6.88,1,2,6.88,High Value,One-time (1)
fnxglfi7,6.88,1,1,6.88,High Value,One-time (1)
1byv2a8y,6.88,1,2,6.88,High Value,One-time (1)
4ve91u8a,6.88,1,2,6.88,High Value,One-time (1)
qzgk3adb,6.88,1,2,6.88,High Value,One-time (1)
4dmy4ii9,6.88,1,2,6.88,High Value,One-time (1)
fhha2cwh,6.88,1,2,6.88,High Value,One-time (1)
3sjwaqfk,6.88,1,2,6.88,High Value,One-time (1)
bub8z8nd,6.88,1,2,6.88,High Value,One-time (1)
rdlrktgu,6.88,1,2,6.88,High Value,One-time (1)
9gs20mkp,6.88,1,2,6.88,High Value,One-time (1)
gjp1rl6b,6.88,1,1,6.88,High Value,One-time (1)
f9oup3zq,6.88,1,1,6.88,High Value,One-time (1)
6vjxe6dp,6.87,1,3,6.87,High Value,One-time (1)
wa8aa3i4,6.87,1,3,6.87,High Value,One-time (1)
vb96875w,6.86,1,2,6.86,High Value,One-time (1)
mjzmlu6d,6.86,1,2,6.86,High Value,One-time (1)
ri09m0g8,6.86,1,2,6.86,High Value,One-time (1)
hwcarsvk,6.86,1,2,6.86,High Value,One-time (1)
z3kie89o,6.86,1,2,6.86,High Value,One-time (1)
4sxhwjgv,6.86,1,2,6.86,High Value,One-time (1)
arbi3luw,6.86,1,2,6.86,High Value,One-time (1)
6u8cc3uf,6.86,1,3,6.86,High Value,One-time (1)
1qzjahgk,6.86,1,2,6.86,High Value,One-time (1)
3rzsj49i,6.85,2,2,3.425,High Value,Occasional (2-3)
u1w4muq2,6.84,1,2,6.84,High Value,One-time (1)
an505kzu,6.84,1,2,6.84,High Value,One-time (1)
2n5y3rdm,6.84,1,2,6.84,High Value,One-time (1)
2nivorr0,6.84,1,2,6.84,High Value,One-time (1)
jvigq7a1,6.84,1,2,6.84,High Value,One-time (1)
9bvhpqts,6.84,1,2,6.84,High Value,One-time (1)
mv9bn6f9,6.84,1,2,6.84,High Value,One-time (1)
dbqj24vv,6.84,1,2,6.84,High Value,One-time (1)
owhzeii6,6.84,1,2,6.84,High Value,One-time (1)
nxkgs7we,6.84,1,2,6.84,High Value,One-time (1)
hftlk8s5,6.84,1,2,6.84,High Value,One-time (1)
hqlp42ty,6.84,1,2,6.84,High Value,One-time (1)
jlrgz0dn,6.84,1,2,6.84,High Value,One-time (1)
vzgkcoab,6.84,1,2,6.84,High Value,One-time (1)
3i3nydqt,6.84,1,2,6.84,High Value,One-time (1)
ugsfp7ai,6.84,1,2,6.84,High Value,One-time (1)
y8dwuu3x,6.84,1,2,6.84,High Value,One-time (1)
1kj92eri,6.84,1,2,6.84,High Value,One-time (1)
9mvbhm8a,6.84,1,2,6.84,High Value,One-time (1)
b6u8w3b7,6.84,1,2,6.84,High Value,One-time (1)
guf7zrbk,6.84,1,3,6.84,High Value,One-time (1)
pjrht7ze,6.84,1,2,6.84,High Value,One-time (1)
8wmpzsmh,6.84,1,2,6.84,High Value,One-time (1)
qg3zw4qy,6.84,1,2,6.84,High Value,One-time (1)
b2ypaww7,6.84,1,2,6.84,High Value,One-time (1)
9t1x33p3,6.84,1,2,6.84,High Value,One-time (1)
zmiujjkm,6.84,1,2,6.84,High Value,One-time (1)
kgw6bqmu,6.84,1,2,6.84,High Value,One-time (1)
1t9dxucm,6.84,1,2,6.84,High Value,One-time (1)
kl1pll7u,6.84,1,2,6.84,High Value,One-time (1)
1decowhw,6.84,1,2,6.84,High Value,One-time (1)
q11wivcv,6.84,1,2,6.84,High Value,One-time (1)
3y2htrzq,6.84,1,2,6.84,High Value,One-time (1)
8plzsedh,6.84,1,2,6.84,High Value,One-time (1)
8mw5ohdi,6.84,1,2,6.84,High Value,One-time (1)
pwe2yb23,6.84,1,2,6.84,High Value,One-time (1)
ww03a1e5,6.84,1,2,6.84,High Value,One-time (1)
zeb1vmck,6.84,1,2,6.84,High Value,One-time (1)
5v0g9q1d,6.84,1,2,6.84,High Value,One-time (1)
8czqd28x,6.84,1,2,6.84,High Value,One-time (1)
ptd01n11,6.84,1,2,6.84,High Value,One-time (1)
9b0wg8vj,6.84,1,2,6.84,High Value,One-time (1)
lyei74ly,6.84,1,2,6.84,High Value,One-time (1)
xsqgu5ge,6.84,1,2,6.84,High Value,One-time (1)
1fbtwtw4,6.84,1,2,6.84,High Value,One-time (1)
i36agwqv,6.84,1,2,6.84,High Value,One-time (1)
bjawnaae,6.84,1,3,6.84,High Value,One-time (1)
jd9txqi5,6.84,1,2,6.84,High Value,One-time (1)
yjros6cd,6.84,1,2,6.84,High Value,One-time (1)
x5caj9yl,6.83,1,1,6.83,High Value,One-time (1)
0d6dp1gr,6.83,1,3,6.83,High Value,One-time (1)
5jtv75ss,6.83,2,2,3.415,High Value,Occasional (2-3)
xumtfazs,6.82,1,2,6.82,High Value,One-time (1)
4sv8ng1j,6.82,1,2,6.82,High Value,One-time (1)
ztgbibf5,6.82,1,2,6.82,High Value,One-time (1)
0fxa29rm,6.82,1,2,6.82,High Value,One-time (1)
l7u1p8ot,6.82,2,2,3.41,High Value,Occasional (2-3)
zhcxvd2x,6.82,1,2,6.82,High Value,One-time (1)
p4sbcvjn,6.82,1,2,6.82,High Value,One-time (1)
lz2m3p6y,6.82,1,2,6.82,High Value,One-time (1)
tw43id1m,6.82,1,2,6.82,High Value,One-time (1)
y669q7d2,6.82,1,2,6.82,High Value,One-time (1)
zhpifpad,6.82,1,2,6.82,High Value,One-time (1)
rn69e9xr,6.82,1,2,6.82,High Value,One-time (1)
tuwfv2tt,6.82,2,2,3.41,High Value,Occasional (2-3)
821x2b9x,6.82,1,2,6.82,High Value,One-time (1)
7ittsidr,6.82,1,2,6.82,High Value,One-time (1)
ph0fwerb,6.81,1,1,6.81,High Value,One-time (1)
0z8wwu3k,6.81,1,1,6.81,High Value,One-time (1)
l6m6l7bl,6.81,1,1,6.81,High Value,One-time (1)
6fkf5ftz,6.81,1,1,6.81,High Value,One-time (1)
vizig0i6,6.81,1,1,6.81,High Value,One-time (1)
8hyexf7j,6.81,1,1,6.81,High Value,One-time (1)
s6rqiwqa,6.81,1,1,6.81,High Value,One-time (1)
o2udh8o8,6.81,1,1,6.81,High Value,One-time (1)
bql8qznm,6.81,1,1,6.81,High Value,One-time (1)
acakaatg,6.81,1,1,6.81,High Value,One-time (1)
29akqivc,6.81,1,1,6.81,High Value,One-time (1)
ui4qxt03,6.81,1,1,6.81,High Value,One-time (1)
tm1olbi6,6.81,1,1,6.81,High Value,One-time (1)
8b7uruhg,6.81,1,1,6.81,High Value,One-time (1)
0gchf4ak,6.800000000000001,2,2,3.4000000000000004,High Value,Occasional (2-3)
gyt1muna,6.8,1,1,6.8,Medium Value,One-time (1)
zwalsf8e,6.8,1,2,6.8,Medium Value,One-time (1)
ghrd00qb,6.8,1,2,6.8,Medium Value,One-time (1)
j3d9a6ka,6.8,1,2,6.8,Medium Value,One-time (1)
n0yasdpx,6.8,1,2,6.8,Medium Value,One-time (1)
eg7af3hj,6.8,1,2,6.8,Medium Value,One-time (1)
0v5txv2f,6.8,1,2,6.8,Medium Value,One-time (1)
z2o1lryg,6.8,1,4,6.8,Medium Value,One-time (1)
j8fi7yfl,6.8,1,2,6.8,Medium Value,One-time (1)
ex9lfymn,6.8,1,2,6.8,Medium Value,One-time (1)
wc0bogwh,6.8,1,2,6.8,Medium Value,One-time (1)
6gkds6d8,6.8,1,1,6.8,Medium Value,One-time (1)
jg2cnjhp,6.8,1,4,6.8,Medium Value,One-time (1)
bp3u2cf0,6.8,1,2,6.8,Medium Value,One-time (1)
lmegtpcb,6.8,1,2,6.8,Medium Value,One-time (1)
ypg9mfb0,6.8,1,2,6.8,Medium Value,One-time (1)
1jmux3n2,6.8,1,4,6.8,Medium Value,One-time (1)
ceawmuas,6.8,1,1,6.8,Medium Value,One-time (1)
8z0ls9oh,6.8,1,2,6.8,Medium Value,One-time (1)
ktkpuor2,6.8,1,2,6.8,Medium Value,One-time (1)
0y9dom5i,6.8,1,2,6.8,Medium Value,One-time (1)
oc44ki4l,6.8,1,2,6.8,Medium Value,One-time (1)
h5hgzv8o,6.8,1,1,6.8,Medium Value,One-time (1)
obtuppn4,6.8,1,2,6.8,Medium Value,One-time (1)
qo20twhc,6.8,1,1,6.8,Medium Value,One-time (1)
418wzq71,6.8,1,2,6.8,Medium Value,One-time (1)
v3y8n1hl,6.8,1,2,6.8,Medium Value,One-time (1)
3rqmzl1d,6.8,1,2,6.8,Medium Value,One-time (1)
oo7rdnsd,6.8,1,1,6.8,Medium Value,One-time (1)
8gf6aqep,6.8,1,1,6.8,Medium Value,One-time (1)
ic5laxb0,6.8,1,2,6.8,Medium Value,One-time (1)
s2yvd039,6.8,1,2,6.8,Medium Value,One-time (1)
2nuk9k12,6.8,1,1,6.8,Medium Value,One-time (1)
0ql3b5dt,6.8,1,2,6.8,Medium Value,One-time (1)
khaun4mv,6.79,1,2,6.79,Medium Value,One-time (1)
kh3ei38p,6.79,1,2,6.79,Medium Value,One-time (1)
kbl83tsh,6.79,1,2,6.79,Medium Value,One-time (1)
gx0gmnt6,6.79,1,2,6.79,Medium Value,One-time (1)
idti4vup,6.78,1,2,6.78,Medium Value,One-time (1)
pwtil2hu,6.78,1,2,6.78,Medium Value,One-time (1)
tp7bd4w1,6.78,2,2,3.39,Medium Value,Occasional (2-3)
gzsa80ng,6.78,1,2,6.78,Medium Value,One-time (1)
acgpb8mv,6.78,1,2,6.78,Medium Value,One-time (1)
0cv3tlcx,6.77,2,2,3.385,Medium Value,Occasional (2-3)
068hbv7i,6.77,1,2,6.77,Medium Value,One-time (1)
oikivqa7,6.77,3,3,2.2566666666666664,Medium Value,Occasional (2-3)
paqxyuss,6.77,1,4,6.77,Medium Value,One-time (1)
048yjb15,6.76,1,2,6.76,Medium Value,One-time (1)
wa0hrlwc,6.76,1,2,6.76,Medium Value,One-time (1)
qjk3ccxa,6.76,1,2,6.76,Medium Value,One-time (1)
r2lajn55,6.76,1,2,6.76,Medium Value,One-time (1)
s0jsy35w,6.76,1,2,6.76,Medium Value,One-time (1)
7exj0s4y,6.76,1,2,6.76,Medium Value,One-time (1)
5pvgqp3u,6.76,1,2,6.76,Medium Value,One-time (1)
4ewupiq8,6.76,1,2,6.76,Medium Value,One-time (1)
9dde3cup,6.76,1,2,6.76,Medium Value,One-time (1)
7a0b5p8p,6.76,1,2,6.76,Medium Value,One-time (1)
hem4etnw,6.76,1,2,6.76,Medium Value,One-time (1)
qlmqjcs8,6.76,1,2,6.76,Medium Value,One-time (1)
lm0yssy5,6.76,1,2,6.76,Medium Value,One-time (1)
sbu7ge3a,6.76,1,2,6.76,Medium Value,One-time (1)
d83rb8oh,6.76,1,2,6.76,Medium Value,One-time (1)
woiiit95,6.76,1,2,6.76,Medium Value,One-time (1)
m1xm5ef0,6.76,1,2,6.76,Medium Value,One-time (1)
gs01ch7x,6.76,1,2,6.76,Medium Value,One-time (1)
8l17fbwp,6.76,1,2,6.76,Medium Value,One-time (1)
kybg28nr,6.76,1,2,6.76,Medium Value,One-time (1)
7moihkkv,6.76,1,2,6.76,Medium Value,One-time (1)
f03e1qdf,6.76,1,2,6.76,Medium Value,One-time (1)
atflez7a,6.76,1,2,6.76,Medium Value,One-time (1)
r84f52ju,6.76,1,2,6.76,Medium Value,One-time (1)
mjlu74bm,6.76,1,2,6.76,Medium Value,One-time (1)
yj0su7uk,6.76,1,2,6.76,Medium Value,One-time (1)
hqxadwu5,6.76,1,2,6.76,Medium Value,One-time (1)
ju3b4dvt,6.75,1,3,6.75,Medium Value,One-time (1)
wjx6xvs5,6.74,1,1,6.74,Medium Value,One-time (1)
7uymb278,6.74,1,1,6.74,Medium Value,One-time (1)
ytkbf8cx,6.74,1,1,6.74,Medium Value,One-time (1)
co9nf8rp,6.74,1,1,6.74,Medium Value,One-time (1)
5gplzb4c,6.74,1,1,6.74,Medium Value,One-time (1)
6n6a475p,6.74,1,1,6.74,Medium Value,One-time (1)
xv7q3ia3,6.74,1,1,6.74,Medium Value,One-time (1)
25gxqtkn,6.74,1,1,6.74,Medium Value,One-time (1)
0jz3bdwd,6.74,1,1,6.74,Medium Value,One-time (1)
6ux4rn4v,6.74,1,1,6.74,Medium Value,One-time (1)
xepkj6bv,6.74,1,1,6.74,Medium Value,One-time (1)
a3ejptb9,6.74,1,1,6.74,Medium Value,One-time (1)
dth81ffi,6.72,1,1,6.72,Medium Value,One-time (1)
6tcy2j51,6.72,1,1,6.72,Medium Value,One-time (1)
od9vovp8,6.72,1,1,6.72,Medium Value,One-time (1)
xpl3w1yn,6.72,1,1,6.72,Medium Value,One-time (1)
bqpviqyh,6.72,1,1,6.72,Medium Value,One-time (1)
g3202n9o,6.72,1,1,6.72,Medium Value,One-time (1)
qrg4n57u,6.72,1,1,6.72,Medium Value,One-time (1)
9i2qrb5d,6.72,1,1,6.72,Medium Value,One-time (1)
pzhzpliu,6.72,1,1,6.72,Medium Value,One-time (1)
hhe1i38f,6.72,1,1,6.72,Medium Value,One-time (1)
bh99lzfa,6.72,1,1,6.72,Medium Value,One-time (1)
7lvxsl7o,6.72,1,1,6.72,Medium Value,One-time (1)
z43xz6ol,6.72,2,2,3.36,Medium Value,Occasional (2-3)
ikulwp9l,6.72,1,1,6.72,Medium Value,One-time (1)
i59awx4b,6.72,1,1,6.72,Medium Value,One-time (1)
2lwhedht,6.710000000000001,2,2,3.3550000000000004,Medium Value,Occasional (2-3)
b89hbg24,6.71,1,2,6.71,Medium Value,One-time (1)
mn1m9q0i,6.71,1,2,6.71,Medium Value,One-time (1)
fdelccv2,6.7,1,2,6.7,Medium Value,One-time (1)
kk6qh3xa,6.7,1,2,6.7,Medium Value,One-time (1)
biy5g0rm,6.7,1,2,6.7,Medium Value,One-time (1)
mk9qmvr8,6.7,1,2,6.7,Medium Value,One-time (1)
u7h44h8m,6.7,1,3,6.7,Medium Value,One-time (1)
ry09b6qv,6.7,1,2,6.7,Medium Value,One-time (1)
j7e1uxcq,6.7,1,2,6.7,Medium Value,One-time (1)
x0z1zrta,6.7,1,2,6.7,Medium Value,One-time (1)
18ee61yq,6.7,1,2,6.7,Medium Value,One-time (1)
n1gtzazb,6.7,1,2,6.7,Medium Value,One-time (1)
6bkx2geb,6.7,1,2,6.7,Medium Value,One-time (1)
n67ybx98,6.7,1,2,6.7,Medium Value,One-time (1)
93g24luj,6.7,1,2,6.7,Medium Value,One-time (1)
nqb6j35z,6.7,1,2,6.7,Medium Value,One-time (1)
gsd1u0oe,6.7,1,2,6.7,Medium Value,One-time (1)
iyncp42w,6.7,1,2,6.7,Medium Value,One-time (1)
6ivdv5sy,6.69,1,3,6.69,Medium Value,One-time (1)
ljk7njb9,6.69,1,3,6.69,Medium Value,One-time (1)
81hzytrf,6.69,1,3,6.69,Medium Value,One-time (1)
pxg3kzqu,6.68,1,2,6.68,Medium Value,One-time (1)
rlqiob0n,6.68,2,2,3.34,Medium Value,Occasional (2-3)
wxqf5o7j,6.68,1,2,6.68,Medium Value,One-time (1)
qz0nguzk,6.68,1,2,6.68,Medium Value,One-time (1)
yqg27fo6,6.68,1,3,6.68,Medium Value,One-time (1)
aixtaiog,6.68,1,2,6.68,Medium Value,One-time (1)
iuilssre,6.68,1,2,6.68,Medium Value,One-time (1)
ftzwh4rb,6.68,1,2,6.68,Medium Value,One-time (1)
5zdrjzh3,6.68,1,2,6.68,Medium Value,One-time (1)
wh1n8lm0,6.68,1,2,6.68,Medium Value,One-time (1)
x5ic86z1,6.68,1,2,6.68,Medium Value,One-time (1)
kvz2l3h6,6.66,1,2,6.66,Medium Value,One-time (1)
yki5oihg,6.66,1,2,6.66,Medium Value,One-time (1)
a3svlubm,6.66,1,2,6.66,Medium Value,One-time (1)
h224hzx9,6.66,1,2,6.66,Medium Value,One-time (1)
jcv8ym53,6.66,1,2,6.66,Medium Value,One-time (1)
j9cdsiax,6.66,1,2,6.66,Medium Value,One-time (1)
httsw5ej,6.66,2,2,3.33,Medium Value,Occasional (2-3)
oycvnd6s,6.66,1,2,6.66,Medium Value,One-time (1)
99w6f70b,6.66,1,2,6.66,Medium Value,One-time (1)
6wtuj0cx,6.66,1,2,6.66,Medium Value,One-time (1)
elw8ivi3,6.640000000000001,2,2,3.3200000000000003,Medium Value,Occasional (2-3)
0fo5z7al,6.64,1,2,6.64,Medium Value,One-time (1)
zdly7i6c,6.64,1,2,6.64,Medium Value,One-time (1)
xrfcb7hm,6.64,1,2,6.64,Medium Value,One-time (1)
1hk8qxbl,6.64,1,2,6.64,Medium Value,One-time (1)
10saqtvu,6.64,1,2,6.64,Medium Value,One-time (1)
0ggp9hrn,6.64,1,2,6.64,Medium Value,One-time (1)
0iqdr42z,6.64,1,2,6.64,Medium Value,One-time (1)
b9r1o4eh,6.64,1,2,6.64,Medium Value,One-time (1)
nlk1fjje,6.64,1,2,6.64,Medium Value,One-time (1)
q90bfein,6.64,1,2,6.64,Medium Value,One-time (1)
ewiazpgi,6.64,1,2,6.64,Medium Value,One-time (1)
hhwezdtz,6.64,1,2,6.64,Medium Value,One-time (1)
ezsqm7b4,6.64,1,2,6.64,Medium Value,One-time (1)
urjhrk0z,6.64,1,2,6.64,Medium Value,One-time (1)
hh1bszsc,6.64,1,2,6.64,Medium Value,One-time (1)
4gc4ryg9,6.64,1,2,6.64,Medium Value,One-time (1)
8ak3aivs,6.64,1,2,6.64,Medium Value,One-time (1)
ojqwk45u,6.64,1,2,6.64,Medium Value,One-time (1)
ooj1f7p9,6.64,1,2,6.64,Medium Value,One-time (1)
tirc9zd7,6.64,1,2,6.64,Medium Value,One-time (1)
5l2piy5e,6.64,1,2,6.64,Medium Value,One-time (1)
jkrib0n9,6.64,1,2,6.64,Medium Value,One-time (1)
qiw6en69,6.64,1,2,6.64,Medium Value,One-time (1)
8mznn526,6.64,1,2,6.64,Medium Value,One-time (1)
ijquluf0,6.64,1,2,6.64,Medium Value,One-time (1)
44kxscae,6.64,1,2,6.64,Medium Value,One-time (1)
kecjn8ri,6.64,1,2,6.64,Medium Value,One-time (1)
rqcbubv8,6.64,1,2,6.64,Medium Value,One-time (1)
fuzsxfs9,6.64,1,2,6.64,Medium Value,One-time (1)
g1ou8isj,6.64,1,2,6.64,Medium Value,One-time (1)
8ym2gm6k,6.64,1,2,6.64,Medium Value,One-time (1)
4ivf6rmy,6.64,1,2,6.64,Medium Value,One-time (1)
vbwjivsd,6.64,1,2,6.64,Medium Value,One-time (1)
sep12ub2,6.64,1,2,6.64,Medium Value,One-time (1)
jiddr2gq,6.64,1,2,6.64,Medium Value,One-time (1)
1zvliisq,6.64,1,2,6.64,Medium Value,One-time (1)
7ihgs96a,6.64,1,2,6.64,Medium Value,One-time (1)
j6qii9zf,6.64,1,2,6.64,Medium Value,One-time (1)
vqbdk7ct,6.64,1,2,6.64,Medium Value,One-time (1)
w39mznt0,6.64,1,2,6.64,Medium Value,One-time (1)
i3d0r5dx,6.64,1,2,6.64,Medium Value,One-time (1)
9fjfizrg,6.63,1,3,6.63,Medium Value,One-time (1)
317ko7ct,6.63,1,3,6.63,Medium Value,One-time (1)
di475k65,6.63,1,3,6.63,Medium Value,One-time (1)
1zc5plab,6.63,1,3,6.63,Medium Value,One-time (1)
4wjlhya3,6.63,1,3,6.63,Medium Value,One-time (1)
5y773s9u,6.63,1,3,6.63,Medium Value,One-time (1)
n00nq96x,6.63,1,3,6.63,Medium Value,One-time (1)
nxhtnqix,6.63,1,3,6.63,Medium Value,One-time (1)
gp0apxy5,6.63,1,2,6.63,Medium Value,One-time (1)
3w7zlsfl,6.62,1,2,6.62,Medium Value,One-time (1)
ab5kq0k1,6.62,1,2,6.62,Medium Value,One-time (1)
zx0rcw3u,6.62,1,2,6.62,Medium Value,One-time (1)
199e74q4,6.62,1,2,6.62,Medium Value,One-time (1)
cm3y61jh,6.62,1,2,6.62,Medium Value,One-time (1)
0hi4ayxs,6.62,1,2,6.62,Medium Value,One-time (1)
sg9xibe7,6.62,1,2,6.62,Medium Value,One-time (1)
la0ogss3,6.62,1,2,6.62,Medium Value,One-time (1)
29cvlg1h,6.62,1,2,6.62,Medium Value,One-time (1)
lix100xf,6.62,1,2,6.62,Medium Value,One-time (1)
99mcmdwy,6.62,1,2,6.62,Medium Value,One-time (1)
j51dyhjp,6.62,1,2,6.62,Medium Value,One-time (1)
0f77dtax,6.62,1,2,6.62,Medium Value,One-time (1)
hq0pu79f,6.62,1,2,6.62,Medium Value,One-time (1)
uzd26goa,6.61,1,1,6.61,Medium Value,One-time (1)
m9ve112t,6.61,1,1,6.61,Medium Value,One-time (1)
ha2dggc5,6.61,1,2,6.61,Medium Value,One-time (1)
4lozgukr,6.6,1,2,6.6,Medium Value,One-time (1)
k6htqv58,6.6,1,2,6.6,Medium Value,One-time (1)
hlz86v6w,6.6,1,3,6.6,Medium Value,One-time (1)
m0enign7,6.6,1,1,6.6,Medium Value,One-time (1)
7cpm93up,6.6,1,2,6.6,Medium Value,One-time (1)
7fr6gkd4,6.6,1,2,6.6,Medium Value,One-time (1)
155dz4tj,6.6,1,2,6.6,Medium Value,One-time (1)
ilq8l02i,6.6,1,1,6.6,Medium Value,One-time (1)
4iiyyqw2,6.6,1,1,6.6,Medium Value,One-time (1)
7ulwxvr3,6.6,1,3,6.6,Medium Value,One-time (1)
yvy9p4pg,6.6,1,2,6.6,Medium Value,One-time (1)
7g5p7g8n,6.6,1,2,6.6,Medium Value,One-time (1)
g8mbnhz0,6.6,1,1,6.6,Medium Value,One-time (1)
88vmv14e,6.6,1,2,6.6,Medium Value,One-time (1)
hkpzq9vs,6.6,1,2,6.6,Medium Value,One-time (1)
az39pecn,6.6,1,1,6.6,Medium Value,One-time (1)
oi3a298d,6.6,1,1,6.6,Medium Value,One-time (1)
0vkw3q5p,6.6,1,2,6.6,Medium Value,One-time (1)
7jjxwrw7,6.6,1,3,6.6,Medium Value,One-time (1)
nwhimciy,6.6,1,1,6.6,Medium Value,One-time (1)
7gnu5aiv,6.6,1,2,6.6,Medium Value,One-time (1)
5yj3a407,6.6,1,2,6.6,Medium Value,One-time (1)
dkn2k7it,6.6,1,2,6.6,Medium Value,One-time (1)
b8c7cvia,6.6,1,1,6.6,Medium Value,One-time (1)
0pkqujwo,6.6,1,1,6.6,Medium Value,One-time (1)
lvobfz5b,6.6,1,2,6.6,Medium Value,One-time (1)
mkf0azun,6.6,1,2,6.6,Medium Value,One-time (1)
mfozb8g5,6.6,1,1,6.6,Medium Value,One-time (1)
qroieh9b,6.6,1,1,6.6,Medium Value,One-time (1)
odcczegb,6.6,1,1,6.6,Medium Value,One-time (1)
ilivj9xd,6.6,1,2,6.6,Medium Value,One-time (1)
a6q5roua,6.6,1,2,6.6,Medium Value,One-time (1)
zublekvl,6.6,1,2,6.6,Medium Value,One-time (1)
xneu5ds0,6.6,1,1,6.6,Medium Value,One-time (1)
zo39p5tg,6.6,1,1,6.6,Medium Value,One-time (1)
ez45cfw3,6.6,1,2,6.6,Medium Value,One-time (1)
bwv7zn1d,6.6,1,3,6.6,Medium Value,One-time (1)
k09c5tyo,6.6,1,1,6.6,Medium Value,One-time (1)
cyo8nh2a,6.6,1,2,6.6,Medium Value,One-time (1)
xflcf4t8,6.6,1,2,6.6,Medium Value,One-time (1)
ciki8444,6.6,1,1,6.6,Medium Value,One-time (1)
bk0wus7r,6.6,1,1,6.6,Medium Value,One-time (1)
w4hkw7uq,6.6,1,2,6.6,Medium Value,One-time (1)
by2owosi,6.6,1,1,6.6,Medium Value,One-time (1)
j73pdpbj,6.6,1,1,6.6,Medium Value,One-time (1)
1ude2zqv,6.6,1,1,6.6,Medium Value,One-time (1)
jy1o2rnt,6.6,1,3,6.6,Medium Value,One-time (1)
sop9bpet,6.6,1,3,6.6,Medium Value,One-time (1)
wsn5judd,6.6,1,2,6.6,Medium Value,One-time (1)
smfu0rcd,6.6,1,2,6.6,Medium Value,One-time (1)
01r9ys0g,6.58,1,2,6.58,Medium Value,One-time (1)
agr1pxkv,6.58,1,2,6.58,Medium Value,One-time (1)
450x0ltx,6.58,1,2,6.58,Medium Value,One-time (1)
tbdgd9nw,6.58,1,2,6.58,Medium Value,One-time (1)
uz2tecpn,6.58,1,2,6.58,Medium Value,One-time (1)
1z0ajhop,6.58,1,2,6.58,Medium Value,One-time (1)
va5e742g,6.58,2,2,3.29,Medium Value,Occasional (2-3)
8pgzofq3,6.58,1,2,6.58,Medium Value,One-time (1)
ykousn5n,6.56,1,2,6.56,Medium Value,One-time (1)
983ye7bx,6.56,1,2,6.56,Medium Value,One-time (1)
uqdn05xt,6.56,1,4,6.56,Medium Value,One-time (1)
i8zw81ws,6.56,1,2,6.56,Medium Value,One-time (1)
lh0bqj7z,6.56,1,2,6.56,Medium Value,One-time (1)
hesvt7ri,6.56,1,2,6.56,Medium Value,One-time (1)
o5x1gzkg,6.56,1,2,6.56,Medium Value,One-time (1)
amdcqjxp,6.56,1,2,6.56,Medium Value,One-time (1)
sdom5n1k,6.56,1,2,6.56,Medium Value,One-time (1)
uzclpx1t,6.56,1,2,6.56,Medium Value,One-time (1)
7ha752a9,6.56,1,2,6.56,Medium Value,One-time (1)
mbsnuq96,6.56,1,2,6.56,Medium Value,One-time (1)
hzykp0bw,6.56,1,2,6.56,Medium Value,One-time (1)
wjv7puhn,6.56,1,2,6.56,Medium Value,One-time (1)
eg0361jo,6.56,1,2,6.56,Medium Value,One-time (1)
27fkn1hs,6.56,1,2,6.56,Medium Value,One-time (1)
em77xwdd,6.56,1,2,6.56,Medium Value,One-time (1)
csxw3maq,6.56,1,2,6.56,Medium Value,One-time (1)
n02x6fho,6.56,1,2,6.56,Medium Value,One-time (1)
nfhw0ia1,6.56,1,2,6.56,Medium Value,One-time (1)
2qapeqw8,6.56,1,2,6.56,Medium Value,One-time (1)
hob1h80q,6.56,1,2,6.56,Medium Value,One-time (1)
lm85pnk5,6.56,1,2,6.56,Medium Value,One-time (1)
7d9alk7y,6.56,1,2,6.56,Medium Value,One-time (1)
tu1v6tuo,6.56,1,2,6.56,Medium Value,One-time (1)
88clwdxv,6.56,1,2,6.56,Medium Value,One-time (1)
ywqngijy,6.56,1,2,6.56,Medium Value,One-time (1)
6llxc3q1,6.56,1,1,6.56,Medium Value,One-time (1)
dvlj3xwx,6.56,1,2,6.56,Medium Value,One-time (1)
l0xbrli5,6.56,1,2,6.56,Medium Value,One-time (1)
t3fsjz2j,6.56,1,1,6.56,Medium Value,One-time (1)
q7ohn5im,6.56,1,2,6.56,Medium Value,One-time (1)
b0zprqnt,6.56,1,2,6.56,Medium Value,One-time (1)
3x5cqtli,6.56,1,2,6.56,Medium Value,One-time (1)
ze2ho9nd,6.56,1,2,6.56,Medium Value,One-time (1)
dq655cvb,6.56,1,2,6.56,Medium Value,One-time (1)
5bmo21ox,6.56,1,2,6.56,Medium Value,One-time (1)
56cv7736,6.56,1,2,6.56,Medium Value,One-time (1)
55izolnn,6.56,1,2,6.56,Medium Value,One-time (1)
d20g4qmq,6.56,1,2,6.56,Medium Value,One-time (1)
y4lwfdhj,6.56,1,2,6.56,Medium Value,One-time (1)
dqr6cg93,6.56,1,2,6.56,Medium Value,One-time (1)
91bu5dd2,6.56,1,2,6.56,Medium Value,One-time (1)
i20x6a0o,6.56,1,2,6.56,Medium Value,One-time (1)
fhxue5bn,6.56,1,2,6.56,Medium Value,One-time (1)
szdximyn,6.56,1,2,6.56,Medium Value,One-time (1)
gu2m5z3k,6.56,1,2,6.56,Medium Value,One-time (1)
k5qgf1ez,6.56,1,2,6.56,Medium Value,One-time (1)
47usc2g5,6.56,1,2,6.56,Medium Value,One-time (1)
ilwwz0io,6.56,1,2,6.56,Medium Value,One-time (1)
l1q6ev9y,6.56,1,2,6.56,Medium Value,One-time (1)
wkguy0of,6.55,2,2,3.275,Medium Value,Occasional (2-3)
kshfoicj,6.53,1,1,6.53,Medium Value,One-time (1)
aczl7dhr,6.53,1,1,6.53,Medium Value,One-time (1)
0kdn3tn6,6.53,2,2,3.265,Medium Value,Occasional (2-3)
y5jr9y2o,6.53,1,1,6.53,Medium Value,One-time (1)
6gs8g8ta,6.53,1,1,6.53,Medium Value,One-time (1)
h9k7skmq,6.53,1,1,6.53,Medium Value,One-time (1)
pe0h8swm,6.5,1,1,6.5,Medium Value,One-time (1)
o9izwv6m,6.5,1,1,6.5,Medium Value,One-time (1)
grl4wd2s,6.5,1,1,6.5,Medium Value,One-time (1)
3axiko3b,6.5,1,1,6.5,Medium Value,One-time (1)
fx3b4e0b,6.5,1,1,6.5,Medium Value,One-time (1)
3emfna8a,6.5,1,1,6.5,Medium Value,One-time (1)
9ak6j7k0,6.5,1,1,6.5,Medium Value,One-time (1)
aio22j1v,6.5,1,1,6.5,Medium Value,One-time (1)
2m3tv1e4,6.5,1,1,6.5,Medium Value,One-time (1)
851wpvfz,6.5,1,1,6.5,Medium Value,One-time (1)
4nn5czgs,6.5,1,1,6.5,Medium Value,One-time (1)
90vfvcc2,6.5,1,1,6.5,Medium Value,One-time (1)
w6xevy79,6.5,1,1,6.5,Medium Value,One-time (1)
ka4uknyb,6.5,1,1,6.5,Medium Value,One-time (1)
fkf2n94h,6.5,1,1,6.5,Medium Value,One-time (1)
0mr7ijc0,6.5,1,1,6.5,Medium Value,One-time (1)
ul4d9qva,6.5,1,1,6.5,Medium Value,One-time (1)
n637py03,6.5,1,1,6.5,Medium Value,One-time (1)
5lxo6qji,6.5,1,1,6.5,Medium Value,One-time (1)
ysuhdoh3,6.5,1,1,6.5,Medium Value,One-time (1)
4d4w00tb,6.5,1,1,6.5,Medium Value,One-time (1)
40gw0w1a,6.5,1,1,6.5,Medium Value,One-time (1)
g2z46eh1,6.5,1,1,6.5,Medium Value,One-time (1)
7nmdzgrj,6.5,1,1,6.5,Medium Value,One-time (1)
iv527dsx,6.5,1,2,6.5,Medium Value,One-time (1)
665t0oqd,6.5,1,1,6.5,Medium Value,One-time (1)
8zaswjf6,6.5,1,2,6.5,Medium Value,One-time (1)
t49vy65l,6.5,1,1,6.5,Medium Value,One-time (1)
qpbphgj1,6.49,1,1,6.49,Medium Value,One-time (1)
0nifrmyo,6.49,1,2,6.49,Medium Value,One-time (1)
k61i0o5b,6.48,1,3,6.48,Medium Value,One-time (1)
lvsyf5tv,6.48,1,3,6.48,Medium Value,One-time (1)
k6vkeyrl,6.48,1,2,6.48,Medium Value,One-time (1)
9zfqq94h,6.48,1,1,6.48,Medium Value,One-time (1)
jgkm999e,6.48,1,1,6.48,Medium Value,One-time (1)
zg85s9as,6.48,1,2,6.48,Medium Value,One-time (1)
jkwqferc,6.48,1,1,6.48,Medium Value,One-time (1)
929u6wtv,6.48,1,2,6.48,Medium Value,One-time (1)
8hqij3dq,6.48,1,2,6.48,Medium Value,One-time (1)
8gt1l7px,6.48,1,3,6.48,Medium Value,One-time (1)
04je7ifn,6.48,1,2,6.48,Medium Value,One-time (1)
ibqzag1c,6.48,1,2,6.48,Medium Value,One-time (1)
9767jwx4,6.48,1,2,6.48,Medium Value,One-time (1)
l9rkxxfc,6.48,1,2,6.48,Medium Value,One-time (1)
x37w2i32,6.48,1,1,6.48,Medium Value,One-time (1)
j6gpnvg9,6.48,1,2,6.48,Medium Value,One-time (1)
rykj0ave,6.48,1,2,6.48,Medium Value,One-time (1)
m6dkom91,6.48,1,2,6.48,Medium Value,One-time (1)
qi4vmttw,6.48,1,1,6.48,Medium Value,One-time (1)
v0lk1qgq,6.48,1,1,6.48,Medium Value,One-time (1)
qmt6bqfi,6.48,1,1,6.48,Medium Value,One-time (1)
co76o8qh,6.48,1,2,6.48,Medium Value,One-time (1)
xle6md1d,6.48,1,2,6.48,Medium Value,One-time (1)
r43pj8eq,6.48,1,1,6.48,Medium Value,One-time (1)
gay86x7e,6.48,1,1,6.48,Medium Value,One-time (1)
rdlvm6dz,6.48,1,1,6.48,Medium Value,One-time (1)
rh07h8tx,6.48,1,3,6.48,Medium Value,One-time (1)
4ngtozes,6.48,1,2,6.48,Medium Value,One-time (1)
tchygtmo,6.48,1,1,6.48,Medium Value,One-time (1)
s1hlf3qj,6.48,1,1,6.48,Medium Value,One-time (1)
38wrp5nx,6.48,1,2,6.48,Medium Value,One-time (1)
sj7a8fte,6.48,1,2,6.48,Medium Value,One-time (1)
xvh7katq,6.48,1,2,6.48,Medium Value,One-time (1)
sjfvgvyk,6.48,1,2,6.48,Medium Value,One-time (1)
f3vrq9id,6.48,1,2,6.48,Medium Value,One-time (1)
xs60b5my,6.48,1,3,6.48,Medium Value,One-time (1)
ubf0ih7z,6.48,1,2,6.48,Medium Value,One-time (1)
ticzsvj2,6.48,1,2,6.48,Medium Value,One-time (1)
115boiym,6.48,1,1,6.48,Medium Value,One-time (1)
5nms6xvq,6.48,1,2,6.48,Medium Value,One-time (1)
b0ywsw2r,6.48,1,2,6.48,Medium Value,One-time (1)
expl2uw8,6.48,1,2,6.48,Medium Value,One-time (1)
cck10p12,6.48,1,2,6.48,Medium Value,One-time (1)
mnj1vjyc,6.48,1,2,6.48,Medium Value,One-time (1)
7m5hoi2z,6.48,1,2,6.48,Medium Value,One-time (1)
wjhc9cbg,6.48,1,1,6.48,Medium Value,One-time (1)
w489n2ia,6.48,1,2,6.48,Medium Value,One-time (1)
2gn00tmc,6.48,1,2,6.48,Medium Value,One-time (1)
ct8kuwj2,6.48,1,1,6.48,Medium Value,One-time (1)
yyz471ax,6.48,1,2,6.48,Medium Value,One-time (1)
7arujlan,6.48,1,2,6.48,Medium Value,One-time (1)
75h2disn,6.48,1,2,6.48,Medium Value,One-time (1)
air8d2sp,6.48,1,2,6.48,Medium Value,One-time (1)
hg2cqj7o,6.48,1,2,6.48,Medium Value,One-time (1)
viyr3be8,6.48,1,2,6.48,Medium Value,One-time (1)
6uomi999,6.48,1,2,6.48,Medium Value,One-time (1)
2o4westx,6.48,1,2,6.48,Medium Value,One-time (1)
oh7zrqlc,6.48,1,2,6.48,Medium Value,One-time (1)
ozkir3uq,6.48,1,3,6.48,Medium Value,One-time (1)
1tv4b81c,6.48,1,1,6.48,Medium Value,One-time (1)
5xqrzwq9,6.48,1,3,6.48,Medium Value,One-time (1)
tedsjeo4,6.48,1,3,6.48,Medium Value,One-time (1)
4ldimsyj,6.47,2,2,3.235,Medium Value,Occasional (2-3)
uld4e3uo,6.46,1,2,6.46,Medium Value,One-time (1)
xbgisql8,6.46,1,2,6.46,Medium Value,One-time (1)
m2mv5cvc,6.46,1,2,6.46,Medium Value,One-time (1)
rvj0j3lj,6.46,1,2,6.46,Medium Value,One-time (1)
87smi7wo,6.46,1,2,6.46,Medium Value,One-time (1)
gvo6ojja,6.44,1,2,6.44,Medium Value,One-time (1)
eu8dccnf,6.44,1,1,6.44,Medium Value,One-time (1)
u07w1n50,6.44,1,2,6.44,Medium Value,One-time (1)
mc2aawfg,6.44,1,2,6.44,Medium Value,One-time (1)
s5eg7iry,6.44,1,1,6.44,Medium Value,One-time (1)
38daly8o,6.44,2,2,3.22,Medium Value,Occasional (2-3)
e958ried,6.43,1,3,6.43,Medium Value,One-time (1)
0l02y9zy,6.43,1,3,6.43,Medium Value,One-time (1)
89tr4f47,6.43,1,3,6.43,Medium Value,One-time (1)
h4oqcb3o,6.43,1,2,6.43,Medium Value,One-time (1)
k0a18hyg,6.43,1,2,6.43,Medium Value,One-time (1)
jmprbjgx,6.43,1,2,6.43,Medium Value,One-time (1)
4ajmmuzu,6.43,1,2,6.43,Medium Value,One-time (1)
t5rnogdj,6.43,1,3,6.43,Medium Value,One-time (1)
t63j3r30,6.42,1,2,6.42,Medium Value,One-time (1)
kw8nml6k,6.42,1,2,6.42,Medium Value,One-time (1)
luii05vf,6.42,1,2,6.42,Medium Value,One-time (1)
dnb91jry,6.42,1,2,6.42,Medium Value,One-time (1)
lutxthtu,6.42,1,2,6.42,Medium Value,One-time (1)
puaxe9p9,6.42,1,2,6.42,Medium Value,One-time (1)
zzx0tgw1,6.42,1,2,6.42,Medium Value,One-time (1)
chigurur,6.42,1,2,6.42,Medium Value,One-time (1)
crynsqhk,6.42,1,2,6.42,Medium Value,One-time (1)
44tonznq,6.42,1,2,6.42,Medium Value,One-time (1)
hxodlctt,6.41,2,2,3.205,Medium Value,Occasional (2-3)
gi2nj3dk,6.41,1,2,6.41,Medium Value,One-time (1)
2o4m84p4,6.41,2,2,3.205,Medium Value,Occasional (2-3)
6qf1pafl,6.41,2,2,3.205,Medium Value,Occasional (2-3)
egt1rxnp,6.41,1,2,6.41,Medium Value,One-time (1)
ramqut8t,6.4,1,2,6.4,Medium Value,One-time (1)
97w2ikaq,6.4,1,1,6.4,Medium Value,One-time (1)
puvrophm,6.4,1,2,6.4,Medium Value,One-time (1)
wii7t9b0,6.4,1,1,6.4,Medium Value,One-time (1)
mmbcnxc8,6.4,1,2,6.4,Medium Value,One-time (1)
x7z599vl,6.4,1,1,6.4,Medium Value,One-time (1)
2fwoij03,6.4,1,2,6.4,Medium Value,One-time (1)
qsjne4ir,6.4,1,2,6.4,Medium Value,One-time (1)
nkqm9v61,6.4,1,1,6.4,Medium Value,One-time (1)
34fcw7mp,6.4,1,2,6.4,Medium Value,One-time (1)
cxcpl90h,6.4,1,2,6.4,Medium Value,One-time (1)
vvnum80c,6.4,1,2,6.4,Medium Value,One-time (1)
mps4l7mf,6.4,1,2,6.4,Medium Value,One-time (1)
kjcrf0kp,6.4,1,1,6.4,Medium Value,One-time (1)
rv4eibkp,6.4,1,2,6.4,Medium Value,One-time (1)
61vz1jy8,6.4,1,2,6.4,Medium Value,One-time (1)
l2vcwiq5,6.4,1,2,6.4,Medium Value,One-time (1)
vtu1cf2b,6.4,1,2,6.4,Medium Value,One-time (1)
3f40k20w,6.4,1,2,6.4,Medium Value,One-time (1)
4f7gsv7n,6.4,1,1,6.4,Medium Value,One-time (1)
fupcdonw,6.4,1,1,6.4,Medium Value,One-time (1)
iqgpqok0,6.4,1,1,6.4,Medium Value,One-time (1)
8lvi8u93,6.4,1,1,6.4,Medium Value,One-time (1)
isd6hned,6.4,1,2,6.4,Medium Value,One-time (1)
mov2hj1k,6.4,1,2,6.4,Medium Value,One-time (1)
6b2c3vki,6.4,1,2,6.4,Medium Value,One-time (1)
2ifriok4,6.4,1,1,6.4,Medium Value,One-time (1)
hgazojq3,6.4,1,1,6.4,Medium Value,One-time (1)
ewfmsogt,6.4,1,2,6.4,Medium Value,One-time (1)
wdmtv8hu,6.4,1,1,6.4,Medium Value,One-time (1)
m681l0t3,6.4,1,1,6.4,Medium Value,One-time (1)
rqoip4jz,6.4,1,1,6.4,Medium Value,One-time (1)
891o72u6,6.4,1,2,6.4,Medium Value,One-time (1)
5z15ur98,6.4,1,2,6.4,Medium Value,One-time (1)
6p9dk8g8,6.4,1,2,6.4,Medium Value,One-time (1)
6189h3kf,6.4,1,2,6.4,Medium Value,One-time (1)
gf7bhdzh,6.4,1,1,6.4,Medium Value,One-time (1)
zqrpvrzj,6.4,1,1,6.4,Medium Value,One-time (1)
1g31gv7m,6.4,1,1,6.4,Medium Value,One-time (1)
7tz42mhg,6.4,1,1,6.4,Medium Value,One-time (1)
ebqa42zz,6.4,1,1,6.4,Medium Value,One-time (1)
q0e1z1ep,6.4,1,2,6.4,Medium Value,One-time (1)
g35arl9c,6.4,1,1,6.4,Medium Value,One-time (1)
fd88juqb,6.4,1,1,6.4,Medium Value,One-time (1)
rlrkhazy,6.4,1,2,6.4,Medium Value,One-time (1)
4o5lybeh,6.39,1,3,6.39,Medium Value,One-time (1)
4koovbz6,6.39,1,3,6.39,Medium Value,One-time (1)
3ij45xor,6.39,1,3,6.39,Medium Value,One-time (1)
34p5uq7q,6.39,1,3,6.39,Medium Value,One-time (1)
95b5f3yq,6.38,1,2,6.38,Medium Value,One-time (1)
7u8wr4s4,6.38,1,2,6.38,Medium Value,One-time (1)
p1obyk9n,6.38,1,2,6.38,Medium Value,One-time (1)
0mmzeok7,6.38,1,2,6.38,Medium Value,One-time (1)
8qyn3fc2,6.38,1,2,6.38,Medium Value,One-time (1)
vkdipjh8,6.38,1,2,6.38,Medium Value,One-time (1)
la8s8hmb,6.38,1,2,6.38,Medium Value,One-time (1)
xx7mvbsl,6.38,1,2,6.38,Medium Value,One-time (1)
e7dymlwl,6.38,1,2,6.38,Medium Value,One-time (1)
705jqimo,6.38,1,2,6.38,Medium Value,One-time (1)
z0hysyyo,6.38,1,2,6.38,Medium Value,One-time (1)
suy360pg,6.38,1,2,6.38,Medium Value,One-time (1)
v4izmfj3,6.37,1,1,6.37,Medium Value,One-time (1)
89jsk8kn,6.37,1,1,6.37,Medium Value,One-time (1)
9d59bjus,6.37,1,1,6.37,Medium Value,One-time (1)
p2un38dx,6.37,1,1,6.37,Medium Value,One-time (1)
kb19gs2u,6.37,1,1,6.37,Medium Value,One-time (1)
85k7nzvs,6.37,1,1,6.37,Medium Value,One-time (1)
1te2kleo,6.37,1,1,6.37,Medium Value,One-time (1)
6j623mst,6.37,1,1,6.37,Medium Value,One-time (1)
cqejcmzd,6.37,1,1,6.37,Medium Value,One-time (1)
g00nn7xv,6.37,1,1,6.37,Medium Value,One-time (1)
78rapkia,6.37,1,1,6.37,Medium Value,One-time (1)
uex55d7f,6.37,1,1,6.37,Medium Value,One-time (1)
gdq3tuqi,6.37,1,1,6.37,Medium Value,One-time (1)
n0tz3e9b,6.37,1,1,6.37,Medium Value,One-time (1)
qjwsuvg0,6.37,1,1,6.37,Medium Value,One-time (1)
s9iobmsy,6.37,1,1,6.37,Medium Value,One-time (1)
4mbf35b5,6.37,1,1,6.37,Medium Value,One-time (1)
79wnl1xe,6.37,1,1,6.37,Medium Value,One-time (1)
5abu0odk,6.37,1,1,6.37,Medium Value,One-time (1)
dhfwgwut,6.37,1,1,6.37,Medium Value,One-time (1)
n0oqq8at,6.37,1,1,6.37,Medium Value,One-time (1)
4ov4d92t,6.37,1,1,6.37,Medium Value,One-time (1)
el3xfrxa,6.37,1,1,6.37,Medium Value,One-time (1)
iffjghit,6.37,1,1,6.37,Medium Value,One-time (1)
mea0cqcf,6.37,1,1,6.37,Medium Value,One-time (1)
nkur1h89,6.37,1,1,6.37,Medium Value,One-time (1)
634lj5fx,6.37,1,1,6.37,Medium Value,One-time (1)
hiy80wxl,6.37,1,1,6.37,Medium Value,One-time (1)
gt7ockva,6.37,1,1,6.37,Medium Value,One-time (1)
sbzho2ed,6.37,1,1,6.37,Medium Value,One-time (1)
oy53nfwu,6.37,1,1,6.37,Medium Value,One-time (1)
g0v1dwle,6.37,1,1,6.37,Medium Value,One-time (1)
kzcdet70,6.37,1,1,6.37,Medium Value,One-time (1)
otk2bkpu,6.37,1,1,6.37,Medium Value,One-time (1)
2hylsaas,6.36,1,3,6.36,Medium Value,One-time (1)
0l2c8ek6,6.36,1,3,6.36,Medium Value,One-time (1)
c12dbjry,6.36,1,2,6.36,Medium Value,One-time (1)
8suoc1y5,6.36,2,2,3.18,Medium Value,Occasional (2-3)
03im5q9n,6.36,1,2,6.36,Medium Value,One-time (1)
f8wxkk2a,6.36,1,2,6.36,Medium Value,One-time (1)
eeqee9y1,6.36,1,3,6.36,Medium Value,One-time (1)
d2fh4w6b,6.36,1,3,6.36,Medium Value,One-time (1)
fny9km77,6.36,1,3,6.36,Medium Value,One-time (1)
xk90go0c,6.36,1,2,6.36,Medium Value,One-time (1)
rwvtqy78,6.36,1,3,6.36,Medium Value,One-time (1)
0mxfntna,6.36,1,3,6.36,Medium Value,One-time (1)
djk7d3a4,6.35,1,2,6.35,Medium Value,One-time (1)
wa5suhn1,6.35,1,2,6.35,Medium Value,One-time (1)
l2w6v60o,6.35,1,3,6.35,Medium Value,One-time (1)
s3tb0ngz,6.34,1,2,6.34,Medium Value,One-time (1)
lg1vjjd2,6.34,1,2,6.34,Medium Value,One-time (1)
17h8bqxx,6.34,1,2,6.34,Medium Value,One-time (1)
yim138ad,6.34,1,2,6.34,Medium Value,One-time (1)
64jtsx1y,6.34,1,2,6.34,Medium Value,One-time (1)
j4gfonfm,6.34,1,2,6.34,Medium Value,One-time (1)
5cf72gnn,6.34,2,2,3.17,Medium Value,Occasional (2-3)
o1ipjosc,6.34,1,2,6.34,Medium Value,One-time (1)
7l9f52l9,6.34,1,2,6.34,Medium Value,One-time (1)
kda6n9pd,6.34,1,2,6.34,Medium Value,One-time (1)
qj3esdmv,6.34,1,2,6.34,Medium Value,One-time (1)
27yh6uam,6.34,1,2,6.34,Medium Value,One-time (1)
r2zjg4g8,6.34,1,2,6.34,Medium Value,One-time (1)
qzv96zem,6.34,1,2,6.34,Medium Value,One-time (1)
fv5rqpdh,6.34,1,2,6.34,Medium Value,One-time (1)
nqaylpdf,6.34,1,2,6.34,Medium Value,One-time (1)
3bottugl,6.34,1,2,6.34,Medium Value,One-time (1)
85ciqpuo,6.33,1,1,6.33,Medium Value,One-time (1)
db07h9rq,6.33,1,1,6.33,Medium Value,One-time (1)
690xk0w9,6.33,1,1,6.33,Medium Value,One-time (1)
y3w3osno,6.33,1,1,6.33,Medium Value,One-time (1)
7hdmfxcy,6.33,1,1,6.33,Medium Value,One-time (1)
d60d6ced,6.33,1,1,6.33,Medium Value,One-time (1)
erkm53rg,6.33,1,1,6.33,Medium Value,One-time (1)
j6o57sm3,6.33,1,1,6.33,Medium Value,One-time (1)
lkifwgoj,6.33,1,1,6.33,Medium Value,One-time (1)
98g8hkvg,6.33,1,1,6.33,Medium Value,One-time (1)
br1r6ing,6.33,1,1,6.33,Medium Value,One-time (1)
c2pph3sc,6.33,1,1,6.33,Medium Value,One-time (1)
lzfv6f1f,6.33,1,1,6.33,Medium Value,One-time (1)
6bqy0azp,6.33,1,1,6.33,Medium Value,One-time (1)
12e0ilfb,6.33,1,1,6.33,Medium Value,One-time (1)
upcxlsjw,6.33,1,1,6.33,Medium Value,One-time (1)
jeyn9382,6.32,2,2,3.16,Medium Value,Occasional (2-3)
xb6e47fw,6.3,1,1,6.3,Medium Value,One-time (1)
jnzm0c4l,6.3,1,1,6.3,Medium Value,One-time (1)
g1a504w8,6.3,1,1,6.3,Medium Value,One-time (1)
g9orym1m,6.3,1,1,6.3,Medium Value,One-time (1)
po8p39wv,6.3,1,1,6.3,Medium Value,One-time (1)
c6jpni2k,6.3,1,1,6.3,Medium Value,One-time (1)
du7u4z80,6.3,1,1,6.3,Medium Value,One-time (1)
72uhm0ci,6.3,1,2,6.3,Medium Value,One-time (1)
g68arj10,6.3,1,1,6.3,Medium Value,One-time (1)
73nwwhea,6.3,1,3,6.3,Medium Value,One-time (1)
vu7j1lqt,6.3,1,1,6.3,Medium Value,One-time (1)
l1zez0ql,6.3,1,1,6.3,Medium Value,One-time (1)
hq6dg8nk,6.3,1,1,6.3,Medium Value,One-time (1)
0a9zogd2,6.3,1,1,6.3,Medium Value,One-time (1)
pofbvh8i,6.3,1,1,6.3,Medium Value,One-time (1)
87j9fnk2,6.3,1,1,6.3,Medium Value,One-time (1)
mt05vc9q,6.3,1,1,6.3,Medium Value,One-time (1)
z4ikwwkq,6.3,1,1,6.3,Medium Value,One-time (1)
3c1xid4j,6.3,1,1,6.3,Medium Value,One-time (1)
xrywxh3j,6.3,1,1,6.3,Medium Value,One-time (1)
xkwl994a,6.3,1,2,6.3,Medium Value,One-time (1)
lnfdoj1x,6.3,1,1,6.3,Medium Value,One-time (1)
kvfayqj8,6.3,1,1,6.3,Medium Value,One-time (1)
ge7lb1dj,6.3,1,2,6.3,Medium Value,One-time (1)
jy16k1mw,6.3,1,2,6.3,Medium Value,One-time (1)
smizktp7,6.3,1,1,6.3,Medium Value,One-time (1)
v1mdzxne,6.3,1,1,6.3,Medium Value,One-time (1)
3ihjqyzg,6.3,1,1,6.3,Medium Value,One-time (1)
1okbxspv,6.3,1,1,6.3,Medium Value,One-time (1)
jgvj2c5r,6.3,1,1,6.3,Medium Value,One-time (1)
2sb8dey6,6.3,1,3,6.3,Medium Value,One-time (1)
wwbh5nn9,6.3,1,1,6.3,Medium Value,One-time (1)
fj9ke98c,6.3,1,1,6.3,Medium Value,One-time (1)
mrznrluc,6.3,1,1,6.3,Medium Value,One-time (1)
wdr4b8ov,6.3,1,1,6.3,Medium Value,One-time (1)
da5qjqf3,6.3,1,1,6.3,Medium Value,One-time (1)
fz9gi2am,6.29,1,1,6.29,Medium Value,One-time (1)
6eavuulv,6.29,1,1,6.29,Medium Value,One-time (1)
ne4n2lc9,6.29,1,1,6.29,Medium Value,One-time (1)
dtbh55rb,6.29,2,2,3.145,Medium Value,Occasional (2-3)
kjm6jew0,6.29,1,1,6.29,Medium Value,One-time (1)
9xuy41ib,6.29,1,1,6.29,Medium Value,One-time (1)
ogtdrej8,6.29,1,1,6.29,Medium Value,One-time (1)
2lsrquzk,6.29,1,1,6.29,Medium Value,One-time (1)
zyfjpqol,6.29,1,1,6.29,Medium Value,One-time (1)
w00aedwi,6.29,1,1,6.29,Medium Value,One-time (1)
cpkjcslq,6.29,1,1,6.29,Medium Value,One-time (1)
196kqd7q,6.28,1,2,6.28,Medium Value,One-time (1)
pr3uhgfa,6.28,1,2,6.28,Medium Value,One-time (1)
gz8wanpy,6.28,1,2,6.28,Medium Value,One-time (1)
7nxp0jf6,6.28,1,2,6.28,Medium Value,One-time (1)
xo3mjqed,6.28,1,2,6.28,Medium Value,One-time (1)
fwsj62ma,6.28,1,2,6.28,Medium Value,One-time (1)
x43wfsqg,6.28,2,2,3.14,Medium Value,Occasional (2-3)
5zxagvyq,6.28,1,2,6.28,Medium Value,One-time (1)
jcgwrqgo,6.28,1,2,6.28,Medium Value,One-time (1)
7d345ojv,6.28,1,2,6.28,Medium Value,One-time (1)
6ul1h0b1,6.28,1,2,6.28,Medium Value,One-time (1)
j4kii1nq,6.28,1,2,6.28,Medium Value,One-time (1)
y9gcp3hy,6.28,1,2,6.28,Medium Value,One-time (1)
auqi3t9r,6.28,1,2,6.28,Medium Value,One-time (1)
fqka6wg2,6.28,1,2,6.28,Medium Value,One-time (1)
qzzkw3gi,6.28,1,2,6.28,Medium Value,One-time (1)
1d8chrgc,6.28,1,2,6.28,Medium Value,One-time (1)
hjg3u8zd,6.28,1,2,6.28,Medium Value,One-time (1)
5b4m8mq7,6.28,1,2,6.28,Medium Value,One-time (1)
pe4zbsvb,6.28,1,2,6.28,Medium Value,One-time (1)
r2enuf10,6.28,1,2,6.28,Medium Value,One-time (1)
8x6wqe6e,6.28,1,2,6.28,Medium Value,One-time (1)
50vhabda,6.28,1,2,6.28,Medium Value,One-time (1)
qxospmg9,6.28,1,2,6.28,Medium Value,One-time (1)
qk5ol0qv,6.28,1,2,6.28,Medium Value,One-time (1)
wvfmu4i5,6.28,1,2,6.28,Medium Value,One-time (1)
09r68ipp,6.28,1,2,6.28,Medium Value,One-time (1)
mk81ma5e,6.27,1,3,6.27,Medium Value,One-time (1)
esx98gst,6.27,1,2,6.27,Medium Value,One-time (1)
dhnung89,6.27,1,3,6.27,Medium Value,One-time (1)
ek616cnh,6.27,1,2,6.27,Medium Value,One-time (1)
qayqgnfk,6.27,1,3,6.27,Medium Value,One-time (1)
2c52v2w8,6.27,1,3,6.27,Medium Value,One-time (1)
nyusqxbr,6.27,1,3,6.27,Medium Value,One-time (1)
zsb6zwkh,6.27,1,3,6.27,Medium Value,One-time (1)
9ithtyud,6.27,1,3,6.27,Medium Value,One-time (1)
qfurc6gr,6.27,1,3,6.27,Medium Value,One-time (1)
lwi9xyer,6.27,1,3,6.27,Medium Value,One-time (1)
do298tbp,6.27,1,3,6.27,Medium Value,One-time (1)
w5dbevnl,6.27,1,3,6.27,Medium Value,One-time (1)
bub5fe3h,6.26,1,2,6.26,Medium Value,One-time (1)
trvzbeua,6.26,1,2,6.26,Medium Value,One-time (1)
o1vwdkyz,6.26,1,2,6.26,Medium Value,One-time (1)
92sjp753,6.26,1,2,6.26,Medium Value,One-time (1)
613w72a4,6.26,1,2,6.26,Medium Value,One-time (1)
owrs1fxi,6.26,1,2,6.26,Medium Value,One-time (1)
9mqg7svg,6.26,1,2,6.26,Medium Value,One-time (1)
mmcxga70,6.26,1,2,6.26,Medium Value,One-time (1)
h44n38lb,6.26,1,2,6.26,Medium Value,One-time (1)
czazrqtj,6.26,1,2,6.26,Medium Value,One-time (1)
9dlafnna,6.26,1,2,6.26,Medium Value,One-time (1)
7lkdlw5h,6.26,1,2,6.26,Medium Value,One-time (1)
p6mkt7s1,6.26,1,2,6.26,Medium Value,One-time (1)
p5yro1wo,6.26,1,2,6.26,Medium Value,One-time (1)
gilitfhp,6.26,1,2,6.26,Medium Value,One-time (1)
d3yxe394,6.26,1,2,6.26,Medium Value,One-time (1)
hi3x37r2,6.26,1,2,6.26,Medium Value,One-time (1)
mfdleuql,6.26,1,2,6.26,Medium Value,One-time (1)
f3b9au2q,6.26,1,2,6.26,Medium Value,One-time (1)
vbspfrcw,6.26,1,2,6.26,Medium Value,One-time (1)
ryvhuicm,6.26,1,2,6.26,Medium Value,One-time (1)
wxzmcg1o,6.26,1,2,6.26,Medium Value,One-time (1)
rdfac6ts,6.26,1,2,6.26,Medium Value,One-time (1)
wi6oeb1s,6.26,1,2,6.26,Medium Value,One-time (1)
1qqzq3h7,6.26,1,2,6.26,Medium Value,One-time (1)
hgwuf3q7,6.26,1,2,6.26,Medium Value,One-time (1)
6kwmbcm4,6.26,1,2,6.26,Medium Value,One-time (1)
jy5162mw,6.26,1,2,6.26,Medium Value,One-time (1)
uocq0tfc,6.26,1,2,6.26,Medium Value,One-time (1)
i6maskr9,6.26,1,2,6.26,Medium Value,One-time (1)
49emp3cf,6.26,1,2,6.26,Medium Value,One-time (1)
guqj4bq2,6.26,1,2,6.26,Medium Value,One-time (1)
jhk86vs5,6.26,1,2,6.26,Medium Value,One-time (1)
1s18ztuy,6.26,1,2,6.26,Medium Value,One-time (1)
5y0v38qr,6.26,1,2,6.26,Medium Value,One-time (1)
zh77mm1c,6.25,1,1,6.25,Medium Value,One-time (1)
2x570csk,6.25,1,1,6.25,Medium Value,One-time (1)
9urbrrea,6.25,1,1,6.25,Medium Value,One-time (1)
azu0zxv9,6.25,1,1,6.25,Medium Value,One-time (1)
bka37eu6,6.24,1,2,6.24,Medium Value,One-time (1)
wxpyv6n8,6.24,1,2,6.24,Medium Value,One-time (1)
xoch8diy,6.24,1,2,6.24,Medium Value,One-time (1)
iaaa2y23,6.24,1,2,6.24,Medium Value,One-time (1)
lwd7t44r,6.24,1,2,6.24,Medium Value,One-time (1)
33jhzguq,6.24,1,2,6.24,Medium Value,One-time (1)
ey09bi3z,6.24,1,2,6.24,Medium Value,One-time (1)
xled5fsm,6.24,1,2,6.24,Medium Value,One-time (1)
arw6d711,6.24,1,2,6.24,Medium Value,One-time (1)
250r8jbr,6.24,1,2,6.24,Medium Value,One-time (1)
88eij1cb,6.24,1,2,6.24,Medium Value,One-time (1)
8j6inrar,6.24,1,2,6.24,Medium Value,One-time (1)
kxottfqu,6.24,1,2,6.24,Medium Value,One-time (1)
2rwpb9c8,6.24,1,2,6.24,Medium Value,One-time (1)
57fpndp4,6.24,1,2,6.24,Medium Value,One-time (1)
hgv6747d,6.24,1,1,6.24,Medium Value,One-time (1)
m1d2yb4r,6.24,1,3,6.24,Medium Value,One-time (1)
ujwka00z,6.24,1,2,6.24,Medium Value,One-time (1)
8sm5n9yb,6.24,1,2,6.24,Medium Value,One-time (1)
8fj49rsy,6.24,1,3,6.24,Medium Value,One-time (1)
6x73zca7,6.23,2,2,3.115,Medium Value,Occasional (2-3)
pz64yevj,6.23,1,2,6.23,Medium Value,One-time (1)
mpd7z4ks,6.220000000000001,2,2,3.1100000000000003,Medium Value,Occasional (2-3)
9kypofkj,6.220000000000001,2,2,3.1100000000000003,Medium Value,Occasional (2-3)
3tzo5pvw,6.22,1,2,6.22,Medium Value,One-time (1)
bkh8zub0,6.22,1,2,6.22,Medium Value,One-time (1)
8m04bnys,6.21,1,3,6.21,Medium Value,One-time (1)
ncbaos5r,6.21,1,3,6.21,Medium Value,One-time (1)
s54hv6qi,6.21,1,3,6.21,Medium Value,One-time (1)
my1uasdk,6.21,1,3,6.21,Medium Value,One-time (1)
kdts1fb2,6.21,1,3,6.21,Medium Value,One-time (1)
q5nx8jb7,6.21,1,3,6.21,Medium Value,One-time (1)
3mw7qjlc,6.21,1,1,6.21,Medium Value,One-time (1)
7rk90lth,6.21,1,3,6.21,Medium Value,One-time (1)
1fg77sp0,6.21,1,3,6.21,Medium Value,One-time (1)
33dcnf22,6.21,2,2,3.105,Medium Value,Occasional (2-3)
n4ndwjfz,6.2,1,2,6.2,Medium Value,One-time (1)
k4xm07os,6.2,1,2,6.2,Medium Value,One-time (1)
hgeawco2,6.2,1,2,6.2,Medium Value,One-time (1)
fkxlfbc0,6.2,1,2,6.2,Medium Value,One-time (1)
wfmjglkh,6.2,1,2,6.2,Medium Value,One-time (1)
otb8wbvr,6.2,1,1,6.2,Medium Value,One-time (1)
2azahcrb,6.19,1,1,6.19,Medium Value,One-time (1)
sumh3b0n,6.19,1,1,6.19,Medium Value,One-time (1)
rvn3w27t,6.19,1,1,6.19,Medium Value,One-time (1)
rgks9wse,6.19,1,2,6.19,Medium Value,One-time (1)
opjuaeem,6.18,1,2,6.18,Medium Value,One-time (1)
hrlwyh06,6.18,1,3,6.18,Medium Value,One-time (1)
4wbfcy93,6.18,1,1,6.18,Medium Value,One-time (1)
va8s3676,6.18,1,3,6.18,Medium Value,One-time (1)
l3vymrzw,6.18,1,2,6.18,Medium Value,One-time (1)
3p8p833w,6.18,1,1,6.18,Medium Value,One-time (1)
zxsm5v29,6.18,1,1,6.18,Medium Value,One-time (1)
okylua6m,6.18,1,2,6.18,Medium Value,One-time (1)
sag5o0no,6.18,1,2,6.18,Medium Value,One-time (1)
kce150rc,6.18,1,2,6.18,Medium Value,One-time (1)
64b5u8wb,6.18,1,1,6.18,Medium Value,One-time (1)
g9zvrx3u,6.18,1,1,6.18,Medium Value,One-time (1)
3a3fynwx,6.18,1,3,6.18,Medium Value,One-time (1)
y30xj1e2,6.18,1,1,6.18,Medium Value,One-time (1)
eannal13,6.18,1,2,6.18,Medium Value,One-time (1)
iap3qu67,6.18,1,1,6.18,Medium Value,One-time (1)
g5ub8oxk,6.18,1,1,6.18,Medium Value,One-time (1)
w09r99eh,6.18,1,1,6.18,Medium Value,One-time (1)
vbdas4mz,6.18,1,3,6.18,Medium Value,One-time (1)
ild8j241,6.18,1,2,6.18,Medium Value,One-time (1)
y8nyfwdc,6.18,1,2,6.18,Medium Value,One-time (1)
ydbolmxf,6.18,1,2,6.18,Medium Value,One-time (1)
8z7af8xx,6.18,1,1,6.18,Medium Value,One-time (1)
r91462hw,6.18,1,2,6.18,Medium Value,One-time (1)
logm6oln,6.18,1,1,6.18,Medium Value,One-time (1)
ey7md2kk,6.18,1,1,6.18,Medium Value,One-time (1)
1rkmkk4r,6.18,1,1,6.18,Medium Value,One-time (1)
ak9soum4,6.18,1,2,6.18,Medium Value,One-time (1)
k8ki2rcd,6.18,1,2,6.18,Medium Value,One-time (1)
ansifb4g,6.18,1,2,6.18,Medium Value,One-time (1)
k2u0zvfi,6.17,1,1,6.17,Medium Value,One-time (1)
bdvv2p8s,6.17,1,1,6.17,Medium Value,One-time (1)
ha4q4ia3,6.17,1,1,6.17,Medium Value,One-time (1)
j7ta9hz7,6.17,1,1,6.17,Medium Value,One-time (1)
movgy1y6,6.17,1,1,6.17,Medium Value,One-time (1)
fle0mytu,6.17,1,1,6.17,Medium Value,One-time (1)
zhdd49h0,6.17,1,1,6.17,Medium Value,One-time (1)
uxuknaar,6.17,1,1,6.17,Medium Value,One-time (1)
xtmaqsey,6.17,1,1,6.17,Medium Value,One-time (1)
eog9dlsa,6.17,1,1,6.17,Medium Value,One-time (1)
oz6afuej,6.17,1,1,6.17,Medium Value,One-time (1)
gqqcwclq,6.17,1,1,6.17,Medium Value,One-time (1)
mcq4v703,6.17,1,1,6.17,Medium Value,One-time (1)
towacx41,6.17,1,1,6.17,Medium Value,One-time (1)
6rjehw4y,6.17,1,1,6.17,Medium Value,One-time (1)
lpelyuyb,6.17,1,1,6.17,Medium Value,One-time (1)
3phjcpi5,6.17,1,1,6.17,Medium Value,One-time (1)
39ujw1t7,6.17,1,1,6.17,Medium Value,One-time (1)
reysd2nk,6.17,1,1,6.17,Medium Value,One-time (1)
gwa7h2pi,6.17,1,1,6.17,Medium Value,One-time (1)
i2nr1p02,6.17,1,1,6.17,Medium Value,One-time (1)
wev0icv7,6.17,1,1,6.17,Medium Value,One-time (1)
2joauz2c,6.17,1,1,6.17,Medium Value,One-time (1)
vpurf16y,6.17,1,1,6.17,Medium Value,One-time (1)
p4vgcvfp,6.17,1,1,6.17,Medium Value,One-time (1)
gge0kcjt,6.17,1,1,6.17,Medium Value,One-time (1)
pjnjdcve,6.17,1,1,6.17,Medium Value,One-time (1)
o2tc977p,6.17,1,1,6.17,Medium Value,One-time (1)
rgpzoxcs,6.17,1,1,6.17,Medium Value,One-time (1)
pma1l2e0,6.17,1,1,6.17,Medium Value,One-time (1)
8uuy2hhy,6.17,1,1,6.17,Medium Value,One-time (1)
0ey483mc,6.17,1,2,6.17,Medium Value,One-time (1)
offtclsx,6.17,1,1,6.17,Medium Value,One-time (1)
8yp7btgn,6.17,1,1,6.17,Medium Value,One-time (1)
6np8b01r,6.17,1,1,6.17,Medium Value,One-time (1)
xnlxxdup,6.17,1,1,6.17,Medium Value,One-time (1)
guf8f8yk,6.17,1,1,6.17,Medium Value,One-time (1)
w0wlqyl2,6.17,1,1,6.17,Medium Value,One-time (1)
1vmpbwm0,6.17,1,1,6.17,Medium Value,One-time (1)
7ozmlzwb,6.17,1,1,6.17,Medium Value,One-time (1)
ujjcsexg,6.17,1,1,6.17,Medium Value,One-time (1)
pbw96giy,6.16,1,2,6.16,Medium Value,One-time (1)
kcpastbs,6.16,1,2,6.16,Medium Value,One-time (1)
khx91n4d,6.16,1,2,6.16,Medium Value,One-time (1)
bye07c39,6.16,1,2,6.16,Medium Value,One-time (1)
yxfiblej,6.16,1,2,6.16,Medium Value,One-time (1)
e3n944bt,6.16,1,2,6.16,Medium Value,One-time (1)
cqepq799,6.16,1,2,6.16,Medium Value,One-time (1)
y0p1t6s9,6.16,1,2,6.16,Medium Value,One-time (1)
z2fltmzx,6.16,1,2,6.16,Medium Value,One-time (1)
rb5fuihv,6.16,1,2,6.16,Medium Value,One-time (1)
o30gkee0,6.16,1,2,6.16,Medium Value,One-time (1)
4g0ttqyb,6.16,1,2,6.16,Medium Value,One-time (1)
3ebl1crb,6.15,1,3,6.15,Medium Value,One-time (1)
ebgpvyfs,6.15,1,3,6.15,Medium Value,One-time (1)
q6ffbmq0,6.15,1,3,6.15,Medium Value,One-time (1)
uj266q7v,6.15,1,3,6.15,Medium Value,One-time (1)
4hl95izt,6.15,1,3,6.15,Medium Value,One-time (1)
jm3du9oz,6.15,1,3,6.15,Medium Value,One-time (1)
cufjlbgn,6.15,1,1,6.15,Medium Value,One-time (1)
zksbm2zs,6.15,1,3,6.15,Medium Value,One-time (1)
wqu83gd5,6.15,1,3,6.15,Medium Value,One-time (1)
j4xybrxf,6.140000000000001,2,2,3.0700000000000003,Medium Value,Occasional (2-3)
ulfmx41o,6.14,1,1,6.14,Medium Value,One-time (1)
lsg65iuf,6.14,1,1,6.14,Medium Value,One-time (1)
wu77hr9e,6.14,1,2,6.14,Medium Value,One-time (1)
gpzxw66o,6.14,1,2,6.14,Medium Value,One-time (1)
ll9rzrkb,6.14,1,2,6.14,Medium Value,One-time (1)
0v0njj63,6.13,2,2,3.065,Medium Value,Occasional (2-3)
y5sic4s8,6.13,2,2,3.065,Medium Value,Occasional (2-3)
vjjc1teu,6.13,1,1,6.13,Medium Value,One-time (1)
fkx0rpil,6.12,1,2,6.12,Medium Value,One-time (1)
mnonzpsc,6.12,1,2,6.12,Medium Value,One-time (1)
mlmbai1s,6.12,1,1,6.12,Medium Value,One-time (1)
mzchm1p1,6.12,1,2,6.12,Medium Value,One-time (1)
fufdwvmn,6.12,1,1,6.12,Medium Value,One-time (1)
lb4akwf3,6.12,1,2,6.12,Medium Value,One-time (1)
sqlrd94p,6.12,1,2,6.12,Medium Value,One-time (1)
wddanxx7,6.12,1,2,6.12,Medium Value,One-time (1)
aqzagani,6.12,1,2,6.12,Medium Value,One-time (1)
y7qa36kh,6.12,1,2,6.12,Medium Value,One-time (1)
ge0h5pse,6.12,1,2,6.12,Medium Value,One-time (1)
y0zc5rhc,6.12,1,2,6.12,Medium Value,One-time (1)
ft26149c,6.12,1,2,6.12,Medium Value,One-time (1)
gqqx0z5l,6.12,1,2,6.12,Medium Value,One-time (1)
pvtl9975,6.12,1,2,6.12,Medium Value,One-time (1)
x4jz32mi,6.12,1,2,6.12,Medium Value,One-time (1)
ldt9a6z1,6.12,1,2,6.12,Medium Value,One-time (1)
fspnytef,6.12,1,2,6.12,Medium Value,One-time (1)
mjz8h95h,6.12,1,2,6.12,Medium Value,One-time (1)
3d6m8blr,6.12,1,2,6.12,Medium Value,One-time (1)
dbd5mxj5,6.12,1,2,6.12,Medium Value,One-time (1)
y9uljaq3,6.12,1,2,6.12,Medium Value,One-time (1)
9sskduo6,6.12,1,2,6.12,Medium Value,One-time (1)
a4dozbym,6.12,1,2,6.12,Medium Value,One-time (1)
td0hrnst,6.12,1,2,6.12,Medium Value,One-time (1)
65m3yj44,6.12,1,2,6.12,Medium Value,One-time (1)
5a7tzvj0,6.12,1,2,6.12,Medium Value,One-time (1)
hwgr5coo,6.12,1,2,6.12,Medium Value,One-time (1)
lv7tvlqk,6.12,1,2,6.12,Medium Value,One-time (1)
8yekujii,6.12,1,2,6.12,Medium Value,One-time (1)
403mwofh,6.12,1,2,6.12,Medium Value,One-time (1)
ht82zaes,6.12,1,2,6.12,Medium Value,One-time (1)
p2yrcxoz,6.12,1,2,6.12,Medium Value,One-time (1)
zpiglgl8,6.12,1,2,6.12,Medium Value,One-time (1)
x7bd30yk,6.12,1,2,6.12,Medium Value,One-time (1)
0jjowl02,6.12,1,2,6.12,Medium Value,One-time (1)
mwq2ts99,6.12,1,1,6.12,Medium Value,One-time (1)
w9mgqp8x,6.12,1,4,6.12,Medium Value,One-time (1)
h4au4qn6,6.12,1,2,6.12,Medium Value,One-time (1)
0hkarpkf,6.12,1,2,6.12,Medium Value,One-time (1)
r9k63jlz,6.12,1,2,6.12,Medium Value,One-time (1)
d2ta491f,6.12,1,2,6.12,Medium Value,One-time (1)
uk1841kw,6.12,1,2,6.12,Medium Value,One-time (1)
aon6ezh0,6.12,1,1,6.12,Medium Value,One-time (1)
f05w78w3,6.11,1,1,6.11,Medium Value,One-time (1)
u3o29n1t,6.11,1,1,6.11,Medium Value,One-time (1)
ci0czqdg,6.11,1,1,6.11,Medium Value,One-time (1)
opzedu3n,6.11,1,1,6.11,Medium Value,One-time (1)
9q97xx4v,6.11,1,1,6.11,Medium Value,One-time (1)
4ctw6px4,6.11,1,1,6.11,Medium Value,One-time (1)
ogyq1roj,6.11,1,1,6.11,Medium Value,One-time (1)
0pd05byo,6.11,1,1,6.11,Medium Value,One-time (1)
ml85irpb,6.11,1,1,6.11,Medium Value,One-time (1)
rham2xbf,6.11,1,1,6.11,Medium Value,One-time (1)
n2tiwbft,6.11,1,1,6.11,Medium Value,One-time (1)
wun1t1v5,6.11,1,1,6.11,Medium Value,One-time (1)
sl8mu2kp,6.11,1,1,6.11,Medium Value,One-time (1)
y41wkzka,6.11,1,1,6.11,Medium Value,One-time (1)
xhkzmyst,6.11,1,1,6.11,Medium Value,One-time (1)
1bj0q6vr,6.11,1,1,6.11,Medium Value,One-time (1)
035qbo8n,6.11,1,1,6.11,Medium Value,One-time (1)
49k38rn4,6.11,1,1,6.11,Medium Value,One-time (1)
1alz3qvf,6.11,1,1,6.11,Medium Value,One-time (1)
izuyslxt,6.11,1,1,6.11,Medium Value,One-time (1)
u6emp2z8,6.11,1,1,6.11,Medium Value,One-time (1)
t07axln2,6.11,1,1,6.11,Medium Value,One-time (1)
3bdd20we,6.11,1,1,6.11,Medium Value,One-time (1)
xyhgqc49,6.11,1,1,6.11,Medium Value,One-time (1)
eoxtd9tn,6.11,1,1,6.11,Medium Value,One-time (1)
5yvmtd50,6.11,1,1,6.11,Medium Value,One-time (1)
9law84wx,6.11,1,1,6.11,Medium Value,One-time (1)
kjzizs6p,6.11,1,1,6.11,Medium Value,One-time (1)
jzghyakd,6.11,1,1,6.11,Medium Value,One-time (1)
zyzce4nn,6.11,1,1,6.11,Medium Value,One-time (1)
abv4dub8,6.11,1,1,6.11,Medium Value,One-time (1)
scqbexlz,6.11,1,1,6.11,Medium Value,One-time (1)
g12deiqv,6.11,1,1,6.11,Medium Value,One-time (1)
flnweled,6.11,1,1,6.11,Medium Value,One-time (1)
xejaxvt7,6.11,1,1,6.11,Medium Value,One-time (1)
avnczsf1,6.11,1,1,6.11,Medium Value,One-time (1)
xa3lni7u,6.11,1,1,6.11,Medium Value,One-time (1)
59r5mhma,6.11,1,1,6.11,Medium Value,One-time (1)
2ociof9d,6.11,1,1,6.11,Medium Value,One-time (1)
m175t4y3,6.09,1,3,6.09,Medium Value,One-time (1)
bi24db1s,6.09,1,3,6.09,Medium Value,One-time (1)
cw9rtnfw,6.09,2,2,3.045,Medium Value,Occasional (2-3)
cyxh2nvs,6.08,1,2,6.08,Medium Value,One-time (1)
76a3x0y7,6.08,1,2,6.08,Medium Value,One-time (1)
xk8v8kb1,6.08,1,2,6.08,Medium Value,One-time (1)
6xhog9uv,6.08,1,2,6.08,Medium Value,One-time (1)
g0z7swy9,6.08,1,2,6.08,Medium Value,One-time (1)
tz1yjoih,6.08,1,2,6.08,Medium Value,One-time (1)
pwy0ucaz,6.08,1,2,6.08,Medium Value,One-time (1)
01ytv4v0,6.08,1,2,6.08,Medium Value,One-time (1)
zsmbdfkj,6.08,1,2,6.08,Medium Value,One-time (1)
w9pocfg3,6.08,1,2,6.08,Medium Value,One-time (1)
84nzd2a1,6.08,1,2,6.08,Medium Value,One-time (1)
72wnngys,6.08,1,2,6.08,Medium Value,One-time (1)
fwgfpcw7,6.08,1,2,6.08,Medium Value,One-time (1)
9hqm0zgc,6.08,1,2,6.08,Medium Value,One-time (1)
f5yww15y,6.08,1,2,6.08,Medium Value,One-time (1)
wkc7djt2,6.08,1,2,6.08,Medium Value,One-time (1)
aogjfyfb,6.08,1,2,6.08,Medium Value,One-time (1)
zdgslqjt,6.08,1,2,6.08,Medium Value,One-time (1)
xo9t7e8g,6.08,1,2,6.08,Medium Value,One-time (1)
6ycfnhp3,6.08,1,2,6.08,Medium Value,One-time (1)
6xvccvm3,6.08,1,2,6.08,Medium Value,One-time (1)
jndr9ps9,6.08,1,2,6.08,Medium Value,One-time (1)
ufhkw4rd,6.08,1,2,6.08,Medium Value,One-time (1)
dms6i0fd,6.08,1,2,6.08,Medium Value,One-time (1)
r024srrj,6.08,1,2,6.08,Medium Value,One-time (1)
vo3pt8it,6.08,1,2,6.08,Medium Value,One-time (1)
3r5cmhvm,6.08,1,2,6.08,Medium Value,One-time (1)
9n40gmqu,6.08,1,2,6.08,Medium Value,One-time (1)
hempegt6,6.08,1,2,6.08,Medium Value,One-time (1)
r5364e1a,6.08,1,2,6.08,Medium Value,One-time (1)
27etfqwx,6.08,1,2,6.08,Medium Value,One-time (1)
h91uy1bm,6.08,1,2,6.08,Medium Value,One-time (1)
lfvskzxc,6.08,1,2,6.08,Medium Value,One-time (1)
g8tana6u,6.08,1,2,6.08,Medium Value,One-time (1)
gunix5kd,6.08,1,2,6.08,Medium Value,One-time (1)
2t52pr7z,6.08,1,2,6.08,Medium Value,One-time (1)
qmnkxem5,6.07,1,1,6.07,Medium Value,One-time (1)
byg4rt6x,6.07,1,1,6.07,Medium Value,One-time (1)
yc4i6h1m,6.0600000000000005,2,2,3.0300000000000002,Medium Value,Occasional (2-3)
udktmonr,6.0600000000000005,2,2,3.0300000000000002,Medium Value,Occasional (2-3)
rpgj1jks,6.06,1,3,6.06,Medium Value,One-time (1)
k9zoweuf,6.06,1,1,6.06,Medium Value,One-time (1)
1i5zmzo0,6.06,1,1,6.06,Medium Value,One-time (1)
nwtlgp7c,6.06,1,1,6.06,Medium Value,One-time (1)
9euedp0s,6.06,1,1,6.06,Medium Value,One-time (1)
3hw9hidu,6.06,1,1,6.06,Medium Value,One-time (1)
nm7hmt5u,6.06,1,3,6.06,Medium Value,One-time (1)
apan36eq,6.06,1,1,6.06,Medium Value,One-time (1)
9n0kum0o,6.06,1,1,6.06,Medium Value,One-time (1)
7zezk3jj,6.06,1,3,6.06,Medium Value,One-time (1)
jjnay74u,6.06,1,2,6.06,Medium Value,One-time (1)
civwz485,6.06,1,1,6.06,Medium Value,One-time (1)
00axco0m,6.06,1,1,6.06,Medium Value,One-time (1)
wus0cylj,6.05,1,1,6.05,Medium Value,One-time (1)
pd8707oi,6.05,1,1,6.05,Medium Value,One-time (1)
1o18dwlj,6.05,1,1,6.05,Medium Value,One-time (1)
pgt2l17p,6.05,1,1,6.05,Medium Value,One-time (1)
tdw978me,6.05,1,1,6.05,Medium Value,One-time (1)
2tna3g1b,6.05,1,1,6.05,Medium Value,One-time (1)
a1lwk6vg,6.05,1,1,6.05,Medium Value,One-time (1)
p49btn7m,6.05,1,1,6.05,Medium Value,One-time (1)
gwouf00e,6.05,1,1,6.05,Medium Value,One-time (1)
mjvmdxo8,6.05,1,1,6.05,Medium Value,One-time (1)
6qd5agil,6.05,1,1,6.05,Medium Value,One-time (1)
qosrdl2g,6.05,1,1,6.05,Medium Value,One-time (1)
slppd16t,6.05,1,1,6.05,Medium Value,One-time (1)
6ppkrtba,6.05,1,1,6.05,Medium Value,One-time (1)
56r3ovse,6.05,1,1,6.05,Medium Value,One-time (1)
jmdq3jwh,6.05,1,1,6.05,Medium Value,One-time (1)
o55rd765,6.05,1,1,6.05,Medium Value,One-time (1)
eq8v5rnz,6.05,1,1,6.05,Medium Value,One-time (1)
bkmo9pfg,6.05,1,1,6.05,Medium Value,One-time (1)
8ez9gjze,6.05,1,1,6.05,Medium Value,One-time (1)
jaop19zb,6.05,1,1,6.05,Medium Value,One-time (1)
k6lmsp86,6.05,1,1,6.05,Medium Value,One-time (1)
borauaua,6.05,1,1,6.05,Medium Value,One-time (1)
x89zey8k,6.05,1,1,6.05,Medium Value,One-time (1)
bkuc9mwp,6.05,1,1,6.05,Medium Value,One-time (1)
or303ms3,6.04,1,2,6.04,Medium Value,One-time (1)
ubyzwdrl,6.04,1,2,6.04,Medium Value,One-time (1)
6ehhw84r,6.04,1,2,6.04,Medium Value,One-time (1)
u2hkrdv6,6.04,1,2,6.04,Medium Value,One-time (1)
ougtj7zu,6.04,1,2,6.04,Medium Value,One-time (1)
2slk191b,6.04,1,2,6.04,Medium Value,One-time (1)
rux5tyv9,6.04,1,2,6.04,Medium Value,One-time (1)
zt1r8hbf,6.04,1,2,6.04,Medium Value,One-time (1)
2dv50ppt,6.04,1,2,6.04,Medium Value,One-time (1)
jpljnco5,6.04,1,2,6.04,Medium Value,One-time (1)
dp1m67d7,6.04,1,2,6.04,Medium Value,One-time (1)
5dtaegry,6.03,1,2,6.03,Medium Value,One-time (1)
ifkhmeq2,6.03,1,2,6.03,Medium Value,One-time (1)
cx2c4pre,6.03,1,2,6.03,Medium Value,One-time (1)
gwak8mwf,6.02,1,2,6.02,Medium Value,One-time (1)
lsej7dmq,6.02,1,2,6.02,Medium Value,One-time (1)
7yjgecdc,6.02,1,1,6.02,Medium Value,One-time (1)
quofniy3,6.02,1,2,6.02,Medium Value,One-time (1)
c7uez29w,6.02,1,2,6.02,Medium Value,One-time (1)
suxlluq9,6.02,1,2,6.02,Medium Value,One-time (1)
xou7trmy,6.02,1,2,6.02,Medium Value,One-time (1)
hunpeb5o,6.02,1,2,6.02,Medium Value,One-time (1)
hwoz6rty,6.02,1,1,6.02,Medium Value,One-time (1)
fy1wrc2v,6.02,1,2,6.02,Medium Value,One-time (1)
fg63ovg4,6.02,1,2,6.02,Medium Value,One-time (1)
cr3vcjb6,6.02,1,2,6.02,Medium Value,One-time (1)
mw27lqec,6.02,1,2,6.02,Medium Value,One-time (1)
cqaxffsh,6.02,1,2,6.02,Medium Value,One-time (1)
zvxh5uf5,6.02,1,2,6.02,Medium Value,One-time (1)
ou38594q,6.02,1,2,6.02,Medium Value,One-time (1)
kl8vl34i,6.02,1,3,6.02,Medium Value,One-time (1)
rslq47zj,6.02,1,1,6.02,Medium Value,One-time (1)
3rapp4a8,6.02,1,2,6.02,Medium Value,One-time (1)
8mb2g1hv,6.02,1,2,6.02,Medium Value,One-time (1)
xejgsfv5,6.02,1,1,6.02,Medium Value,One-time (1)
ixdil0mt,6.01,1,1,6.01,Medium Value,One-time (1)
zid55otr,6.0,1,1,6.0,Medium Value,One-time (1)
gqsnhdsx,6.0,1,1,6.0,Medium Value,One-time (1)
ux9ri2dz,6.0,1,2,6.0,Medium Value,One-time (1)
l8ze9ttg,6.0,1,1,6.0,Medium Value,One-time (1)
jdosp7xn,6.0,1,2,6.0,Medium Value,One-time (1)
5qv6jx6c,6.0,1,1,6.0,Medium Value,One-time (1)
hrej8rdl,6.0,1,2,6.0,Medium Value,One-time (1)
jk33aiji,6.0,1,2,6.0,Medium Value,One-time (1)
jtrgj2or,6.0,1,1,6.0,Medium Value,One-time (1)
coi33uai,6.0,1,1,6.0,Medium Value,One-time (1)
0aci3flx,6.0,1,3,6.0,Medium Value,One-time (1)
x33iz0k1,6.0,1,2,6.0,Medium Value,One-time (1)
i4dgargm,6.0,1,1,6.0,Medium Value,One-time (1)
5i00xsf6,6.0,1,2,6.0,Medium Value,One-time (1)
f409480g,6.0,1,1,6.0,Medium Value,One-time (1)
xojg80nz,6.0,1,2,6.0,Medium Value,One-time (1)
mm88nc4z,6.0,1,2,6.0,Medium Value,One-time (1)
t6p3ww3b,6.0,1,2,6.0,Medium Value,One-time (1)
8doa4pza,6.0,1,1,6.0,Medium Value,One-time (1)
du0upyw6,6.0,1,2,6.0,Medium Value,One-time (1)
ng5tdbo3,6.0,1,2,6.0,Medium Value,One-time (1)
bzm6kx1c,6.0,1,2,6.0,Medium Value,One-time (1)
tdcjs924,6.0,1,1,6.0,Medium Value,One-time (1)
z1x641r4,6.0,1,1,6.0,Medium Value,One-time (1)
e6l1d2qi,5.99,1,1,5.99,Medium Value,One-time (1)
atwyngz3,5.99,1,1,5.99,Medium Value,One-time (1)
qy3uyyj4,5.99,1,1,5.99,Medium Value,One-time (1)
igihu1ga,5.99,1,1,5.99,Medium Value,One-time (1)
4b8r9mtc,5.99,1,2,5.99,Medium Value,One-time (1)
1fzjbnp1,5.99,1,1,5.99,Medium Value,One-time (1)
ltwhzqeb,5.99,1,1,5.99,Medium Value,One-time (1)
helcrotk,5.99,1,1,5.99,Medium Value,One-time (1)
impihq17,5.99,1,1,5.99,Medium Value,One-time (1)
rziwgxa8,5.99,1,1,5.99,Medium Value,One-time (1)
f7x98yvl,5.99,1,1,5.99,Medium Value,One-time (1)
yln27ikn,5.99,1,2,5.99,Medium Value,One-time (1)
t2cfzn28,5.99,1,1,5.99,Medium Value,One-time (1)
7cubukj2,5.99,1,1,5.99,Medium Value,One-time (1)
leelmjyj,5.99,1,1,5.99,Medium Value,One-time (1)
riswvnau,5.99,1,3,5.99,Medium Value,One-time (1)
bq31m56k,5.99,1,1,5.99,Medium Value,One-time (1)
qzafj6qc,5.99,1,1,5.99,Medium Value,One-time (1)
r7j5x1t9,5.98,1,1,5.98,Medium Value,One-time (1)
q6uzzz6f,5.98,1,1,5.98,Medium Value,One-time (1)
b1gmehin,5.98,1,1,5.98,Medium Value,One-time (1)
dtxkks3i,5.98,1,1,5.98,Medium Value,One-time (1)
26cho8qj,5.98,1,1,5.98,Medium Value,One-time (1)
mad0qp0r,5.98,1,1,5.98,Medium Value,One-time (1)
5pen8r0h,5.98,1,2,5.98,Medium Value,One-time (1)
oy3enz60,5.98,1,1,5.98,Medium Value,One-time (1)
nm9m6xli,5.98,1,1,5.98,Medium Value,One-time (1)
uu4rtjkt,5.98,1,1,5.98,Medium Value,One-time (1)
jszmt43u,5.98,1,1,5.98,Medium Value,One-time (1)
n1p62jce,5.98,1,1,5.98,Medium Value,One-time (1)
v4fb4bmh,5.98,1,1,5.98,Medium Value,One-time (1)
j6b8mdnk,5.98,1,2,5.98,Medium Value,One-time (1)
cwphoygi,5.98,1,1,5.98,Medium Value,One-time (1)
jhiubx73,5.98,1,2,5.98,Medium Value,One-time (1)
hdbff5c5,5.98,1,2,5.98,Medium Value,One-time (1)
a1ycxfob,5.98,1,1,5.98,Medium Value,One-time (1)
rpvvidp4,5.98,1,2,5.98,Medium Value,One-time (1)
d9dn2pot,5.98,1,1,5.98,Medium Value,One-time (1)
b99s8zav,5.98,1,1,5.98,Medium Value,One-time (1)
qssczvrk,5.98,1,2,5.98,Medium Value,One-time (1)
4yahkijx,5.98,1,2,5.98,Medium Value,One-time (1)
xxusry9m,5.98,1,1,5.98,Medium Value,One-time (1)
3sak6a3r,5.98,1,1,5.98,Medium Value,One-time (1)
uqqw1qzl,5.98,1,2,5.98,Medium Value,One-time (1)
fo87xio4,5.98,1,2,5.98,Medium Value,One-time (1)
g416sq9e,5.98,1,1,5.98,Medium Value,One-time (1)
h27phfnh,5.98,1,1,5.98,Medium Value,One-time (1)
aw0it9wv,5.98,1,2,5.98,Medium Value,One-time (1)
ncuzeptt,5.98,1,1,5.98,Medium Value,One-time (1)
f90km3tz,5.98,1,1,5.98,Medium Value,One-time (1)
chjpwvtq,5.98,1,1,5.98,Medium Value,One-time (1)
rypsqqja,5.98,1,1,5.98,Medium Value,One-time (1)
ts0dcf1e,5.98,1,2,5.98,Medium Value,One-time (1)
563btkf6,5.98,1,1,5.98,Medium Value,One-time (1)
96dfpzyb,5.98,1,1,5.98,Medium Value,One-time (1)
qdzjelne,5.98,1,1,5.98,Medium Value,One-time (1)
uk0cnpt6,5.98,1,1,5.98,Medium Value,One-time (1)
314cng88,5.98,1,1,5.98,Medium Value,One-time (1)
z4x1tqe4,5.98,1,1,5.98,Medium Value,One-time (1)
azfmvpld,5.98,1,1,5.98,Medium Value,One-time (1)
45j63nc4,5.98,1,1,5.98,Medium Value,One-time (1)
fiavath8,5.98,1,1,5.98,Medium Value,One-time (1)
6ihw342s,5.98,1,1,5.98,Medium Value,One-time (1)
xs59nisa,5.98,1,1,5.98,Medium Value,One-time (1)
mwvk6rxn,5.98,1,2,5.98,Medium Value,One-time (1)
ktsnyz8x,5.98,1,1,5.98,Medium Value,One-time (1)
ziepo772,5.98,1,2,5.98,Medium Value,One-time (1)
xij8gg5f,5.98,1,1,5.98,Medium Value,One-time (1)
2pxjzvcu,5.98,1,1,5.98,Medium Value,One-time (1)
7iocus4r,5.98,1,1,5.98,Medium Value,One-time (1)
e5cw6i4x,5.98,1,1,5.98,Medium Value,One-time (1)
az22utko,5.98,1,1,5.98,Medium Value,One-time (1)
0kn3r3z4,5.98,1,1,5.98,Medium Value,One-time (1)
6cumdngq,5.98,1,1,5.98,Medium Value,One-time (1)
sxhraurh,5.98,1,1,5.98,Medium Value,One-time (1)
cx5542xr,5.98,1,2,5.98,Medium Value,One-time (1)
88kbpuwj,5.98,1,1,5.98,Medium Value,One-time (1)
kcgtmeem,5.98,1,1,5.98,Medium Value,One-time (1)
gwnfcodf,5.98,1,1,5.98,Medium Value,One-time (1)
gqa6xtep,5.98,1,1,5.98,Medium Value,One-time (1)
ydvvbkld,5.98,1,1,5.98,Medium Value,One-time (1)
vzhqjy62,5.97,2,2,2.985,Medium Value,Occasional (2-3)
hd4d4279,5.97,1,2,5.97,Medium Value,One-time (1)
opip4axb,5.96,1,2,5.96,Medium Value,One-time (1)
81qi7k08,5.96,1,2,5.96,Medium Value,One-time (1)
1poxrteo,5.95,2,2,2.975,Medium Value,Occasional (2-3)
93xmwwkw,5.95,1,2,5.95,Medium Value,One-time (1)
ompjz4bp,5.95,1,1,5.95,Medium Value,One-time (1)
tz9o6j53,5.94,1,2,5.94,Medium Value,One-time (1)
fu7x3bjx,5.94,1,1,5.94,Medium Value,One-time (1)
5pn0jaa3,5.94,1,1,5.94,Medium Value,One-time (1)
1zj9llec,5.94,1,1,5.94,Medium Value,One-time (1)
qajlha6j,5.94,1,1,5.94,Medium Value,One-time (1)
jvx7ciyn,5.94,1,1,5.94,Medium Value,One-time (1)
zkfvq3v6,5.94,1,1,5.94,Medium Value,One-time (1)
0a78p5pm,5.94,1,2,5.94,Medium Value,One-time (1)
j55wsn7i,5.94,1,1,5.94,Medium Value,One-time (1)
mveekwc8,5.94,1,1,5.94,Medium Value,One-time (1)
a78caczh,5.94,1,1,5.94,Medium Value,One-time (1)
qwowffbj,5.94,1,1,5.94,Medium Value,One-time (1)
zreiq0ck,5.94,1,1,5.94,Medium Value,One-time (1)
o7tvejna,5.94,1,1,5.94,Medium Value,One-time (1)
hinlrwzp,5.94,1,1,5.94,Medium Value,One-time (1)
681ngcx6,5.94,1,1,5.94,Medium Value,One-time (1)
a8vuglbu,5.94,1,1,5.94,Medium Value,One-time (1)
2v9uf9ww,5.94,1,1,5.94,Medium Value,One-time (1)
rth7tegb,5.94,1,1,5.94,Medium Value,One-time (1)
hy1526c8,5.94,1,2,5.94,Medium Value,One-time (1)
zhzu1ihs,5.94,1,1,5.94,Medium Value,One-time (1)
3h64berc,5.94,1,2,5.94,Medium Value,One-time (1)
wnqxdc0c,5.94,1,1,5.94,Medium Value,One-time (1)
3izfqjah,5.94,1,1,5.94,Medium Value,One-time (1)
lkgyk13q,5.94,1,2,5.94,Medium Value,One-time (1)
7qvq60eo,5.94,1,2,5.94,Medium Value,One-time (1)
2b3j099u,5.94,1,1,5.94,Medium Value,One-time (1)
kp2avxry,5.94,1,1,5.94,Medium Value,One-time (1)
4rshrz1p,5.94,1,1,5.94,Medium Value,One-time (1)
spyprvs0,5.94,1,1,5.94,Medium Value,One-time (1)
ko9vkjkf,5.94,1,1,5.94,Medium Value,One-time (1)
v2gieqyk,5.94,1,2,5.94,Medium Value,One-time (1)
5vxaqgai,5.94,1,1,5.94,Medium Value,One-time (1)
7pc3o4ap,5.94,1,2,5.94,Medium Value,One-time (1)
dkvlrl77,5.94,1,1,5.94,Medium Value,One-time (1)
psuy1oyv,5.94,1,2,5.94,Medium Value,One-time (1)
en0mmknb,5.94,1,1,5.94,Medium Value,One-time (1)
7z4rpkj6,5.94,1,2,5.94,Medium Value,One-time (1)
zrglxy3q,5.94,1,1,5.94,Medium Value,One-time (1)
ofn1r4kz,5.94,1,1,5.94,Medium Value,One-time (1)
xz9bc9g6,5.94,1,1,5.94,Medium Value,One-time (1)
3cz3tfy2,5.94,1,2,5.94,Medium Value,One-time (1)
7slonzov,5.94,1,2,5.94,Medium Value,One-time (1)
chs6rqym,5.94,1,1,5.94,Medium Value,One-time (1)
i8mkp00h,5.94,1,1,5.94,Medium Value,One-time (1)
qn0m856o,5.94,1,1,5.94,Medium Value,One-time (1)
v84fc3xq,5.94,1,1,5.94,Medium Value,One-time (1)
reqnxd30,5.94,1,1,5.94,Medium Value,One-time (1)
r4t5uy8f,5.94,1,1,5.94,Medium Value,One-time (1)
bcep18iw,5.94,1,1,5.94,Medium Value,One-time (1)
2rioxrcu,5.94,1,2,5.94,Medium Value,One-time (1)
0nifsq85,5.94,1,2,5.94,Medium Value,One-time (1)
e3nmnfca,5.94,1,2,5.94,Medium Value,One-time (1)
9h1hivvd,5.94,1,1,5.94,Medium Value,One-time (1)
nxai13vr,5.94,1,2,5.94,Medium Value,One-time (1)
6h7yrchn,5.94,1,1,5.94,Medium Value,One-time (1)
gt2eehfu,5.94,1,1,5.94,Medium Value,One-time (1)
pcs1uaxn,5.94,1,2,5.94,Medium Value,One-time (1)
t212cvvi,5.94,1,1,5.94,Medium Value,One-time (1)
ry0ebbow,5.94,1,1,5.94,Medium Value,One-time (1)
3an7tzqb,5.94,1,1,5.94,Medium Value,One-time (1)
8dttinm5,5.94,1,1,5.94,Medium Value,One-time (1)
wcpxbf9x,5.94,1,1,5.94,Medium Value,One-time (1)
0vm2o5j5,5.94,1,2,5.94,Medium Value,One-time (1)
42ymbwkz,5.94,1,1,5.94,Medium Value,One-time (1)
pxvq26fq,5.94,1,1,5.94,Medium Value,One-time (1)
mnj5rv9j,5.94,1,1,5.94,Medium Value,One-time (1)
0fja21ie,5.94,1,1,5.94,Medium Value,One-time (1)
ty24bmjm,5.93,1,1,5.93,Medium Value,One-time (1)
3jp192iu,5.93,1,1,5.93,Medium Value,One-time (1)
v4sm0tne,5.93,1,1,5.93,Medium Value,One-time (1)
fco3s65q,5.93,2,2,2.965,Medium Value,Occasional (2-3)
gwq3d30n,5.93,1,1,5.93,Medium Value,One-time (1)
1q2ziz0q,5.93,1,1,5.93,Medium Value,One-time (1)
7jec7ixo,5.93,1,1,5.93,Medium Value,One-time (1)
m0dqojmu,5.93,1,1,5.93,Medium Value,One-time (1)
58tijmts,5.93,1,2,5.93,Medium Value,One-time (1)
emruyp04,5.93,2,2,2.965,Medium Value,Occasional (2-3)
bdtlfdf1,5.93,1,1,5.93,Medium Value,One-time (1)
w41f7v4k,5.93,1,1,5.93,Medium Value,One-time (1)
6ir691e4,5.92,1,1,5.92,Medium Value,One-time (1)
292mi560,5.92,2,2,2.96,Medium Value,Occasional (2-3)
qy4esjeb,5.92,1,1,5.92,Medium Value,One-time (1)
zo33bn5i,5.92,1,1,5.92,Medium Value,One-time (1)
155qkwp2,5.92,1,1,5.92,Medium Value,One-time (1)
2w26onlu,5.92,1,1,5.92,Medium Value,One-time (1)
rk1f6hii,5.92,1,1,5.92,Medium Value,One-time (1)
vbud9z1k,5.92,1,1,5.92,Medium Value,One-time (1)
hp9vgoz7,5.92,1,1,5.92,Medium Value,One-time (1)
oz8i8lxs,5.92,1,1,5.92,Medium Value,One-time (1)
isvugnht,5.92,1,1,5.92,Medium Value,One-time (1)
ksbjaruy,5.92,1,1,5.92,Medium Value,One-time (1)
0l1s0uzg,5.92,1,1,5.92,Medium Value,One-time (1)
yksmfghe,5.92,1,1,5.92,Medium Value,One-time (1)
wtb6oxle,5.92,1,1,5.92,Medium Value,One-time (1)
t81akqer,5.92,1,1,5.92,Medium Value,One-time (1)
kn9o0w2v,5.92,1,1,5.92,Medium Value,One-time (1)
o54pfyfs,5.92,1,1,5.92,Medium Value,One-time (1)
1fs2pz68,5.92,1,1,5.92,Medium Value,One-time (1)
v5a0g336,5.92,1,1,5.92,Medium Value,One-time (1)
9jauieya,5.92,1,1,5.92,Medium Value,One-time (1)
6us957qw,5.92,1,1,5.92,Medium Value,One-time (1)
7kcudbp4,5.92,1,1,5.92,Medium Value,One-time (1)
2k7du6ha,5.9,1,2,5.9,Medium Value,One-time (1)
f6pltgsd,5.9,1,2,5.9,Medium Value,One-time (1)
8y6rh05h,5.9,1,2,5.9,Medium Value,One-time (1)
g1tjb538,5.9,1,2,5.9,Medium Value,One-time (1)
iwttv0r2,5.9,1,2,5.9,Medium Value,One-time (1)
bodvdb5u,5.9,1,2,5.9,Medium Value,One-time (1)
g248dtdc,5.9,1,2,5.9,Medium Value,One-time (1)
2qs8zysu,5.9,1,2,5.9,Medium Value,One-time (1)
qegucgkr,5.9,1,2,5.9,Medium Value,One-time (1)
wf7kkxa7,5.9,1,2,5.9,Medium Value,One-time (1)
t8hwbl6z,5.9,1,2,5.9,Medium Value,One-time (1)
z9qwythg,5.9,1,2,5.9,Medium Value,One-time (1)
vpiyjjwx,5.9,1,2,5.9,Medium Value,One-time (1)
5t345as5,5.9,1,2,5.9,Medium Value,One-time (1)
wm22ram6,5.9,1,2,5.9,Medium Value,One-time (1)
zpwbaj7c,5.9,1,2,5.9,Medium Value,One-time (1)
hjge8efi,5.9,1,2,5.9,Medium Value,One-time (1)
0e0qtg0f,5.9,1,2,5.9,Medium Value,One-time (1)
5ecnpptb,5.9,1,2,5.9,Medium Value,One-time (1)
s4mheijy,5.9,1,2,5.9,Medium Value,One-time (1)
aomf3cm8,5.9,1,2,5.9,Medium Value,One-time (1)
qqcoj7s8,5.9,1,1,5.9,Medium Value,One-time (1)
trpxhnlw,5.9,1,2,5.9,Medium Value,One-time (1)
z29jzaun,5.9,1,2,5.9,Medium Value,One-time (1)
prvtdngq,5.9,1,2,5.9,Medium Value,One-time (1)
1f9o7icx,5.9,1,2,5.9,Medium Value,One-time (1)
dkp9rpxp,5.9,1,2,5.9,Medium Value,One-time (1)
jwv2qnrm,5.9,1,2,5.9,Medium Value,One-time (1)
n69cl2ur,5.9,1,2,5.9,Medium Value,One-time (1)
mnr71bvl,5.9,1,2,5.9,Medium Value,One-time (1)
fbzn9k7p,5.9,1,2,5.9,Medium Value,One-time (1)
yvzm9uuu,5.9,1,2,5.9,Medium Value,One-time (1)
wm31yiha,5.9,1,2,5.9,Medium Value,One-time (1)
5npjo0m9,5.9,1,2,5.9,Medium Value,One-time (1)
gi0gpi9b,5.9,1,2,5.9,Medium Value,One-time (1)
4rlucdru,5.9,1,2,5.9,Medium Value,One-time (1)
ty75rxxj,5.9,1,2,5.9,Medium Value,One-time (1)
izqlh856,5.9,1,2,5.9,Medium Value,One-time (1)
ld8mkjow,5.9,1,2,5.9,Medium Value,One-time (1)
pgca47hc,5.9,1,2,5.9,Medium Value,One-time (1)
47byso9b,5.9,1,2,5.9,Medium Value,One-time (1)
0i1ku69f,5.9,1,2,5.9,Medium Value,One-time (1)
x3ugmyk9,5.9,1,2,5.9,Medium Value,One-time (1)
rf30sbvd,5.89,1,2,5.89,Medium Value,One-time (1)
7kxzchsc,5.89,1,2,5.89,Medium Value,One-time (1)
wnnuyh4g,5.88,1,2,5.88,Medium Value,One-time (1)
lisaclsl,5.88,1,2,5.88,Medium Value,One-time (1)
ehrronm9,5.88,1,2,5.88,Medium Value,One-time (1)
9sz643te,5.88,1,3,5.88,Medium Value,One-time (1)
0uv0l5x4,5.88,1,2,5.88,Medium Value,One-time (1)
84vv29vy,5.88,1,2,5.88,Medium Value,One-time (1)
i0so50ua,5.88,1,2,5.88,Medium Value,One-time (1)
7hltpj15,5.88,1,1,5.88,Medium Value,One-time (1)
ufx6modq,5.88,1,2,5.88,Medium Value,One-time (1)
ss2ngo4x,5.88,1,2,5.88,Medium Value,One-time (1)
vseekodx,5.88,1,2,5.88,Medium Value,One-time (1)
k5ik75uz,5.88,1,2,5.88,Medium Value,One-time (1)
gf7h29nm,5.88,1,3,5.88,Medium Value,One-time (1)
uzfk8ut0,5.88,1,1,5.88,Medium Value,One-time (1)
u6nir6wg,5.88,1,2,5.88,Medium Value,One-time (1)
df5zlahh,5.88,1,3,5.88,Medium Value,One-time (1)
oy9r5hmy,5.88,1,1,5.88,Medium Value,One-time (1)
lce9pg45,5.88,1,2,5.88,Medium Value,One-time (1)
2q9jofee,5.88,1,1,5.88,Medium Value,One-time (1)
efwucd94,5.88,1,2,5.88,Medium Value,One-time (1)
zxw5ee1r,5.88,1,2,5.88,Medium Value,One-time (1)
ri520jmi,5.88,1,2,5.88,Medium Value,One-time (1)
co0sff67,5.88,1,2,5.88,Medium Value,One-time (1)
q0xjup0k,5.88,1,2,5.88,Medium Value,One-time (1)
bii3hcvq,5.88,1,2,5.88,Medium Value,One-time (1)
ravt1ykr,5.88,1,2,5.88,Medium Value,One-time (1)
oaf3jq0h,5.88,1,2,5.88,Medium Value,One-time (1)
xijzk3o2,5.88,1,1,5.88,Medium Value,One-time (1)
wiypjtfd,5.88,1,2,5.88,Medium Value,One-time (1)
qu7lbpj4,5.88,1,3,5.88,Medium Value,One-time (1)
123gqkk1,5.88,1,1,5.88,Medium Value,One-time (1)
kibqt8bb,5.88,1,2,5.88,Medium Value,One-time (1)
7iga5efs,5.88,1,2,5.88,Medium Value,One-time (1)
53290hmm,5.87,1,1,5.87,Medium Value,One-time (1)
d5oc1ut0,5.87,1,1,5.87,Medium Value,One-time (1)
91jzbhiw,5.87,1,1,5.87,Medium Value,One-time (1)
90v3fl7g,5.87,1,1,5.87,Medium Value,One-time (1)
hbudeu05,5.87,1,1,5.87,Medium Value,One-time (1)
2sfu6os5,5.87,1,1,5.87,Medium Value,One-time (1)
she7i4fa,5.87,1,1,5.87,Medium Value,One-time (1)
zozfuvuo,5.87,1,1,5.87,Medium Value,One-time (1)
d1ksiez2,5.87,1,1,5.87,Medium Value,One-time (1)
9trt4h95,5.87,1,1,5.87,Medium Value,One-time (1)
veeoqw4i,5.87,1,1,5.87,Medium Value,One-time (1)
bo1yd1ss,5.87,1,1,5.87,Medium Value,One-time (1)
zwvou6o9,5.87,1,1,5.87,Medium Value,One-time (1)
9y40lv6a,5.87,1,1,5.87,Medium Value,One-time (1)
bptnuify,5.87,1,1,5.87,Medium Value,One-time (1)
f47w0jbc,5.87,1,1,5.87,Medium Value,One-time (1)
24ucvd32,5.87,1,1,5.87,Medium Value,One-time (1)
nur0q83d,5.87,1,1,5.87,Medium Value,One-time (1)
1q27zqaw,5.87,1,1,5.87,Medium Value,One-time (1)
2ov32mhh,5.87,1,1,5.87,Medium Value,One-time (1)
4wurn6ph,5.87,1,1,5.87,Medium Value,One-time (1)
0xk6ze1j,5.87,1,1,5.87,Medium Value,One-time (1)
75dn4guq,5.87,1,1,5.87,Medium Value,One-time (1)
0fuvltqr,5.87,1,1,5.87,Medium Value,One-time (1)
9j4dgmr2,5.87,1,1,5.87,Medium Value,One-time (1)
xe3msc4x,5.87,1,2,5.87,Medium Value,One-time (1)
zcyaf41m,5.87,1,1,5.87,Medium Value,One-time (1)
j6eeb9zg,5.87,1,1,5.87,Medium Value,One-time (1)
w8cx1hg9,5.87,1,1,5.87,Medium Value,One-time (1)
berv9wmx,5.87,1,1,5.87,Medium Value,One-time (1)
b7il4z0g,5.87,1,1,5.87,Medium Value,One-time (1)
rm8aih99,5.87,1,1,5.87,Medium Value,One-time (1)
j8zbsav2,5.87,1,1,5.87,Medium Value,One-time (1)
4xt1fh8g,5.87,1,1,5.87,Medium Value,One-time (1)
kz1eazsw,5.87,1,1,5.87,Medium Value,One-time (1)
ot148r2l,5.87,1,1,5.87,Medium Value,One-time (1)
3cjfl7dp,5.87,1,1,5.87,Medium Value,One-time (1)
dlj1cbwn,5.87,1,1,5.87,Medium Value,One-time (1)
og33sub8,5.87,1,1,5.87,Medium Value,One-time (1)
9jtkszef,5.87,1,1,5.87,Medium Value,One-time (1)
1c9s3wr1,5.87,1,1,5.87,Medium Value,One-time (1)
mz58qnk4,5.87,1,1,5.87,Medium Value,One-time (1)
cd0kvv7m,5.87,1,1,5.87,Medium Value,One-time (1)
7sk0bxoq,5.87,1,1,5.87,Medium Value,One-time (1)
0imjyjcm,5.869999999999999,2,2,2.9349999999999996,Medium Value,Occasional (2-3)
sma1zq85,5.86,1,2,5.86,Medium Value,One-time (1)
izedih68,5.86,1,2,5.86,Medium Value,One-time (1)
2ha2evql,5.86,1,2,5.86,Medium Value,One-time (1)
bnjfzldd,5.86,1,2,5.86,Medium Value,One-time (1)
qdtu6sge,5.86,1,2,5.86,Medium Value,One-time (1)
gzn2acgv,5.86,1,2,5.86,Medium Value,One-time (1)
gcf9euke,5.86,1,2,5.86,Medium Value,One-time (1)
hmj5gr7p,5.86,1,1,5.86,Medium Value,One-time (1)
o5urtxuy,5.86,1,2,5.86,Medium Value,One-time (1)
vjcvdozl,5.86,1,2,5.86,Medium Value,One-time (1)
5n23fh2b,5.86,1,2,5.86,Medium Value,One-time (1)
aad886ii,5.86,1,2,5.86,Medium Value,One-time (1)
mf6p10ge,5.86,1,2,5.86,Medium Value,One-time (1)
q68sty5h,5.86,1,2,5.86,Medium Value,One-time (1)
53ayeqah,5.86,1,2,5.86,Medium Value,One-time (1)
arye5tuz,5.86,1,2,5.86,Medium Value,One-time (1)
mqqt9go4,5.86,1,2,5.86,Medium Value,One-time (1)
o7m0ryjj,5.86,1,2,5.86,Medium Value,One-time (1)
3bq8zgaa,5.86,1,2,5.86,Medium Value,One-time (1)
mu4q83wi,5.85,1,1,5.85,Medium Value,One-time (1)
24kskmlt,5.85,1,1,5.85,Medium Value,One-time (1)
twd1xmxb,5.85,2,2,2.925,Medium Value,Occasional (2-3)
k9qm3p91,5.84,1,2,5.84,Medium Value,One-time (1)
c0mhb3hp,5.84,1,2,5.84,Medium Value,One-time (1)
etvd26wo,5.84,1,2,5.84,Medium Value,One-time (1)
eh0d3whr,5.84,1,2,5.84,Medium Value,One-time (1)
tylavzme,5.84,2,2,2.92,Medium Value,Occasional (2-3)
b7qpizj8,5.84,1,2,5.84,Medium Value,One-time (1)
2cfltrm1,5.84,1,2,5.84,Medium Value,One-time (1)
y8sk7k0h,5.84,1,2,5.84,Medium Value,One-time (1)
ibi9uxi5,5.84,1,2,5.84,Medium Value,One-time (1)
s5liuhpi,5.84,1,2,5.84,Medium Value,One-time (1)
3djsdoks,5.84,1,2,5.84,Medium Value,One-time (1)
7qw5w260,5.84,1,2,5.84,Medium Value,One-time (1)
zj5kbiir,5.84,1,2,5.84,Medium Value,One-time (1)
wz512k5w,5.84,1,2,5.84,Medium Value,One-time (1)
mku9eoud,5.84,1,2,5.84,Medium Value,One-time (1)
ohsv8dn9,5.84,1,2,5.84,Medium Value,One-time (1)
jzlpnc4b,5.84,1,2,5.84,Medium Value,One-time (1)
7lpif4kx,5.84,1,2,5.84,Medium Value,One-time (1)
7v1qsa11,5.84,1,2,5.84,Medium Value,One-time (1)
t3i9jb5a,5.84,1,2,5.84,Medium Value,One-time (1)
2hqrclwa,5.84,1,2,5.84,Medium Value,One-time (1)
4tkb9oi0,5.84,2,2,2.92,Medium Value,Occasional (2-3)
avnxcyly,5.83,1,1,5.83,Medium Value,One-time (1)
k1eqbnus,5.83,1,2,5.83,Medium Value,One-time (1)
52qay8fw,5.82,1,2,5.82,Medium Value,One-time (1)
9kkh4a3y,5.82,1,1,5.82,Medium Value,One-time (1)
c4240t3r,5.82,1,1,5.82,Medium Value,One-time (1)
hu7difz5,5.82,1,1,5.82,Medium Value,One-time (1)
x0r99lcq,5.82,1,1,5.82,Medium Value,One-time (1)
gzfmyuop,5.82,1,3,5.82,Medium Value,One-time (1)
1otkzh4o,5.82,1,1,5.82,Medium Value,One-time (1)
8qrqaxlb,5.82,1,2,5.82,Medium Value,One-time (1)
sv82crg7,5.82,1,1,5.82,Medium Value,One-time (1)
207fmfno,5.82,1,1,5.82,Medium Value,One-time (1)
y392shmg,5.82,1,2,5.82,Medium Value,One-time (1)
1hrt8y0z,5.82,1,1,5.82,Medium Value,One-time (1)
grcziq8f,5.82,1,2,5.82,Medium Value,One-time (1)
8cxcj1tr,5.82,1,2,5.82,Medium Value,One-time (1)
cyiyt267,5.82,1,1,5.82,Medium Value,One-time (1)
77nei598,5.82,1,2,5.82,Medium Value,One-time (1)
v9yx7zxo,5.82,1,2,5.82,Medium Value,One-time (1)
te07vr3k,5.82,1,1,5.82,Medium Value,One-time (1)
jlazz3qm,5.82,1,2,5.82,Medium Value,One-time (1)
w1o8icwa,5.82,1,1,5.82,Medium Value,One-time (1)
lckz3vwl,5.82,1,2,5.82,Medium Value,One-time (1)
tvozd0ji,5.82,1,2,5.82,Medium Value,One-time (1)
rzim0tqw,5.82,1,2,5.82,Medium Value,One-time (1)
2tdxyx45,5.82,1,2,5.82,Medium Value,One-time (1)
ws7bwpy5,5.82,1,1,5.82,Medium Value,One-time (1)
0s2miryr,5.82,1,1,5.82,Medium Value,One-time (1)
mrbv2iie,5.81,1,2,5.81,Medium Value,One-time (1)
z3ketvbw,5.81,1,2,5.81,Medium Value,One-time (1)
gss8k5ij,5.81,1,1,5.81,Medium Value,One-time (1)
rs80bocn,5.81,1,1,5.81,Medium Value,One-time (1)
cpieetmf,5.81,1,2,5.81,Medium Value,One-time (1)
0tkco607,5.81,1,1,5.81,Medium Value,One-time (1)
yjfmo2nc,5.81,1,1,5.81,Medium Value,One-time (1)
npaqseye,5.81,1,1,5.81,Medium Value,One-time (1)
tylb4f6u,5.8,1,1,5.8,Medium Value,One-time (1)
ooc85brw,5.8,1,2,5.8,Medium Value,One-time (1)
p7xuj7eq,5.8,1,2,5.8,Medium Value,One-time (1)
e3tx8f1r,5.8,1,2,5.8,Medium Value,One-time (1)
fj9zfz2h,5.8,1,1,5.8,Medium Value,One-time (1)
1pzmn20y,5.8,1,1,5.8,Medium Value,One-time (1)
fv8z56mx,5.8,1,2,5.8,Medium Value,One-time (1)
8ujwurnt,5.8,1,1,5.8,Medium Value,One-time (1)
ss24ue75,5.8,1,2,5.8,Medium Value,One-time (1)
jnos1fvk,5.8,1,2,5.8,Medium Value,One-time (1)
xz3adhf0,5.8,1,2,5.8,Medium Value,One-time (1)
1b6k16le,5.8,1,1,5.8,Medium Value,One-time (1)
jksl66um,5.8,1,2,5.8,Medium Value,One-time (1)
va02dz61,5.8,1,2,5.8,Medium Value,One-time (1)
hyoy0wgp,5.8,1,1,5.8,Medium Value,One-time (1)
076b9ks1,5.8,1,2,5.8,Medium Value,One-time (1)
tafbuabz,5.8,1,1,5.8,Medium Value,One-time (1)
j3d56jlh,5.8,1,1,5.8,Medium Value,One-time (1)
hhdi8qmv,5.8,1,2,5.8,Medium Value,One-time (1)
h8sc19nx,5.8,1,2,5.8,Medium Value,One-time (1)
ln75ndtm,5.8,1,1,5.8,Medium Value,One-time (1)
3pc14pyk,5.8,1,2,5.8,Medium Value,One-time (1)
jxhq358p,5.8,1,1,5.8,Medium Value,One-time (1)
wnfm9s2e,5.8,1,1,5.8,Medium Value,One-time (1)
vy26jhg0,5.8,1,1,5.8,Medium Value,One-time (1)
ckpfxzwl,5.8,1,1,5.8,Medium Value,One-time (1)
nb4gh2m5,5.8,1,1,5.8,Medium Value,One-time (1)
mhutr72n,5.8,1,1,5.8,Medium Value,One-time (1)
r7eftsql,5.8,1,1,5.8,Medium Value,One-time (1)
gtvr5b1r,5.8,1,1,5.8,Medium Value,One-time (1)
bvr0405o,5.8,1,1,5.8,Medium Value,One-time (1)
ud99xro3,5.8,2,2,2.9,Medium Value,Occasional (2-3)
yzia6io1,5.8,1,2,5.8,Medium Value,One-time (1)
bwcck03x,5.8,1,1,5.8,Medium Value,One-time (1)
otuhfvc2,5.8,1,1,5.8,Medium Value,One-time (1)
8icyhfs5,5.8,1,2,5.8,Medium Value,One-time (1)
2pay5xg1,5.8,1,1,5.8,Medium Value,One-time (1)
ey96h8tq,5.8,1,1,5.8,Medium Value,One-time (1)
4hxxpw2g,5.79,2,2,2.895,Medium Value,Occasional (2-3)
krizwgbc,5.76,1,1,5.76,Medium Value,One-time (1)
2cq34dhc,5.76,1,1,5.76,Medium Value,One-time (1)
ftvnqe7p,5.76,1,1,5.76,Medium Value,One-time (1)
bsepr1b2,5.76,1,1,5.76,Medium Value,One-time (1)
gtntxlrz,5.76,1,1,5.76,Medium Value,One-time (1)
6luxj1b9,5.76,1,2,5.76,Medium Value,One-time (1)
88d2cqql,5.76,1,1,5.76,Medium Value,One-time (1)
xrxw3gtn,5.76,1,2,5.76,Medium Value,One-time (1)
ry37i905,5.76,1,2,5.76,Medium Value,One-time (1)
mpheboi2,5.76,1,2,5.76,Medium Value,One-time (1)
hq5wj0nn,5.76,1,1,5.76,Medium Value,One-time (1)
iquwrxze,5.76,2,2,2.88,Medium Value,Occasional (2-3)
0u51zmfs,5.76,1,1,5.76,Medium Value,One-time (1)
y72j69vh,5.76,1,2,5.76,Medium Value,One-time (1)
c8x9jmhx,5.76,1,1,5.76,Medium Value,One-time (1)
dl5185a7,5.76,1,1,5.76,Medium Value,One-time (1)
64pwgtbg,5.76,1,1,5.76,Medium Value,One-time (1)
zlr9gged,5.76,1,2,5.76,Medium Value,One-time (1)
77pgr17g,5.76,1,2,5.76,Medium Value,One-time (1)
tq0odja6,5.76,1,2,5.76,Medium Value,One-time (1)
57964y45,5.76,1,1,5.76,Medium Value,One-time (1)
adfeqt8p,5.76,1,2,5.76,Medium Value,One-time (1)
153vqowm,5.76,1,1,5.76,Medium Value,One-time (1)
g26juld8,5.76,1,1,5.76,Medium Value,One-time (1)
tg7azekl,5.76,1,1,5.76,Medium Value,One-time (1)
9me321ly,5.76,1,2,5.76,Medium Value,One-time (1)
qjh75rk4,5.76,1,1,5.76,Medium Value,One-time (1)
zh0fqyyx,5.76,1,1,5.76,Medium Value,One-time (1)
muusqs2e,5.76,1,2,5.76,Medium Value,One-time (1)
s8ichyuz,5.76,1,1,5.76,Medium Value,One-time (1)
t5erden8,5.76,1,2,5.76,Medium Value,One-time (1)
gvrezkjj,5.76,1,2,5.76,Medium Value,One-time (1)
5u0phllz,5.76,1,1,5.76,Medium Value,One-time (1)
rcn55m6k,5.76,1,1,5.76,Medium Value,One-time (1)
x2cz6dkj,5.76,1,1,5.76,Medium Value,One-time (1)
gbqwhgt4,5.76,1,1,5.76,Medium Value,One-time (1)
jmxxlepl,5.76,1,1,5.76,Medium Value,One-time (1)
t7s2k55f,5.76,1,2,5.76,Medium Value,One-time (1)
lg3vo0y6,5.76,1,1,5.76,Medium Value,One-time (1)
kzhfq160,5.76,1,1,5.76,Medium Value,One-time (1)
9jpnbzug,5.76,1,2,5.76,Medium Value,One-time (1)
d5o2g2n0,5.75,1,1,5.75,Medium Value,One-time (1)
ujlcca7u,5.75,1,1,5.75,Medium Value,One-time (1)
y43ppw5g,5.75,1,1,5.75,Medium Value,One-time (1)
9t73bikz,5.75,1,3,5.75,Medium Value,One-time (1)
da9icsrv,5.75,1,1,5.75,Medium Value,One-time (1)
pgvqmvtt,5.75,1,1,5.75,Medium Value,One-time (1)
q0b8ihoy,5.75,1,1,5.75,Medium Value,One-time (1)
cy0jn855,5.75,1,1,5.75,Medium Value,One-time (1)
4oyverpn,5.75,1,1,5.75,Medium Value,One-time (1)
79l2d9ho,5.75,1,1,5.75,Medium Value,One-time (1)
i3ngfdss,5.75,1,1,5.75,Medium Value,One-time (1)
8ofz5y6f,5.75,1,1,5.75,Medium Value,One-time (1)
9ax0xn7e,5.75,1,1,5.75,Medium Value,One-time (1)
m6djolu7,5.75,1,1,5.75,Medium Value,One-time (1)
blce5vh6,5.75,1,1,5.75,Medium Value,One-time (1)
og8u5v37,5.74,1,1,5.74,Medium Value,One-time (1)
4sx39goh,5.74,1,1,5.74,Medium Value,One-time (1)
mzwwhz35,5.74,1,2,5.74,Medium Value,One-time (1)
umuw8l6h,5.74,1,2,5.74,Medium Value,One-time (1)
5cjy1mcs,5.74,1,1,5.74,Medium Value,One-time (1)
kqx4tfvl,5.74,1,2,5.74,Medium Value,One-time (1)
7b65dx5f,5.74,1,2,5.74,Medium Value,One-time (1)
oavd4jat,5.74,1,1,5.74,Medium Value,One-time (1)
drydhswj,5.74,1,2,5.74,Medium Value,One-time (1)
yera1bj6,5.74,1,1,5.74,Medium Value,One-time (1)
pzqbhkm9,5.74,1,1,5.74,Medium Value,One-time (1)
kckw1qv1,5.73,1,1,5.73,Medium Value,One-time (1)
w9vb0wa3,5.72,1,1,5.72,Medium Value,One-time (1)
k4473exs,5.72,1,1,5.72,Medium Value,One-time (1)
i468n5s7,5.72,1,1,5.72,Medium Value,One-time (1)
aom3t5ws,5.72,1,1,5.72,Medium Value,One-time (1)
pceo934t,5.72,1,1,5.72,Medium Value,One-time (1)
7xm6sl3u,5.72,1,1,5.72,Medium Value,One-time (1)
79fh1isd,5.72,1,1,5.72,Medium Value,One-time (1)
yjdmzy79,5.72,1,2,5.72,Medium Value,One-time (1)
c59idko2,5.72,1,1,5.72,Medium Value,One-time (1)
9eo741r9,5.72,1,1,5.72,Medium Value,One-time (1)
p2480fzp,5.72,1,3,5.72,Medium Value,One-time (1)
9kn9g0qb,5.72,1,1,5.72,Medium Value,One-time (1)
98gu7zkl,5.72,1,1,5.72,Medium Value,One-time (1)
tnnd08un,5.72,1,1,5.72,Medium Value,One-time (1)
22v0gw77,5.72,1,2,5.72,Medium Value,One-time (1)
ve4izdd8,5.72,1,3,5.72,Medium Value,One-time (1)
x63558a2,5.72,1,1,5.72,Medium Value,One-time (1)
s7fjratd,5.72,1,2,5.72,Medium Value,One-time (1)
158a5i6f,5.72,1,1,5.72,Medium Value,One-time (1)
utx4gk1g,5.72,1,1,5.72,Medium Value,One-time (1)
rerq0s9g,5.72,1,1,5.72,Medium Value,One-time (1)
6usaypx4,5.72,1,1,5.72,Medium Value,One-time (1)
l3horzm2,5.72,1,2,5.72,Medium Value,One-time (1)
unqktxs3,5.72,1,1,5.72,Medium Value,One-time (1)
c22nlgfe,5.72,1,2,5.72,Medium Value,One-time (1)
wonn7kyx,5.72,1,2,5.72,Medium Value,One-time (1)
9cu9quu0,5.72,1,1,5.72,Medium Value,One-time (1)
0j1tiykd,5.72,1,1,5.72,Medium Value,One-time (1)
guvw1nul,5.71,1,1,5.71,Medium Value,One-time (1)
7oolukyo,5.71,1,3,5.71,Medium Value,One-time (1)
nq7vy7ei,5.7,1,1,5.7,Medium Value,One-time (1)
2dtwf1gr,5.7,1,3,5.7,Medium Value,One-time (1)
hzcb3i4r,5.7,1,2,5.7,Medium Value,One-time (1)
wrxd56fv,5.7,1,2,5.7,Medium Value,One-time (1)
bec41rn9,5.7,2,2,2.85,Medium Value,Occasional (2-3)
s5osjv5c,5.7,1,1,5.7,Medium Value,One-time (1)
r3fbf23p,5.7,1,2,5.7,Medium Value,One-time (1)
flb7wxru,5.7,1,2,5.7,Medium Value,One-time (1)
1o3naz5e,5.7,1,1,5.7,Medium Value,One-time (1)
ghm56vu6,5.7,1,2,5.7,Medium Value,One-time (1)
w6p5h5no,5.7,1,1,5.7,Medium Value,One-time (1)
vjeifc1u,5.7,1,2,5.7,Medium Value,One-time (1)
h8mxq28v,5.7,1,2,5.7,Medium Value,One-time (1)
y0cl3cie,5.7,1,1,5.7,Medium Value,One-time (1)
4tkvv7pg,5.7,1,1,5.7,Medium Value,One-time (1)
73hb6uss,5.7,1,2,5.7,Medium Value,One-time (1)
flc7uzia,5.7,1,1,5.7,Medium Value,One-time (1)
4u73xvax,5.7,1,1,5.7,Medium Value,One-time (1)
y0uncbzi,5.7,1,2,5.7,Medium Value,One-time (1)
rfaju08h,5.7,1,2,5.7,Medium Value,One-time (1)
wtjp9hzv,5.7,1,1,5.7,Medium Value,One-time (1)
xphh7t7b,5.7,1,1,5.7,Medium Value,One-time (1)
nbwgkisx,5.7,1,3,5.7,Medium Value,One-time (1)
s0m0t6s6,5.7,1,2,5.7,Medium Value,One-time (1)
aydvswu0,5.7,1,1,5.7,Medium Value,One-time (1)
4nw39and,5.7,1,1,5.7,Medium Value,One-time (1)
ruk2anmq,5.7,1,1,5.7,Medium Value,One-time (1)
7gcg85s0,5.7,1,1,5.7,Medium Value,One-time (1)
zdfbri65,5.7,1,2,5.7,Medium Value,One-time (1)
dhuj4et7,5.7,1,3,5.7,Medium Value,One-time (1)
fdyflimr,5.7,1,1,5.7,Medium Value,One-time (1)
jks7th1e,5.7,1,2,5.7,Medium Value,One-time (1)
l38t67gr,5.7,1,2,5.7,Medium Value,One-time (1)
5ty18ji2,5.7,1,1,5.7,Medium Value,One-time (1)
tvsrj7m9,5.7,1,1,5.7,Medium Value,One-time (1)
ou0lbbm6,5.7,1,1,5.7,Medium Value,One-time (1)
3eyyljdp,5.7,1,2,5.7,Medium Value,One-time (1)
8lj20vkm,5.7,1,1,5.7,Medium Value,One-time (1)
p1fbuj6v,5.7,1,2,5.7,Medium Value,One-time (1)
6gtilyt9,5.7,1,1,5.7,Medium Value,One-time (1)
y6mn4ptx,5.7,1,2,5.7,Medium Value,One-time (1)
sf1jzulj,5.7,1,2,5.7,Medium Value,One-time (1)
mug7naf9,5.7,1,1,5.7,Medium Value,One-time (1)
ddpacd8l,5.7,1,2,5.7,Medium Value,One-time (1)
f8zvkz6u,5.7,1,2,5.7,Medium Value,One-time (1)
3lwe79px,5.7,1,3,5.7,Medium Value,One-time (1)
u12l6udy,5.7,1,2,5.7,Medium Value,One-time (1)
3slt66zx,5.7,1,2,5.7,Medium Value,One-time (1)
jjxkf5uu,5.7,1,2,5.7,Medium Value,One-time (1)
k75rg9mt,5.7,1,3,5.7,Medium Value,One-time (1)
qen0kacz,5.7,1,1,5.7,Medium Value,One-time (1)
tps9mrz9,5.7,1,1,5.7,Medium Value,One-time (1)
qgv1tpy7,5.7,1,2,5.7,Medium Value,One-time (1)
6oll869b,5.7,1,2,5.7,Medium Value,One-time (1)
stklgr83,5.7,1,1,5.7,Medium Value,One-time (1)
on439er2,5.7,1,1,5.7,Medium Value,One-time (1)
vdhr59c8,5.7,1,1,5.7,Medium Value,One-time (1)
suh89dsr,5.7,1,3,5.7,Medium Value,One-time (1)
msqma3un,5.7,1,2,5.7,Medium Value,One-time (1)
36cbpsl5,5.7,1,1,5.7,Medium Value,One-time (1)
9hwt1z9o,5.7,1,1,5.7,Medium Value,One-time (1)
38g8kbkk,5.7,1,1,5.7,Medium Value,One-time (1)
ttargxfn,5.7,1,2,5.7,Medium Value,One-time (1)
qdzyut1h,5.7,1,2,5.7,Medium Value,One-time (1)
jjy4mzvm,5.699999999999999,2,2,2.8499999999999996,Medium Value,Occasional (2-3)
zje2st3v,5.68,1,2,5.68,Medium Value,One-time (1)
l8rsbcse,5.68,1,1,5.68,Medium Value,One-time (1)
dsz3mw54,5.68,1,2,5.68,Medium Value,One-time (1)
0m9wug67,5.68,1,2,5.68,Medium Value,One-time (1)
h3t63xjk,5.68,1,2,5.68,Medium Value,One-time (1)
760rs6c4,5.68,2,2,2.84,Medium Value,Occasional (2-3)
kc9xl93u,5.68,1,1,5.68,Medium Value,One-time (1)
24gqlmz1,5.68,1,2,5.68,Medium Value,One-time (1)
ln4x3r7h,5.68,1,2,5.68,Medium Value,One-time (1)
v0c0vja6,5.68,1,1,5.68,Medium Value,One-time (1)
4zhthkqr,5.68,1,2,5.68,Medium Value,One-time (1)
2d0nx5wt,5.67,1,1,5.67,Medium Value,One-time (1)
da99wjs1,5.67,1,1,5.67,Medium Value,One-time (1)
9kqnaps1,5.67,1,1,5.67,Medium Value,One-time (1)
2qpi0s7d,5.67,1,1,5.67,Medium Value,One-time (1)
xfndt4tk,5.66,1,2,5.66,Medium Value,One-time (1)
ann35zlq,5.66,1,2,5.66,Medium Value,One-time (1)
qlld0n53,5.66,1,2,5.66,Medium Value,One-time (1)
r7eqs3an,5.66,1,2,5.66,Medium Value,One-time (1)
hukwqvr1,5.66,2,2,2.83,Medium Value,Occasional (2-3)
kp79yio0,5.66,1,2,5.66,Medium Value,One-time (1)
lpvowcp7,5.66,1,2,5.66,Medium Value,One-time (1)
623n3p6u,5.66,1,2,5.66,Medium Value,One-time (1)
he0qh1xj,5.66,1,2,5.66,Medium Value,One-time (1)
n5xefbjn,5.66,1,2,5.66,Medium Value,One-time (1)
6907fbcb,5.66,1,2,5.66,Medium Value,One-time (1)
wqv3ymhu,5.66,1,2,5.66,Medium Value,One-time (1)
hd268anj,5.66,1,2,5.66,Medium Value,One-time (1)
1zaq7qha,5.66,1,2,5.66,Medium Value,One-time (1)
s3ps2dx9,5.66,1,2,5.66,Medium Value,One-time (1)
jdy3zeri,5.66,1,2,5.66,Medium Value,One-time (1)
ff9p3lcf,5.66,1,2,5.66,Medium Value,One-time (1)
jyspthov,5.66,1,1,5.66,Medium Value,One-time (1)
zkl5thhh,5.66,1,2,5.66,Medium Value,One-time (1)
k08k02ma,5.66,1,2,5.66,Medium Value,One-time (1)
1lz2jxo0,5.66,1,2,5.66,Medium Value,One-time (1)
e6gispgs,5.66,1,2,5.66,Medium Value,One-time (1)
jkksffqn,5.65,1,2,5.65,Medium Value,One-time (1)
nfsl5l8k,5.65,1,2,5.65,Medium Value,One-time (1)
wky40byq,5.64,1,2,5.64,Medium Value,One-time (1)
n8z6bpg7,5.64,1,2,5.64,Medium Value,One-time (1)
lrur1y48,5.64,1,2,5.64,Medium Value,One-time (1)
hhtfggms,5.64,1,2,5.64,Medium Value,One-time (1)
3met8nkl,5.64,1,1,5.64,Medium Value,One-time (1)
nxhemrnk,5.64,1,1,5.64,Medium Value,One-time (1)
8wzjssgu,5.64,1,1,5.64,Medium Value,One-time (1)
6c79xwwd,5.64,1,1,5.64,Medium Value,One-time (1)
nyyvfonb,5.64,1,1,5.64,Medium Value,One-time (1)
lde1gzrb,5.64,1,1,5.64,Medium Value,One-time (1)
q7jbmjm1,5.64,1,1,5.64,Medium Value,One-time (1)
r6h1cagh,5.64,1,3,5.64,Medium Value,One-time (1)
xqi7kr54,5.64,1,2,5.64,Medium Value,One-time (1)
u6bx0mfr,5.64,1,1,5.64,Medium Value,One-time (1)
o7ngm4du,5.64,1,1,5.64,Medium Value,One-time (1)
exqnwq0k,5.64,1,1,5.64,Medium Value,One-time (1)
jhvj5zvx,5.64,1,2,5.64,Medium Value,One-time (1)
hpx9bq4y,5.64,1,1,5.64,Medium Value,One-time (1)
e5ssb04t,5.64,1,2,5.64,Medium Value,One-time (1)
cy7dh7ty,5.64,1,2,5.64,Medium Value,One-time (1)
vs9c1xn4,5.64,1,1,5.64,Medium Value,One-time (1)
g3bg0e74,5.64,1,2,5.64,Medium Value,One-time (1)
nupf529s,5.64,1,2,5.64,Medium Value,One-time (1)
hivbw25n,5.64,1,2,5.64,Medium Value,One-time (1)
ww0cqak6,5.64,1,1,5.64,Medium Value,One-time (1)
p5gbvavm,5.64,1,2,5.64,Medium Value,One-time (1)
kquflzsn,5.64,1,2,5.64,Medium Value,One-time (1)
8oejtdwc,5.64,1,1,5.64,Medium Value,One-time (1)
6nlqe5ft,5.64,1,2,5.64,Medium Value,One-time (1)
8zpzllc4,5.64,1,2,5.64,Medium Value,One-time (1)
leyy2yo2,5.64,1,1,5.64,Medium Value,One-time (1)
twt2i9ow,5.64,1,2,5.64,Medium Value,One-time (1)
di21xcbb,5.64,1,2,5.64,Medium Value,One-time (1)
07oxoc4p,5.64,1,1,5.64,Medium Value,One-time (1)
d0gnhy78,5.64,1,1,5.64,Medium Value,One-time (1)
buekhbvo,5.64,1,3,5.64,Medium Value,One-time (1)
x1n61ihx,5.63,1,1,5.63,Medium Value,One-time (1)
3w5uzbik,5.63,1,2,5.63,Medium Value,One-time (1)
i8mjdavo,5.63,1,1,5.63,Medium Value,One-time (1)
rxwspucm,5.63,1,1,5.63,Medium Value,One-time (1)
588gy1rf,5.63,1,1,5.63,Medium Value,One-time (1)
hqky9r0a,5.63,1,1,5.63,Medium Value,One-time (1)
u6dj0qpi,5.63,1,1,5.63,Medium Value,One-time (1)
9pyf24w2,5.63,1,2,5.63,Medium Value,One-time (1)
b9wcf7e2,5.63,1,1,5.63,Medium Value,One-time (1)
8upvrd1p,5.63,1,1,5.63,Medium Value,One-time (1)
jn3sqdw0,5.63,1,1,5.63,Medium Value,One-time (1)
lj27pd21,5.63,1,1,5.63,Medium Value,One-time (1)
s25c8yq4,5.63,1,1,5.63,Medium Value,One-time (1)
r24bf1j1,5.63,1,1,5.63,Medium Value,One-time (1)
hg423r4c,5.63,1,1,5.63,Medium Value,One-time (1)
hxcq8jr2,5.63,1,1,5.63,Medium Value,One-time (1)
7uvzpvzq,5.63,1,1,5.63,Medium Value,One-time (1)
6na29lir,5.63,1,1,5.63,Medium Value,One-time (1)
bm0f4zcp,5.63,1,1,5.63,Medium Value,One-time (1)
qxuoo3jg,5.63,1,1,5.63,Medium Value,One-time (1)
xz1iewg7,5.63,1,1,5.63,Medium Value,One-time (1)
pf4lxg0a,5.62,1,1,5.62,Medium Value,One-time (1)
zslguh99,5.62,1,1,5.62,Medium Value,One-time (1)
ml0xdatr,5.62,1,1,5.62,Medium Value,One-time (1)
ha162lu3,5.62,1,1,5.62,Medium Value,One-time (1)
12vmridf,5.62,1,1,5.62,Medium Value,One-time (1)
4kjekc1j,5.62,1,1,5.62,Medium Value,One-time (1)
kjeys396,5.62,1,2,5.62,Medium Value,One-time (1)
sgfpb2rh,5.62,1,1,5.62,Medium Value,One-time (1)
rau5d6to,5.62,1,1,5.62,Medium Value,One-time (1)
bzdfb6m1,5.62,1,2,5.62,Medium Value,One-time (1)
s5la1pca,5.62,1,1,5.62,Medium Value,One-time (1)
bcvnnkwe,5.62,1,1,5.62,Medium Value,One-time (1)
eso838bb,5.62,1,1,5.62,Medium Value,One-time (1)
spqhmx56,5.62,1,1,5.62,Medium Value,One-time (1)
uit4e4oc,5.62,1,1,5.62,Medium Value,One-time (1)
onvab9fh,5.62,1,1,5.62,Medium Value,One-time (1)
02v3xwk3,5.62,1,2,5.62,Medium Value,One-time (1)
49v8afno,5.62,1,1,5.62,Medium Value,One-time (1)
qqf3nap6,5.62,1,1,5.62,Medium Value,One-time (1)
s0cvqa2y,5.62,1,1,5.62,Medium Value,One-time (1)
f3ykmvls,5.62,1,2,5.62,Medium Value,One-time (1)
la1pj0jg,5.62,1,1,5.62,Medium Value,One-time (1)
xmj79j7h,5.62,1,2,5.62,Medium Value,One-time (1)
fvb71ghl,5.62,1,1,5.62,Medium Value,One-time (1)
yzbiw981,5.62,1,1,5.62,Medium Value,One-time (1)
22rtbg6w,5.62,1,2,5.62,Medium Value,One-time (1)
4saymi8t,5.62,1,1,5.62,Medium Value,One-time (1)
6vl133jb,5.62,1,1,5.62,Medium Value,One-time (1)
nuu1yw17,5.62,1,2,5.62,Medium Value,One-time (1)
2yh5000o,5.62,1,1,5.62,Medium Value,One-time (1)
xf02hel3,5.62,1,1,5.62,Medium Value,One-time (1)
fng4sk2r,5.62,1,1,5.62,Medium Value,One-time (1)
hxdhczyu,5.62,1,1,5.62,Medium Value,One-time (1)
cjfqq27k,5.62,1,1,5.62,Medium Value,One-time (1)
l1egirmp,5.62,1,1,5.62,Medium Value,One-time (1)
x9qehuug,5.62,1,1,5.62,Medium Value,One-time (1)
es238tdq,5.62,1,1,5.62,Medium Value,One-time (1)
iam8nm3d,5.62,1,1,5.62,Medium Value,One-time (1)
wi83cr4t,5.62,1,1,5.62,Medium Value,One-time (1)
bwllsfxc,5.62,1,1,5.62,Medium Value,One-time (1)
kl24v5b9,5.62,1,1,5.62,Medium Value,One-time (1)
xba1xtnr,5.62,1,2,5.62,Medium Value,One-time (1)
6t1kg53k,5.62,1,1,5.62,Medium Value,One-time (1)
2bz7bht5,5.62,1,2,5.62,Medium Value,One-time (1)
efj31ego,5.62,1,1,5.62,Medium Value,One-time (1)
55ay9jzd,5.62,1,1,5.62,Medium Value,One-time (1)
phhzlpoy,5.62,1,1,5.62,Medium Value,One-time (1)
g66doftm,5.62,1,1,5.62,Medium Value,One-time (1)
qn3n58sy,5.62,1,1,5.62,Medium Value,One-time (1)
izibu9rr,5.62,1,1,5.62,Medium Value,One-time (1)
n1ut65ix,5.62,1,1,5.62,Medium Value,One-time (1)
bp7df4yy,5.62,1,1,5.62,Medium Value,One-time (1)
qpm3wfuu,5.62,1,1,5.62,Medium Value,One-time (1)
yqy5qaix,5.62,1,2,5.62,Medium Value,One-time (1)
bxktqwxl,5.62,1,2,5.62,Medium Value,One-time (1)
cfilkjxj,5.62,1,1,5.62,Medium Value,One-time (1)
3unij0r7,5.62,1,1,5.62,Medium Value,One-time (1)
xf9lv1ys,5.61,1,3,5.61,Medium Value,One-time (1)
zu743l4r,5.61,1,3,5.61,Medium Value,One-time (1)
xm0bg20n,5.61,1,3,5.61,Medium Value,One-time (1)
nw01zmy4,5.61,1,3,5.61,Medium Value,One-time (1)
k0axycel,5.61,2,2,2.805,Medium Value,Occasional (2-3)
a1vdgezc,5.61,1,3,5.61,Medium Value,One-time (1)
lg7q8kvy,5.6,1,2,5.6,Medium Value,One-time (1)
58kp9tb6,5.6,1,2,5.6,Medium Value,One-time (1)
xr8p3b6o,5.6,1,2,5.6,Medium Value,One-time (1)
zz0i0835,5.6,1,2,5.6,Medium Value,One-time (1)
ej6vl4tt,5.6,1,2,5.6,Medium Value,One-time (1)
muvgrify,5.6,1,2,5.6,Medium Value,One-time (1)
a5koj4li,5.6,1,2,5.6,Medium Value,One-time (1)
lj8tmxfw,5.6,1,2,5.6,Medium Value,One-time (1)
gb51r5l4,5.6,1,2,5.6,Medium Value,One-time (1)
z24ec0qp,5.6,1,2,5.6,Medium Value,One-time (1)
81ajlaaa,5.6,1,2,5.6,Medium Value,One-time (1)
9ue421vm,5.6,1,2,5.6,Medium Value,One-time (1)
ghm6kule,5.6,1,2,5.6,Medium Value,One-time (1)
u8qkejke,5.59,1,3,5.59,Medium Value,One-time (1)
vxs2tya1,5.59,1,1,5.59,Medium Value,One-time (1)
xhfsbxov,5.59,1,3,5.59,Medium Value,One-time (1)
njd5sloc,5.59,2,2,2.795,Medium Value,Occasional (2-3)
x3awyqfw,5.58,1,1,5.58,Medium Value,One-time (1)
rzvb011n,5.58,1,1,5.58,Medium Value,One-time (1)
ggpfmnm5,5.58,1,1,5.58,Medium Value,One-time (1)
35x3x10y,5.58,1,1,5.58,Medium Value,One-time (1)
5qkzdwu4,5.58,1,1,5.58,Medium Value,One-time (1)
u8be11um,5.58,1,1,5.58,Medium Value,One-time (1)
od2muqoz,5.58,1,1,5.58,Medium Value,One-time (1)
rkbhuzhz,5.58,1,1,5.58,Medium Value,One-time (1)
eq8dh9pt,5.57,2,2,2.785,Medium Value,Occasional (2-3)
2tslk0p2,5.56,1,2,5.56,Medium Value,One-time (1)
258a0402,5.56,1,1,5.56,Medium Value,One-time (1)
ydp2bzy6,5.56,1,1,5.56,Medium Value,One-time (1)
u806di3b,5.55,1,1,5.55,Medium Value,One-time (1)
3k8a7rv4,5.55,1,1,5.55,Medium Value,One-time (1)
hvf6slow,5.55,1,1,5.55,Medium Value,One-time (1)
n5h8ejrg,5.55,1,1,5.55,Medium Value,One-time (1)
tzbjjz4v,5.55,1,1,5.55,Medium Value,One-time (1)
91z491dg,5.55,1,1,5.55,Medium Value,One-time (1)
c4apmvs0,5.55,1,1,5.55,Medium Value,One-time (1)
wbx0d9lg,5.55,1,1,5.55,Medium Value,One-time (1)
d82oggs2,5.55,1,1,5.55,Medium Value,One-time (1)
ukn500oc,5.55,1,1,5.55,Medium Value,One-time (1)
qymvuqq4,5.55,1,1,5.55,Medium Value,One-time (1)
rzl8ayrg,5.55,1,1,5.55,Medium Value,One-time (1)
z7lxo7ka,5.55,1,1,5.55,Medium Value,One-time (1)
jb2s6sgl,5.55,1,1,5.55,Medium Value,One-time (1)
z2v6ticu,5.55,1,1,5.55,Medium Value,One-time (1)
kc98d6qh,5.55,1,1,5.55,Medium Value,One-time (1)
7fj72kpt,5.55,1,1,5.55,Medium Value,One-time (1)
ryrl1tdf,5.55,1,1,5.55,Medium Value,One-time (1)
uhso0mxf,5.55,1,1,5.55,Medium Value,One-time (1)
7t36b6ri,5.55,1,1,5.55,Medium Value,One-time (1)
we6y6jz9,5.55,1,1,5.55,Medium Value,One-time (1)
1n7gec07,5.55,1,1,5.55,Medium Value,One-time (1)
d7baywgk,5.55,1,1,5.55,Medium Value,One-time (1)
8awixqoj,5.55,1,1,5.55,Medium Value,One-time (1)
gwt44jbc,5.55,1,1,5.55,Medium Value,One-time (1)
dtinxpo4,5.55,1,1,5.55,Medium Value,One-time (1)
cxs0bhrx,5.55,1,1,5.55,Medium Value,One-time (1)
narjxk96,5.55,1,1,5.55,Medium Value,One-time (1)
3znbxulh,5.55,1,1,5.55,Medium Value,One-time (1)
7gtfedx4,5.55,1,1,5.55,Medium Value,One-time (1)
apkydyy7,5.55,1,1,5.55,Medium Value,One-time (1)
2w2y685x,5.55,1,1,5.55,Medium Value,One-time (1)
mt5ho7b2,5.55,1,1,5.55,Medium Value,One-time (1)
ezgyo3r5,5.55,1,1,5.55,Medium Value,One-time (1)
o8d6hgwd,5.55,1,1,5.55,Medium Value,One-time (1)
fit1jwhe,5.55,1,1,5.55,Medium Value,One-time (1)
f5gzpl1q,5.55,1,1,5.55,Medium Value,One-time (1)
uw8c40j5,5.55,1,1,5.55,Medium Value,One-time (1)
5cw41mvx,5.55,1,1,5.55,Medium Value,One-time (1)
nzsza920,5.55,1,1,5.55,Medium Value,One-time (1)
fouw7cdb,5.54,1,2,5.54,Medium Value,One-time (1)
eb3rii31,5.53,1,3,5.53,Medium Value,One-time (1)
72xi8ku2,5.53,1,1,5.53,Medium Value,One-time (1)
y977b34s,5.52,1,2,5.52,Medium Value,One-time (1)
ewy3jmol,5.52,1,1,5.52,Medium Value,One-time (1)
gfrqt8i5,5.52,1,2,5.52,Medium Value,One-time (1)
c89srqar,5.52,1,1,5.52,Medium Value,One-time (1)
z74bjnd2,5.52,1,1,5.52,Medium Value,One-time (1)
ujz8uie1,5.52,1,2,5.52,Medium Value,One-time (1)
n01otbfw,5.52,1,1,5.52,Medium Value,One-time (1)
rclgojfs,5.52,1,1,5.52,Medium Value,One-time (1)
lbuqd0o3,5.52,1,1,5.52,Medium Value,One-time (1)
gz4y78py,5.52,1,1,5.52,Medium Value,One-time (1)
helrldep,5.52,1,1,5.52,Medium Value,One-time (1)
9hsrklsr,5.52,1,2,5.52,Medium Value,One-time (1)
weqnoeqg,5.52,1,2,5.52,Medium Value,One-time (1)
8y2d47ui,5.52,1,2,5.52,Medium Value,One-time (1)
7c5g2261,5.52,1,2,5.52,Medium Value,One-time (1)
kug0bpsu,5.52,1,2,5.52,Medium Value,One-time (1)
9if550i8,5.52,1,1,5.52,Medium Value,One-time (1)
zwffhhcm,5.52,1,2,5.52,Medium Value,One-time (1)
kl9s63hq,5.52,1,1,5.52,Medium Value,One-time (1)
8967mx2l,5.52,1,1,5.52,Medium Value,One-time (1)
pacvjc2g,5.52,1,2,5.52,Medium Value,One-time (1)
9c4u61di,5.52,1,1,5.52,Medium Value,One-time (1)
gouifeza,5.52,1,1,5.52,Medium Value,One-time (1)
akjy41hk,5.52,1,3,5.52,Medium Value,One-time (1)
h4tkqky5,5.52,1,1,5.52,Medium Value,One-time (1)
z9eod1d7,5.52,1,2,5.52,Medium Value,One-time (1)
o9lqhf2s,5.52,1,1,5.52,Medium Value,One-time (1)
eaxeojf3,5.52,1,2,5.52,Medium Value,One-time (1)
g2lkxbje,5.52,1,2,5.52,Medium Value,One-time (1)
ylrkyjgg,5.52,1,1,5.52,Medium Value,One-time (1)
7wdrsj47,5.52,1,3,5.52,Medium Value,One-time (1)
c8x6osy0,5.52,1,2,5.52,Medium Value,One-time (1)
oiwaydru,5.52,1,2,5.52,Medium Value,One-time (1)
wks9u0gb,5.52,1,1,5.52,Medium Value,One-time (1)
t5urn5ar,5.52,1,1,5.52,Medium Value,One-time (1)
54qygzg4,5.52,1,2,5.52,Medium Value,One-time (1)
jcjiib2w,5.52,1,2,5.52,Medium Value,One-time (1)
ku4xihmf,5.52,1,1,5.52,Medium Value,One-time (1)
78rgp9fd,5.52,1,1,5.52,Medium Value,One-time (1)
57kmqff5,5.52,1,1,5.52,Medium Value,One-time (1)
7fenme2v,5.52,1,3,5.52,Medium Value,One-time (1)
g7az39al,5.52,1,2,5.52,Medium Value,One-time (1)
2341i39u,5.52,1,2,5.52,Medium Value,One-time (1)
z9a6aukm,5.52,1,2,5.52,Medium Value,One-time (1)
8ksi3rhb,5.52,1,2,5.52,Medium Value,One-time (1)
88qeoz0k,5.52,1,1,5.52,Medium Value,One-time (1)
32syu2w5,5.52,1,1,5.52,Medium Value,One-time (1)
c663rkxk,5.52,1,1,5.52,Medium Value,One-time (1)
qtqi5l4u,5.52,1,1,5.52,Medium Value,One-time (1)
swebnvg5,5.52,1,1,5.52,Medium Value,One-time (1)
gb5w0q6q,5.52,1,3,5.52,Medium Value,One-time (1)
3q5mf5zw,5.52,1,2,5.52,Medium Value,One-time (1)
amt3wjq3,5.52,1,1,5.52,Medium Value,One-time (1)
zfescll2,5.52,1,1,5.52,Medium Value,One-time (1)
9lfdygki,5.52,1,1,5.52,Medium Value,One-time (1)
8klk1zkv,5.52,1,2,5.52,Medium Value,One-time (1)
w0pe380d,5.52,1,1,5.52,Medium Value,One-time (1)
puiueszy,5.52,1,1,5.52,Medium Value,One-time (1)
dnjylp5v,5.52,1,2,5.52,Medium Value,One-time (1)
nwalnfps,5.52,1,2,5.52,Medium Value,One-time (1)
i8ct3k7y,5.52,1,3,5.52,Medium Value,One-time (1)
brfj7koh,5.52,1,2,5.52,Medium Value,One-time (1)
qbtak8ao,5.52,1,2,5.52,Medium Value,One-time (1)
of1h94cq,5.52,1,2,5.52,Medium Value,One-time (1)
sug2490a,5.52,1,1,5.52,Medium Value,One-time (1)
oc54ffft,5.52,1,1,5.52,Medium Value,One-time (1)
753819no,5.52,1,1,5.52,Medium Value,One-time (1)
nf20cp4a,5.52,1,3,5.52,Medium Value,One-time (1)
jk08541l,5.52,1,2,5.52,Medium Value,One-time (1)
q115zhio,5.52,1,2,5.52,Medium Value,One-time (1)
ubn2e3mp,5.52,1,2,5.52,Medium Value,One-time (1)
5g6dcag4,5.52,1,2,5.52,Medium Value,One-time (1)
21s0mzhy,5.52,1,1,5.52,Medium Value,One-time (1)
m5hgbo06,5.52,1,1,5.52,Medium Value,One-time (1)
bn2onrdk,5.52,1,2,5.52,Medium Value,One-time (1)
qzzrwa1e,5.52,1,2,5.52,Medium Value,One-time (1)
ji74ql3s,5.52,1,1,5.52,Medium Value,One-time (1)
xflpyreo,5.52,1,1,5.52,Medium Value,One-time (1)
w084fprq,5.52,1,2,5.52,Medium Value,One-time (1)
vweuupks,5.51,1,2,5.51,Medium Value,One-time (1)
0sr4m5pv,5.51,1,1,5.51,Medium Value,One-time (1)
nrxd356w,5.51,1,1,5.51,Medium Value,One-time (1)
2k1un8u2,5.51,1,2,5.51,Medium Value,One-time (1)
gc2exptx,5.51,1,1,5.51,Medium Value,One-time (1)
qyl0l1kb,5.51,1,1,5.51,Medium Value,One-time (1)
wgcliga4,5.51,1,2,5.51,Medium Value,One-time (1)
pfd2xc6s,5.51,1,1,5.51,Medium Value,One-time (1)
74y30wl6,5.51,1,2,5.51,Medium Value,One-time (1)
hl4vx3sp,5.51,1,1,5.51,Medium Value,One-time (1)
g9z7pn4j,5.51,1,1,5.51,Medium Value,One-time (1)
6wim365w,5.51,1,1,5.51,Medium Value,One-time (1)
jrpe2xn9,5.51,1,2,5.51,Medium Value,One-time (1)
vayeigct,5.51,1,1,5.51,Medium Value,One-time (1)
megv2vxr,5.51,1,2,5.51,Medium Value,One-time (1)
s8yrgwoc,5.51,1,1,5.51,Medium Value,One-time (1)
62vluwbn,5.51,1,1,5.51,Medium Value,One-time (1)
gqurabc9,5.51,1,1,5.51,Medium Value,One-time (1)
lywvtr8p,5.51,1,2,5.51,Medium Value,One-time (1)
n1u3493w,5.51,1,2,5.51,Medium Value,One-time (1)
zy8ddrni,5.51,1,1,5.51,Medium Value,One-time (1)
ujgxpsg9,5.5,1,2,5.5,Medium Value,One-time (1)
xjve3dze,5.5,1,2,5.5,Medium Value,One-time (1)
e1auo350,5.5,1,1,5.5,Medium Value,One-time (1)
gkmf1z3q,5.5,1,2,5.5,Medium Value,One-time (1)
db6xbtpx,5.5,1,1,5.5,Medium Value,One-time (1)
lg3u57v3,5.5,1,1,5.5,Medium Value,One-time (1)
3jhxb48a,5.5,1,2,5.5,Medium Value,One-time (1)
jl5ut2fv,5.5,1,2,5.5,Medium Value,One-time (1)
0iwhdnql,5.5,1,1,5.5,Medium Value,One-time (1)
rckx58ro,5.5,1,1,5.5,Medium Value,One-time (1)
nf2jsv6o,5.5,1,2,5.5,Medium Value,One-time (1)
0w8dce3m,5.5,1,2,5.5,Medium Value,One-time (1)
bybpqcup,5.5,1,2,5.5,Medium Value,One-time (1)
cdehceux,5.5,1,2,5.5,Medium Value,One-time (1)
n55wpoci,5.5,1,2,5.5,Medium Value,One-time (1)
is5xnl2y,5.5,1,1,5.5,Medium Value,One-time (1)
o13k3xf1,5.5,1,1,5.5,Medium Value,One-time (1)
w6ert1i0,5.5,1,1,5.5,Medium Value,One-time (1)
txg3b6ma,5.5,1,2,5.5,Medium Value,One-time (1)
er3mqqk4,5.5,1,2,5.5,Medium Value,One-time (1)
31q6h0e0,5.5,1,2,5.5,Medium Value,One-time (1)
odqhzsrw,5.5,1,1,5.5,Medium Value,One-time (1)
d3a4xck3,5.5,1,1,5.5,Medium Value,One-time (1)
08jg4jgi,5.5,1,1,5.5,Medium Value,One-time (1)
xlpu0dk0,5.5,1,1,5.5,Medium Value,One-time (1)
b7k5bluh,5.5,1,2,5.5,Medium Value,One-time (1)
ynds5tfm,5.5,1,2,5.5,Medium Value,One-time (1)
jz7wgqzu,5.5,1,2,5.5,Medium Value,One-time (1)
ffvsyn3i,5.5,1,1,5.5,Medium Value,One-time (1)
dq3i8g9a,5.5,1,1,5.5,Medium Value,One-time (1)
az532l9b,5.5,1,2,5.5,Medium Value,One-time (1)
jwjtogfw,5.5,1,2,5.5,Medium Value,One-time (1)
9kclr7z7,5.5,1,1,5.5,Medium Value,One-time (1)
3ppczo35,5.5,1,2,5.5,Medium Value,One-time (1)
8v0h80vz,5.5,1,1,5.5,Medium Value,One-time (1)
1vof5q28,5.5,1,1,5.5,Medium Value,One-time (1)
zc4193ie,5.5,1,2,5.5,Medium Value,One-time (1)
6axzj0a2,5.5,1,1,5.5,Medium Value,One-time (1)
vo0yhkdj,5.5,1,1,5.5,Medium Value,One-time (1)
l39g0aqm,5.5,1,1,5.5,Medium Value,One-time (1)
rz2pbxc5,5.5,1,1,5.5,Medium Value,One-time (1)
2vxqq6cn,5.5,1,1,5.5,Medium Value,One-time (1)
7rree6pi,5.5,1,1,5.5,Medium Value,One-time (1)
0oo36uad,5.5,1,1,5.5,Medium Value,One-time (1)
1l96ghe8,5.5,1,2,5.5,Medium Value,One-time (1)
ixy5jiie,5.5,1,2,5.5,Medium Value,One-time (1)
2tv5ew6r,5.5,1,2,5.5,Medium Value,One-time (1)
rw0nq0ia,5.5,1,1,5.5,Medium Value,One-time (1)
a2cz1dw7,5.5,1,2,5.5,Medium Value,One-time (1)
rqhlkt35,5.5,1,1,5.5,Medium Value,One-time (1)
57afkxqr,5.5,1,2,5.5,Medium Value,One-time (1)
g5y4ys4v,5.48,1,2,5.48,Medium Value,One-time (1)
hgn1o4fo,5.48,1,2,5.48,Medium Value,One-time (1)
r7ulhp8n,5.48,1,2,5.48,Medium Value,One-time (1)
2wcrjan1,5.48,1,2,5.48,Medium Value,One-time (1)
9pwo5u5h,5.48,1,2,5.48,Medium Value,One-time (1)
pwd4o4ja,5.48,1,2,5.48,Medium Value,One-time (1)
2xui4owx,5.48,1,2,5.48,Medium Value,One-time (1)
2co4u4j5,5.48,1,2,5.48,Medium Value,One-time (1)
sju8w644,5.48,1,2,5.48,Medium Value,One-time (1)
vrgva7ix,5.48,1,2,5.48,Medium Value,One-time (1)
tkerbni4,5.48,1,2,5.48,Medium Value,One-time (1)
8y5qpsbq,5.48,1,2,5.48,Medium Value,One-time (1)
ivcst78w,5.48,1,2,5.48,Medium Value,One-time (1)
bqbnf8iu,5.48,1,2,5.48,Medium Value,One-time (1)
td6cgohm,5.47,1,1,5.47,Medium Value,One-time (1)
0qpkfixi,5.47,1,2,5.47,Medium Value,One-time (1)
zl6kdvxn,5.47,1,2,5.47,Medium Value,One-time (1)
qs6qjq7i,5.47,1,2,5.47,Medium Value,One-time (1)
fkm3vxpc,5.47,1,1,5.47,Medium Value,One-time (1)
a1fcp3xv,5.47,1,1,5.47,Medium Value,One-time (1)
0z34oqr9,5.47,1,1,5.47,Medium Value,One-time (1)
t9872i0d,5.47,1,1,5.47,Medium Value,One-time (1)
pctg3hsa,5.47,1,1,5.47,Medium Value,One-time (1)
o5hrm8go,5.47,1,1,5.47,Medium Value,One-time (1)
s6w1rwt8,5.46,1,2,5.46,Medium Value,One-time (1)
02tse90b,5.46,1,2,5.46,Medium Value,One-time (1)
vbnhmfuz,5.46,1,2,5.46,Medium Value,One-time (1)
5re0892j,5.46,1,1,5.46,Medium Value,One-time (1)
py9npgir,5.46,1,2,5.46,Medium Value,One-time (1)
y1xa0bf7,5.46,1,2,5.46,Medium Value,One-time (1)
ia0gne56,5.46,1,1,5.46,Medium Value,One-time (1)
yk5123rj,5.46,1,1,5.46,Medium Value,One-time (1)
2oqhjscq,5.46,1,2,5.46,Medium Value,One-time (1)
61nhvcfw,5.46,1,2,5.46,Medium Value,One-time (1)
ohz01ena,5.46,1,2,5.46,Medium Value,One-time (1)
r91n5fpi,5.46,1,1,5.46,Medium Value,One-time (1)
ujnmcwlf,5.46,1,2,5.46,Medium Value,One-time (1)
6enxdbnb,5.46,1,1,5.46,Medium Value,One-time (1)
egkzfaft,5.46,1,2,5.46,Medium Value,One-time (1)
zeaes62p,5.46,1,2,5.46,Medium Value,One-time (1)
ymo4vrvz,5.46,1,1,5.46,Medium Value,One-time (1)
0y76m9eu,5.46,1,2,5.46,Medium Value,One-time (1)
0qq4f4qm,5.46,1,1,5.46,Medium Value,One-time (1)
33zsmv30,5.46,1,1,5.46,Medium Value,One-time (1)
3fs23wns,5.46,1,1,5.46,Medium Value,One-time (1)
sjxt9t84,5.46,1,2,5.46,Medium Value,One-time (1)
aa4ymj13,5.46,1,2,5.46,Medium Value,One-time (1)
6yetubuv,5.46,1,2,5.46,Medium Value,One-time (1)
o4c1y7lb,5.46,1,2,5.46,Medium Value,One-time (1)
dfpch363,5.46,1,2,5.46,Medium Value,One-time (1)
noy4mwcd,5.46,1,1,5.46,Medium Value,One-time (1)
lko3g8in,5.46,1,2,5.46,Medium Value,One-time (1)
u9r7qy8v,5.46,1,2,5.46,Medium Value,One-time (1)
1xt8wctr,5.46,1,2,5.46,Medium Value,One-time (1)
u1cxflxy,5.46,1,2,5.46,Medium Value,One-time (1)
nd6mlhbc,5.46,1,1,5.46,Medium Value,One-time (1)
btu9uu2b,5.46,1,1,5.46,Medium Value,One-time (1)
w0zgij0m,5.46,1,2,5.46,Medium Value,One-time (1)
i1ykorz8,5.46,1,1,5.46,Medium Value,One-time (1)
04dbo6bz,5.46,1,2,5.46,Medium Value,One-time (1)
frlfxof5,5.45,1,1,5.45,Medium Value,One-time (1)
4qwr1cbo,5.45,1,1,5.45,Medium Value,One-time (1)
5e1io08p,5.45,1,1,5.45,Medium Value,One-time (1)
hsdy9ni7,5.45,1,1,5.45,Medium Value,One-time (1)
vls2pq7c,5.45,1,1,5.45,Medium Value,One-time (1)
hpvq772w,5.45,1,1,5.45,Medium Value,One-time (1)
rnmrhrf1,5.45,1,1,5.45,Medium Value,One-time (1)
lhjpb2t0,5.45,1,1,5.45,Medium Value,One-time (1)
yshhkovl,5.45,1,1,5.45,Medium Value,One-time (1)
tm5wratl,5.45,1,1,5.45,Medium Value,One-time (1)
c3rpmhut,5.45,1,1,5.45,Medium Value,One-time (1)
nlaw2b0k,5.45,1,1,5.45,Medium Value,One-time (1)
ab17ziaf,5.45,1,1,5.45,Medium Value,One-time (1)
ks4f6apf,5.45,1,1,5.45,Medium Value,One-time (1)
fc2bq3nj,5.45,1,1,5.45,Medium Value,One-time (1)
2lkyeb1u,5.45,1,1,5.45,Medium Value,One-time (1)
hxflecqf,5.45,1,1,5.45,Medium Value,One-time (1)
q2u7miwf,5.45,1,1,5.45,Medium Value,One-time (1)
xq99s03d,5.45,1,1,5.45,Medium Value,One-time (1)
nm3v2p2t,5.45,1,1,5.45,Medium Value,One-time (1)
4875e7cu,5.45,1,1,5.45,Medium Value,One-time (1)
0bkaw2cg,5.45,1,1,5.45,Medium Value,One-time (1)
5i08q6hk,5.45,1,1,5.45,Medium Value,One-time (1)
37pjpo3c,5.45,1,1,5.45,Medium Value,One-time (1)
r9cqov0a,5.45,1,1,5.45,Medium Value,One-time (1)
7ry96y4g,5.45,1,1,5.45,Medium Value,One-time (1)
rmylt89p,5.44,1,2,5.44,Medium Value,One-time (1)
1mi5gr7i,5.44,1,2,5.44,Medium Value,One-time (1)
91l9tznh,5.44,1,2,5.44,Medium Value,One-time (1)
xqhiag9x,5.44,1,2,5.44,Medium Value,One-time (1)
e6i9rk98,5.44,1,2,5.44,Medium Value,One-time (1)
5w3rc4k6,5.44,1,2,5.44,Medium Value,One-time (1)
0lyy5x35,5.44,1,2,5.44,Medium Value,One-time (1)
26r41op9,5.44,1,2,5.44,Medium Value,One-time (1)
yxyur4so,5.44,1,2,5.44,Medium Value,One-time (1)
jjmi7qs1,5.44,1,2,5.44,Medium Value,One-time (1)
kawqv4rs,5.44,1,2,5.44,Medium Value,One-time (1)
n1x2h8gv,5.44,1,2,5.44,Medium Value,One-time (1)
2hirb9s9,5.44,1,2,5.44,Medium Value,One-time (1)
8e9rivh6,5.44,1,2,5.44,Medium Value,One-time (1)
ynvq8y5k,5.44,1,2,5.44,Medium Value,One-time (1)
t9qubwrp,5.44,1,2,5.44,Medium Value,One-time (1)
9rqg4ehd,5.44,1,2,5.44,Medium Value,One-time (1)
vn15yd05,5.44,1,2,5.44,Medium Value,One-time (1)
h7jnrzkl,5.43,1,3,5.43,Medium Value,One-time (1)
xf445cri,5.42,1,2,5.42,Medium Value,One-time (1)
v11fgvxf,5.42,1,2,5.42,Medium Value,One-time (1)
r6b454pr,5.42,1,2,5.42,Medium Value,One-time (1)
5gpyj5ee,5.41,1,1,5.41,Medium Value,One-time (1)
fh9tzaxc,5.41,1,2,5.41,Medium Value,One-time (1)
u6zi2pa0,5.4,1,2,5.4,Medium Value,One-time (1)
xz5ruarp,5.4,1,2,5.4,Medium Value,One-time (1)
tm6cmr08,5.4,1,2,5.4,Medium Value,One-time (1)
buep1jvo,5.4,1,1,5.4,Medium Value,One-time (1)
10zqofx3,5.4,1,2,5.4,Medium Value,One-time (1)
2aayva5w,5.4,1,2,5.4,Medium Value,One-time (1)
w7e21loo,5.4,1,3,5.4,Medium Value,One-time (1)
o2hpkex3,5.4,1,2,5.4,Medium Value,One-time (1)
ls8sotto,5.4,1,2,5.4,Medium Value,One-time (1)
p5zvhfvq,5.4,1,2,5.4,Medium Value,One-time (1)
khm44y3d,5.4,1,3,5.4,Medium Value,One-time (1)
8lidwi6b,5.4,1,3,5.4,Medium Value,One-time (1)
zzdhko41,5.4,1,3,5.4,Medium Value,One-time (1)
ih5ddpqx,5.4,1,2,5.4,Medium Value,One-time (1)
y5hs0txf,5.4,1,2,5.4,Medium Value,One-time (1)
mkty2l6v,5.4,1,2,5.4,Medium Value,One-time (1)
144a4o85,5.4,1,3,5.4,Medium Value,One-time (1)
zksucp3t,5.4,1,2,5.4,Medium Value,One-time (1)
febe5407,5.4,1,2,5.4,Medium Value,One-time (1)
zkj17u28,5.4,1,2,5.4,Medium Value,One-time (1)
nt5heae5,5.4,1,3,5.4,Medium Value,One-time (1)
8xs8buaj,5.4,1,1,5.4,Medium Value,One-time (1)
y389ftd4,5.4,1,2,5.4,Medium Value,One-time (1)
kix9qy7r,5.4,1,2,5.4,Medium Value,One-time (1)
06iy39rv,5.4,1,1,5.4,Medium Value,One-time (1)
1sa6vqik,5.4,1,1,5.4,Medium Value,One-time (1)
xgngqo61,5.4,1,2,5.4,Medium Value,One-time (1)
6r469frf,5.4,1,3,5.4,Medium Value,One-time (1)
9aor6uz7,5.4,1,1,5.4,Medium Value,One-time (1)
ohtndy8t,5.4,1,2,5.4,Medium Value,One-time (1)
dtxgvt45,5.4,1,1,5.4,Medium Value,One-time (1)
2cnqh11b,5.4,1,1,5.4,Medium Value,One-time (1)
5ilnduie,5.4,1,2,5.4,Medium Value,One-time (1)
hjm34kv4,5.4,1,2,5.4,Medium Value,One-time (1)
ius2bq6j,5.4,1,2,5.4,Medium Value,One-time (1)
f11alspl,5.4,1,1,5.4,Medium Value,One-time (1)
ug8ohr54,5.4,1,2,5.4,Medium Value,One-time (1)
dqnic595,5.4,1,2,5.4,Medium Value,One-time (1)
iyxf91f9,5.4,1,2,5.4,Medium Value,One-time (1)
0n8e00wa,5.4,1,2,5.4,Medium Value,One-time (1)
7uj4n9fw,5.4,1,2,5.4,Medium Value,One-time (1)
8aqruuta,5.4,1,1,5.4,Medium Value,One-time (1)
4rdbw6dr,5.4,1,2,5.4,Medium Value,One-time (1)
e64skbcb,5.4,2,2,2.7,Medium Value,Occasional (2-3)
g77q9vju,5.4,1,2,5.4,Medium Value,One-time (1)
xdvpetfm,5.4,1,2,5.4,Medium Value,One-time (1)
odv2pak6,5.4,1,2,5.4,Medium Value,One-time (1)
hw3vvja2,5.4,1,2,5.4,Medium Value,One-time (1)
iwpgtq6r,5.4,1,2,5.4,Medium Value,One-time (1)
i36ryne7,5.4,1,2,5.4,Medium Value,One-time (1)
jtfiwq03,5.4,1,2,5.4,Medium Value,One-time (1)
310l22ss,5.4,1,2,5.4,Medium Value,One-time (1)
hur30ndt,5.4,1,2,5.4,Medium Value,One-time (1)
4p9bczo7,5.4,1,1,5.4,Medium Value,One-time (1)
uqy971qf,5.4,1,2,5.4,Medium Value,One-time (1)
xu3xalpz,5.4,1,2,5.4,Medium Value,One-time (1)
m39mtr3x,5.4,1,1,5.4,Medium Value,One-time (1)
7tr1ppjp,5.39,1,1,5.39,Medium Value,One-time (1)
g8sbi4q2,5.39,1,1,5.39,Medium Value,One-time (1)
cahefvyz,5.39,1,1,5.39,Medium Value,One-time (1)
gg36q6nm,5.39,1,1,5.39,Medium Value,One-time (1)
qxad1w4j,5.39,1,1,5.39,Medium Value,One-time (1)
esogfxl0,5.39,1,1,5.39,Medium Value,One-time (1)
fmbx77gk,5.39,1,1,5.39,Medium Value,One-time (1)
blbz5ntd,5.39,1,1,5.39,Medium Value,One-time (1)
44fvctcs,5.39,1,1,5.39,Medium Value,One-time (1)
rn48yso6,5.39,1,1,5.39,Medium Value,One-time (1)
oys6qxbt,5.39,1,1,5.39,Medium Value,One-time (1)
1vgrpi4a,5.39,1,1,5.39,Medium Value,One-time (1)
hq9yxcrk,5.39,1,1,5.39,Medium Value,One-time (1)
jqo5yu7l,5.39,1,1,5.39,Medium Value,One-time (1)
kuuc0je2,5.39,1,1,5.39,Medium Value,One-time (1)
g4pdfcop,5.39,1,1,5.39,Medium Value,One-time (1)
crs3t6ar,5.39,1,1,5.39,Medium Value,One-time (1)
7g7t5xnr,5.39,1,1,5.39,Medium Value,One-time (1)
r7r23tbv,5.39,1,1,5.39,Medium Value,One-time (1)
11g58p8g,5.39,1,1,5.39,Medium Value,One-time (1)
h2mi6sb6,5.39,1,1,5.39,Medium Value,One-time (1)
eyoexzka,5.39,1,1,5.39,Medium Value,One-time (1)
33md63x3,5.39,1,1,5.39,Medium Value,One-time (1)
bjl2cvsi,5.39,1,1,5.39,Medium Value,One-time (1)
rcx2rcqu,5.38,1,1,5.38,Medium Value,One-time (1)
marghnc2,5.38,1,1,5.38,Medium Value,One-time (1)
745cx3vc,5.38,1,1,5.38,Medium Value,One-time (1)
4vdu0o0c,5.38,1,2,5.38,Medium Value,One-time (1)
8th56tvy,5.38,1,1,5.38,Medium Value,One-time (1)
oidz0gt2,5.38,1,1,5.38,Medium Value,One-time (1)
ka8g8icg,5.38,1,2,5.38,Medium Value,One-time (1)
nx8nyb1c,5.36,1,2,5.36,Medium Value,One-time (1)
uum0moqs,5.36,1,1,5.36,Medium Value,One-time (1)
6wt69o7n,5.36,1,1,5.36,Medium Value,One-time (1)
g4glwnkq,5.36,1,2,5.36,Medium Value,One-time (1)
lecvq2hg,5.36,1,1,5.36,Medium Value,One-time (1)
90f9ih5g,5.36,1,2,5.36,Medium Value,One-time (1)
b58w0z1g,5.36,1,2,5.36,Medium Value,One-time (1)
6qbdekow,5.36,1,2,5.36,Medium Value,One-time (1)
g2345y4j,5.36,1,2,5.36,Medium Value,One-time (1)
c2onidnu,5.36,1,1,5.36,Medium Value,One-time (1)
sblsfxqi,5.36,1,2,5.36,Medium Value,One-time (1)
begk9r6g,5.36,1,2,5.36,Medium Value,One-time (1)
e7fvnfhk,5.35,1,1,5.35,Medium Value,One-time (1)
8shjyn9c,5.35,1,1,5.35,Medium Value,One-time (1)
cs0fz8mh,5.35,1,1,5.35,Medium Value,One-time (1)
d0mk15x8,5.35,1,1,5.35,Medium Value,One-time (1)
ss5s3ju1,5.35,1,1,5.35,Medium Value,One-time (1)
2drvo9my,5.35,1,1,5.35,Medium Value,One-time (1)
p31oosp3,5.35,1,1,5.35,Medium Value,One-time (1)
vri0a9xt,5.35,1,1,5.35,Medium Value,One-time (1)
8w093wqa,5.35,1,1,5.35,Medium Value,One-time (1)
n17lg3ua,5.35,1,1,5.35,Medium Value,One-time (1)
ytw7ei12,5.35,1,1,5.35,Medium Value,One-time (1)
g3www0u8,5.35,1,1,5.35,Medium Value,One-time (1)
2sjtgmys,5.35,1,1,5.35,Medium Value,One-time (1)
tv5t8l8g,5.35,1,1,5.35,Medium Value,One-time (1)
iucx001m,5.35,1,1,5.35,Medium Value,One-time (1)
ybmx93mv,5.35,1,1,5.35,Medium Value,One-time (1)
6ulyny8r,5.35,1,1,5.35,Medium Value,One-time (1)
e2ees23j,5.35,1,1,5.35,Medium Value,One-time (1)
mz30pdl4,5.35,1,1,5.35,Medium Value,One-time (1)
tb3i4nxo,5.35,1,1,5.35,Medium Value,One-time (1)
53pfp9sp,5.35,1,1,5.35,Medium Value,One-time (1)
dy36nfeu,5.35,1,1,5.35,Medium Value,One-time (1)
0i656nya,5.35,1,1,5.35,Medium Value,One-time (1)
i8745nc6,5.35,1,1,5.35,Medium Value,One-time (1)
h470t6bi,5.35,1,1,5.35,Medium Value,One-time (1)
0fuqied0,5.35,1,1,5.35,Medium Value,One-time (1)
hhu7fdxl,5.35,1,1,5.35,Medium Value,One-time (1)
0hi02ai1,5.34,1,2,5.34,Medium Value,One-time (1)
ogc3k2ld,5.34,1,2,5.34,Medium Value,One-time (1)
nueb1rbi,5.34,1,2,5.34,Medium Value,One-time (1)
d8xyo6cl,5.34,1,2,5.34,Medium Value,One-time (1)
6p4r32q6,5.34,1,2,5.34,Medium Value,One-time (1)
t0e863hw,5.34,1,2,5.34,Medium Value,One-time (1)
6jg2oa99,5.34,1,2,5.34,Medium Value,One-time (1)
br004v74,5.34,1,2,5.34,Medium Value,One-time (1)
0xt9vysk,5.34,1,2,5.34,Medium Value,One-time (1)
l3bmm1uz,5.34,1,2,5.34,Medium Value,One-time (1)
xsf6pczu,5.34,1,2,5.34,Medium Value,One-time (1)
r64h24wi,5.34,1,2,5.34,Medium Value,One-time (1)
u7hq2ctn,5.34,1,2,5.34,Medium Value,One-time (1)
5mjcxapj,5.34,1,2,5.34,Medium Value,One-time (1)
fdgp8d9p,5.34,1,2,5.34,Medium Value,One-time (1)
l37p46sf,5.34,1,2,5.34,Medium Value,One-time (1)
t97hpooc,5.34,1,2,5.34,Medium Value,One-time (1)
7lbebfn3,5.34,1,2,5.34,Medium Value,One-time (1)
fzxtgys2,5.34,1,2,5.34,Medium Value,One-time (1)
0ff6y5mg,5.34,1,2,5.34,Medium Value,One-time (1)
17bsv1gj,5.34,1,1,5.34,Medium Value,One-time (1)
0oqne040,5.34,1,1,5.34,Medium Value,One-time (1)
ym40b9n3,5.34,1,2,5.34,Medium Value,One-time (1)
9a3veco9,5.34,1,2,5.34,Medium Value,One-time (1)
1uupmf05,5.34,1,2,5.34,Medium Value,One-time (1)
shiq9hu2,5.34,1,1,5.34,Medium Value,One-time (1)
no4nk4er,5.34,1,2,5.34,Medium Value,One-time (1)
dczp0we6,5.34,1,1,5.34,Medium Value,One-time (1)
7ore2v7y,5.34,1,2,5.34,Medium Value,One-time (1)
gc47wkrw,5.34,1,2,5.34,Medium Value,One-time (1)
cgo4mvtx,5.34,1,2,5.34,Medium Value,One-time (1)
ad8eksqt,5.34,1,2,5.34,Medium Value,One-time (1)
4yvm46be,5.34,1,2,5.34,Medium Value,One-time (1)
p2jfo5q8,5.34,1,2,5.34,Medium Value,One-time (1)
fvvs91vl,5.34,1,2,5.34,Medium Value,One-time (1)
ovcwm14j,5.34,1,2,5.34,Medium Value,One-time (1)
19lj3ag1,5.34,1,2,5.34,Medium Value,One-time (1)
71v7w7q3,5.34,1,2,5.34,Medium Value,One-time (1)
9vakhwgl,5.34,1,2,5.34,Medium Value,One-time (1)
u1biy09u,5.34,1,2,5.34,Medium Value,One-time (1)
omaci4il,5.34,1,2,5.34,Medium Value,One-time (1)
yce8ogl4,5.34,1,2,5.34,Medium Value,One-time (1)
vlm58if3,5.34,1,2,5.34,Medium Value,One-time (1)
66w5g7j0,5.34,1,2,5.34,Medium Value,One-time (1)
p6d9z9rm,5.34,1,2,5.34,Medium Value,One-time (1)
fnkomv2x,5.34,1,2,5.34,Medium Value,One-time (1)
v8v3f4d9,5.34,1,2,5.34,Medium Value,One-time (1)
rcpp6tnq,5.34,1,2,5.34,Medium Value,One-time (1)
ikbgcbsf,5.34,1,2,5.34,Medium Value,One-time (1)
nia3ior2,5.33,1,1,5.33,Medium Value,One-time (1)
3g5dfrlw,5.33,1,1,5.33,Medium Value,One-time (1)
gainq86n,5.33,1,1,5.33,Medium Value,One-time (1)
2bh1a4og,5.33,1,1,5.33,Medium Value,One-time (1)
l1msnwip,5.33,1,1,5.33,Medium Value,One-time (1)
6z59xgvb,5.33,1,1,5.33,Medium Value,One-time (1)
5phdp0bv,5.33,1,1,5.33,Medium Value,One-time (1)
nitl0hoz,5.33,1,1,5.33,Medium Value,One-time (1)
ttygs0xe,5.33,1,1,5.33,Medium Value,One-time (1)
efuw9bna,5.33,1,1,5.33,Medium Value,One-time (1)
9iqqazhc,5.33,1,1,5.33,Medium Value,One-time (1)
2vfv4nfe,5.33,1,1,5.33,Medium Value,One-time (1)
c78vo14g,5.33,1,1,5.33,Medium Value,One-time (1)
5v6kqosk,5.33,1,1,5.33,Medium Value,One-time (1)
oux4i2qe,5.33,1,1,5.33,Medium Value,One-time (1)
qprk2sy7,5.33,1,1,5.33,Medium Value,One-time (1)
b6a5ynpi,5.33,1,1,5.33,Medium Value,One-time (1)
08ox0pw4,5.33,1,1,5.33,Medium Value,One-time (1)
kfgvd3f1,5.33,1,1,5.33,Medium Value,One-time (1)
ffulgv2p,5.33,1,1,5.33,Medium Value,One-time (1)
fxl6f65j,5.33,1,1,5.33,Medium Value,One-time (1)
lphavsyt,5.33,1,1,5.33,Medium Value,One-time (1)
ox3s3s6l,5.33,1,1,5.33,Medium Value,One-time (1)
2xuyyx1e,5.33,1,1,5.33,Medium Value,One-time (1)
1gwz4lx4,5.33,1,1,5.33,Medium Value,One-time (1)
p5q9eidn,5.33,1,1,5.33,Medium Value,One-time (1)
olcga19k,5.33,1,1,5.33,Medium Value,One-time (1)
olm51xw9,5.33,1,1,5.33,Medium Value,One-time (1)
9bmdisxn,5.33,1,1,5.33,Medium Value,One-time (1)
xd39iwpz,5.33,1,1,5.33,Medium Value,One-time (1)
k30lvylk,5.33,1,1,5.33,Medium Value,One-time (1)
k6pw5xpy,5.33,1,1,5.33,Medium Value,One-time (1)
3uxco7wx,5.33,1,1,5.33,Medium Value,One-time (1)
baeo1brq,5.33,1,1,5.33,Medium Value,One-time (1)
u9z09fyk,5.33,1,1,5.33,Medium Value,One-time (1)
5y4hatsh,5.33,1,1,5.33,Medium Value,One-time (1)
on65x94x,5.33,1,1,5.33,Medium Value,One-time (1)
xf5p9crv,5.33,1,1,5.33,Medium Value,One-time (1)
4bjibw9j,5.33,1,1,5.33,Medium Value,One-time (1)
lv02rnip,5.33,1,1,5.33,Medium Value,One-time (1)
y8ak5jr5,5.33,1,1,5.33,Medium Value,One-time (1)
ko6slb0l,5.33,1,1,5.33,Medium Value,One-time (1)
v7vmse99,5.33,1,1,5.33,Medium Value,One-time (1)
gxgqovq8,5.33,1,1,5.33,Medium Value,One-time (1)
ivzdtp89,5.33,1,1,5.33,Medium Value,One-time (1)
iew6or6x,5.33,1,1,5.33,Medium Value,One-time (1)
uneykq27,5.33,1,1,5.33,Medium Value,One-time (1)
p0l0w82r,5.33,1,1,5.33,Medium Value,One-time (1)
yere7axu,5.33,1,1,5.33,Medium Value,One-time (1)
q65u4wmz,5.33,1,1,5.33,Medium Value,One-time (1)
1urmo96h,5.33,1,1,5.33,Medium Value,One-time (1)
kk1ejf3c,5.33,1,1,5.33,Medium Value,One-time (1)
zaoosn3p,5.33,1,1,5.33,Medium Value,One-time (1)
t6d5konj,5.33,1,1,5.33,Medium Value,One-time (1)
3n5z9bsq,5.33,1,1,5.33,Medium Value,One-time (1)
9q4fnnwa,5.33,1,1,5.33,Medium Value,One-time (1)
fdq5wl9b,5.33,1,1,5.33,Medium Value,One-time (1)
91srfm0r,5.33,1,1,5.33,Medium Value,One-time (1)
to3euzqj,5.33,1,1,5.33,Medium Value,One-time (1)
5cb5v8t4,5.33,1,1,5.33,Medium Value,One-time (1)
wy540mgw,5.33,1,1,5.33,Medium Value,One-time (1)
dhv499bd,5.33,1,1,5.33,Medium Value,One-time (1)
7nj5xe6l,5.33,1,1,5.33,Medium Value,One-time (1)
axxjd4v8,5.33,1,1,5.33,Medium Value,One-time (1)
h980z94q,5.33,1,1,5.33,Medium Value,One-time (1)
y6ces3iw,5.33,1,1,5.33,Medium Value,One-time (1)
jtyar57n,5.33,1,1,5.33,Medium Value,One-time (1)
9hyxkegr,5.32,1,2,5.32,Medium Value,One-time (1)
bx9exlzl,5.32,1,2,5.32,Medium Value,One-time (1)
u77f1iut,5.32,1,2,5.32,Medium Value,One-time (1)
y2iwa1kf,5.32,1,2,5.32,Medium Value,One-time (1)
i65wc7sw,5.32,1,2,5.32,Medium Value,One-time (1)
2kfz8x0i,5.32,1,2,5.32,Medium Value,One-time (1)
ca64yz4d,5.32,1,2,5.32,Medium Value,One-time (1)
q28xtueu,5.32,1,2,5.32,Medium Value,One-time (1)
2patzile,5.32,1,2,5.32,Medium Value,One-time (1)
g4e0ekao,5.32,1,2,5.32,Medium Value,One-time (1)
5687l3ec,5.32,1,2,5.32,Medium Value,One-time (1)
ueffgeon,5.32,1,2,5.32,Medium Value,One-time (1)
9ldsarmo,5.32,1,2,5.32,Medium Value,One-time (1)
qmxu9znc,5.32,1,2,5.32,Medium Value,One-time (1)
jrjtmb6s,5.32,1,2,5.32,Medium Value,One-time (1)
ovhjcob1,5.32,1,2,5.32,Medium Value,One-time (1)
fhoe3mxz,5.32,1,2,5.32,Medium Value,One-time (1)
3ib888va,5.32,1,2,5.32,Medium Value,One-time (1)
iuqsnqrf,5.32,1,2,5.32,Medium Value,One-time (1)
w39ro0dr,5.32,1,2,5.32,Medium Value,One-time (1)
dd3uhb77,5.32,1,2,5.32,Medium Value,One-time (1)
3kbr78l0,5.32,1,2,5.32,Medium Value,One-time (1)
d93fqyc8,5.32,1,2,5.32,Medium Value,One-time (1)
f5gc39nn,5.32,1,2,5.32,Medium Value,One-time (1)
n35n2ek2,5.31,1,2,5.31,Medium Value,One-time (1)
22o1tfxd,5.31,1,2,5.31,Medium Value,One-time (1)
j4uvvfd9,5.31,1,2,5.31,Medium Value,One-time (1)
y58scqtr,5.31,1,2,5.31,Medium Value,One-time (1)
xejehbo2,5.31,1,2,5.31,Medium Value,One-time (1)
jm96g2n3,5.31,1,2,5.31,Medium Value,One-time (1)
8yf442l7,5.31,1,2,5.31,Medium Value,One-time (1)
6g5g79or,5.3,2,2,2.65,Medium Value,Occasional (2-3)
28q9nndi,5.3,1,2,5.3,Medium Value,One-time (1)
g4qazaqq,5.3,1,2,5.3,Medium Value,One-time (1)
x3jhylr1,5.3,1,2,5.3,Medium Value,One-time (1)
xtk3q912,5.3,1,2,5.3,Medium Value,One-time (1)
ecizc783,5.3,1,2,5.3,Medium Value,One-time (1)
xz2t7lmj,5.3,1,2,5.3,Medium Value,One-time (1)
aksr091d,5.3,1,1,5.3,Medium Value,One-time (1)
lmiyz5tc,5.3,1,2,5.3,Medium Value,One-time (1)
scao5lc0,5.29,1,1,5.29,Medium Value,One-time (1)
y6usflmy,5.29,1,1,5.29,Medium Value,One-time (1)
ikybo31x,5.29,1,1,5.29,Medium Value,One-time (1)
9lbb4m0a,5.29,1,1,5.29,Medium Value,One-time (1)
lq8znl1w,5.29,1,1,5.29,Medium Value,One-time (1)
uokzdv2t,5.29,1,1,5.29,Medium Value,One-time (1)
nj4wk6fs,5.29,1,1,5.29,Medium Value,One-time (1)
4wrarndh,5.29,1,1,5.29,Medium Value,One-time (1)
7abrpxqr,5.29,1,1,5.29,Medium Value,One-time (1)
5xa109at,5.29,1,1,5.29,Medium Value,One-time (1)
404a359h,5.29,1,2,5.29,Medium Value,One-time (1)
zb8iigx5,5.29,1,1,5.29,Medium Value,One-time (1)
9cd2rsp2,5.29,1,1,5.29,Medium Value,One-time (1)
xgu5gf8z,5.29,1,1,5.29,Medium Value,One-time (1)
qipc8pkw,5.29,1,1,5.29,Medium Value,One-time (1)
awp2vuna,5.29,1,2,5.29,Medium Value,One-time (1)
wimiv2j3,5.29,1,1,5.29,Medium Value,One-time (1)
s1q25440,5.29,1,1,5.29,Medium Value,One-time (1)
z67oqwwa,5.28,1,2,5.28,Medium Value,One-time (1)
6na8apbp,5.28,1,1,5.28,Medium Value,One-time (1)
eny1rc7g,5.28,1,2,5.28,Medium Value,One-time (1)
c3t33tvz,5.28,1,2,5.28,Medium Value,One-time (1)
sx62n36g,5.28,1,1,5.28,Medium Value,One-time (1)
lla5wzza,5.28,1,2,5.28,Medium Value,One-time (1)
3pyjai6t,5.28,1,2,5.28,Medium Value,One-time (1)
buukuoz5,5.28,1,2,5.28,Medium Value,One-time (1)
htv2kcjg,5.28,1,2,5.28,Medium Value,One-time (1)
27pt2tup,5.28,1,1,5.28,Medium Value,One-time (1)
10a17csr,5.28,1,2,5.28,Medium Value,One-time (1)
w34ng5oj,5.28,1,2,5.28,Medium Value,One-time (1)
nwr8ms3v,5.28,1,2,5.28,Medium Value,One-time (1)
pk0ind8i,5.27,1,2,5.27,Medium Value,One-time (1)
e3dhdbzw,5.27,1,1,5.27,Medium Value,One-time (1)
g0smn7kz,5.27,1,2,5.27,Medium Value,One-time (1)
rk3499zx,5.26,1,2,5.26,Medium Value,One-time (1)
5s4hnv9l,5.26,1,2,5.26,Medium Value,One-time (1)
uhlv4pwx,5.26,1,2,5.26,Medium Value,One-time (1)
mddgytwr,5.26,1,2,5.26,Medium Value,One-time (1)
xf3uelrp,5.26,1,2,5.26,Medium Value,One-time (1)
8l68nd8o,5.26,1,2,5.26,Medium Value,One-time (1)
hny9nt02,5.26,1,2,5.26,Medium Value,One-time (1)
otci160l,5.26,1,2,5.26,Medium Value,One-time (1)
39fwwrtw,5.26,1,2,5.26,Medium Value,One-time (1)
g7j4ip38,5.26,1,2,5.26,Medium Value,One-time (1)
mfz5v8vb,5.26,1,2,5.26,Medium Value,One-time (1)
rv3aymeo,5.26,1,2,5.26,Medium Value,One-time (1)
6jgmxvyq,5.26,1,2,5.26,Medium Value,One-time (1)
24x6r9st,5.26,1,2,5.26,Medium Value,One-time (1)
j7009tou,5.26,1,2,5.26,Medium Value,One-time (1)
umq8w6c4,5.26,1,2,5.26,Medium Value,One-time (1)
9kkuosvt,5.26,1,2,5.26,Medium Value,One-time (1)
sevgbhy0,5.26,1,2,5.26,Medium Value,One-time (1)
llqxy87o,5.26,1,2,5.26,Medium Value,One-time (1)
n2kf8xrg,5.25,1,1,5.25,Medium Value,One-time (1)
v9oipbwc,5.25,1,2,5.25,Medium Value,One-time (1)
4i6gw2yj,5.25,1,1,5.25,Medium Value,One-time (1)
nder7hn0,5.25,1,1,5.25,Medium Value,One-time (1)
36kof8kr,5.25,1,1,5.25,Medium Value,One-time (1)
h3zwit5r,5.25,1,1,5.25,Medium Value,One-time (1)
i8np9ivd,5.25,1,1,5.25,Medium Value,One-time (1)
p3m1gpy5,5.25,1,1,5.25,Medium Value,One-time (1)
49nqwtmx,5.25,1,1,5.25,Medium Value,One-time (1)
whsnehj0,5.24,1,1,5.24,Medium Value,One-time (1)
teq0r66h,5.24,1,1,5.24,Medium Value,One-time (1)
wah4o0j7,5.24,1,2,5.24,Medium Value,One-time (1)
mkxxw5aj,5.24,1,1,5.24,Medium Value,One-time (1)
32kjphba,5.24,1,1,5.24,Medium Value,One-time (1)
tzr7yd9t,5.24,1,2,5.24,Medium Value,One-time (1)
7qifeqs7,5.24,1,2,5.24,Medium Value,One-time (1)
k8khqkvz,5.24,1,1,5.24,Medium Value,One-time (1)
shp6y1oo,5.24,1,1,5.24,Medium Value,One-time (1)
k4mvm9el,5.24,1,1,5.24,Medium Value,One-time (1)
2ix1dx5v,5.24,1,1,5.24,Medium Value,One-time (1)
i09he9yb,5.24,1,2,5.24,Medium Value,One-time (1)
ibsuc81h,5.24,1,2,5.24,Medium Value,One-time (1)
98tybih7,5.24,1,2,5.24,Medium Value,One-time (1)
udbdwe4w,5.24,1,2,5.24,Medium Value,One-time (1)
2cwyz3zx,5.24,1,2,5.24,Medium Value,One-time (1)
i6wlszrh,5.24,1,1,5.24,Medium Value,One-time (1)
ab71g1co,5.24,1,2,5.24,Medium Value,One-time (1)
v5hy8c16,5.24,1,2,5.24,Medium Value,One-time (1)
s8uuxiwz,5.24,1,2,5.24,Medium Value,One-time (1)
3bbt873l,5.24,1,2,5.24,Medium Value,One-time (1)
8e5p1fxu,5.24,1,1,5.24,Medium Value,One-time (1)
m5q6w77l,5.24,1,2,5.24,Medium Value,One-time (1)
7ytapane,5.24,1,1,5.24,Medium Value,One-time (1)
jr7v9zt7,5.24,1,2,5.24,Medium Value,One-time (1)
8spzogom,5.24,1,2,5.24,Medium Value,One-time (1)
6iiq2byz,5.24,1,1,5.24,Medium Value,One-time (1)
yol0pouo,5.24,1,2,5.24,Medium Value,One-time (1)
yw7trqtc,5.24,1,2,5.24,Medium Value,One-time (1)
cm63stev,5.24,1,2,5.24,Medium Value,One-time (1)
fpq3i23f,5.24,1,1,5.24,Medium Value,One-time (1)
buo3fm3w,5.24,1,2,5.24,Medium Value,One-time (1)
oulus43w,5.24,1,2,5.24,Medium Value,One-time (1)
4zqfezkf,5.24,1,2,5.24,Medium Value,One-time (1)
5e4ywzsd,5.24,1,2,5.24,Medium Value,One-time (1)
os154cr2,5.24,1,2,5.24,Medium Value,One-time (1)
p8vcwgr4,5.24,1,2,5.24,Medium Value,One-time (1)
eotm1o7h,5.24,1,2,5.24,Medium Value,One-time (1)
0ab4ffk2,5.24,1,1,5.24,Medium Value,One-time (1)
17leopfe,5.24,1,1,5.24,Medium Value,One-time (1)
5u4az3ny,5.24,1,1,5.24,Medium Value,One-time (1)
yonmv0e9,5.24,1,2,5.24,Medium Value,One-time (1)
gfykjmpc,5.24,1,2,5.24,Medium Value,One-time (1)
q24vhvse,5.24,1,2,5.24,Medium Value,One-time (1)
e6uf6gt5,5.24,1,2,5.24,Medium Value,One-time (1)
p3frb7ei,5.24,1,1,5.24,Medium Value,One-time (1)
e3z166in,5.24,1,1,5.24,Medium Value,One-time (1)
op1dulpl,5.24,1,2,5.24,Medium Value,One-time (1)
op2ktwy0,5.24,1,1,5.24,Medium Value,One-time (1)
qbfe7sfm,5.24,1,1,5.24,Medium Value,One-time (1)
1sdg8yoz,5.24,1,1,5.24,Medium Value,One-time (1)
r5pczekf,5.24,1,2,5.24,Medium Value,One-time (1)
b608eqb9,5.24,1,1,5.24,Medium Value,One-time (1)
o69t81e6,5.24,1,2,5.24,Medium Value,One-time (1)
6w87kph7,5.24,1,2,5.24,Medium Value,One-time (1)
79m4f80g,5.24,1,1,5.24,Medium Value,One-time (1)
xmr3d7p2,5.24,1,2,5.24,Medium Value,One-time (1)
20dor7wx,5.24,1,2,5.24,Medium Value,One-time (1)
wp0vfb5t,5.24,1,2,5.24,Medium Value,One-time (1)
q6g77vkh,5.24,1,2,5.24,Medium Value,One-time (1)
y5ysjm1b,5.24,1,1,5.24,Medium Value,One-time (1)
n1obl7m1,5.23,1,1,5.23,Medium Value,One-time (1)
04gn37o0,5.23,1,1,5.23,Medium Value,One-time (1)
23sdetlu,5.23,1,1,5.23,Medium Value,One-time (1)
qcs6g1fs,5.23,1,1,5.23,Medium Value,One-time (1)
w5h05gry,5.23,1,1,5.23,Medium Value,One-time (1)
0mlowji8,5.23,1,1,5.23,Medium Value,One-time (1)
3nd04t86,5.23,1,1,5.23,Medium Value,One-time (1)
6zaw7jl1,5.23,1,1,5.23,Medium Value,One-time (1)
g8swk268,5.23,1,1,5.23,Medium Value,One-time (1)
r8c5e3z1,5.23,1,1,5.23,Medium Value,One-time (1)
hx2s2mnn,5.23,1,1,5.23,Medium Value,One-time (1)
fyrib5sl,5.23,1,1,5.23,Medium Value,One-time (1)
g4c674wq,5.23,1,1,5.23,Medium Value,One-time (1)
dl2ugbbd,5.23,1,1,5.23,Medium Value,One-time (1)
cks10p9l,5.23,1,1,5.23,Medium Value,One-time (1)
22gekh3y,5.23,1,1,5.23,Medium Value,One-time (1)
uy8co221,5.23,1,1,5.23,Medium Value,One-time (1)
27iae2pt,5.23,1,1,5.23,Medium Value,One-time (1)
d4oogiob,5.23,1,1,5.23,Medium Value,One-time (1)
z59g000j,5.23,1,1,5.23,Medium Value,One-time (1)
5xw610dh,5.23,1,1,5.23,Medium Value,One-time (1)
82t18xrz,5.23,1,1,5.23,Medium Value,One-time (1)
4z2fo4ez,5.23,1,1,5.23,Medium Value,One-time (1)
tmcxyotb,5.23,1,1,5.23,Medium Value,One-time (1)
pgslxz54,5.23,1,1,5.23,Medium Value,One-time (1)
734vcvh2,5.22,1,1,5.22,Medium Value,One-time (1)
ii5sj6sy,5.22,1,1,5.22,Medium Value,One-time (1)
1pt5n71e,5.22,1,1,5.22,Medium Value,One-time (1)
jmi4wra9,5.22,1,1,5.22,Medium Value,One-time (1)
0m1f7cx5,5.22,1,1,5.22,Medium Value,One-time (1)
u5x0hc8c,5.22,1,1,5.22,Medium Value,One-time (1)
24629dh7,5.22,1,1,5.22,Medium Value,One-time (1)
ork8lazv,5.22,1,1,5.22,Medium Value,One-time (1)
8dow5g6x,5.22,1,1,5.22,Medium Value,One-time (1)
2c2u4bvv,5.22,1,1,5.22,Medium Value,One-time (1)
dbfgi4de,5.22,1,1,5.22,Medium Value,One-time (1)
k1nzn7dr,5.22,1,1,5.22,Medium Value,One-time (1)
3cwpbfmj,5.22,1,1,5.22,Medium Value,One-time (1)
g8qwrire,5.22,1,1,5.22,Medium Value,One-time (1)
deysgtbs,5.22,1,1,5.22,Medium Value,One-time (1)
v9b3u84t,5.22,1,1,5.22,Medium Value,One-time (1)
xwzss7zq,5.22,1,1,5.22,Medium Value,One-time (1)
o4rkz30f,5.22,1,1,5.22,Medium Value,One-time (1)
u0bdgprb,5.22,1,1,5.22,Medium Value,One-time (1)
709n7m8k,5.22,1,1,5.22,Medium Value,One-time (1)
yupddknc,5.22,1,1,5.22,Medium Value,One-time (1)
9l879de6,5.22,1,1,5.22,Medium Value,One-time (1)
052umkn5,5.22,1,1,5.22,Medium Value,One-time (1)
7cvt4do2,5.22,1,1,5.22,Medium Value,One-time (1)
7fn3pyou,5.22,1,1,5.22,Medium Value,One-time (1)
ayhbpd6u,5.22,1,1,5.22,Medium Value,One-time (1)
2niy4iun,5.22,1,1,5.22,Medium Value,One-time (1)
2nkw7cez,5.22,1,1,5.22,Medium Value,One-time (1)
c0h1e633,5.22,1,1,5.22,Medium Value,One-time (1)
k91zyp4c,5.22,1,1,5.22,Medium Value,One-time (1)
lkwh7nbn,5.22,1,1,5.22,Medium Value,One-time (1)
wrvlwt8e,5.22,1,1,5.22,Medium Value,One-time (1)
q5q6hnnf,5.22,1,1,5.22,Medium Value,One-time (1)
9yl6trdm,5.22,1,1,5.22,Medium Value,One-time (1)
4hm4pazj,5.22,1,1,5.22,Medium Value,One-time (1)
atq5pfpy,5.22,1,1,5.22,Medium Value,One-time (1)
irjkvxvx,5.22,1,1,5.22,Medium Value,One-time (1)
ldc08fc0,5.22,1,1,5.22,Medium Value,One-time (1)
sxpd4vfo,5.22,1,1,5.22,Medium Value,One-time (1)
fx59gh5b,5.22,1,1,5.22,Medium Value,One-time (1)
vpiuddxm,5.22,1,1,5.22,Medium Value,One-time (1)
746nlfpa,5.22,1,1,5.22,Medium Value,One-time (1)
mwmwlmrx,5.22,1,2,5.22,Medium Value,One-time (1)
8wi87rvb,5.22,1,1,5.22,Medium Value,One-time (1)
fazxt5mq,5.22,1,1,5.22,Medium Value,One-time (1)
swr2aspd,5.22,1,2,5.22,Medium Value,One-time (1)
1drz0xv6,5.22,2,2,2.61,Medium Value,Occasional (2-3)
c2g8ntu7,5.22,1,1,5.22,Medium Value,One-time (1)
fywx8yfm,5.22,1,1,5.22,Medium Value,One-time (1)
drckf143,5.22,1,1,5.22,Medium Value,One-time (1)
6q6b4zx8,5.22,1,1,5.22,Medium Value,One-time (1)
4clc3ja8,5.22,1,1,5.22,Medium Value,One-time (1)
d67lcbi2,5.22,1,1,5.22,Medium Value,One-time (1)
64yfds0d,5.21,2,2,2.605,Medium Value,Occasional (2-3)
g5frhcsj,5.2,1,1,5.2,Medium Value,One-time (1)
o85qapkw,5.2,1,1,5.2,Medium Value,One-time (1)
sxeqsx3o,5.2,1,1,5.2,Medium Value,One-time (1)
ime1i3sa,5.2,1,1,5.2,Medium Value,One-time (1)
76yl37zy,5.2,1,1,5.2,Medium Value,One-time (1)
9uxdb3p3,5.2,1,1,5.2,Medium Value,One-time (1)
1uhh5ou5,5.2,1,1,5.2,Medium Value,One-time (1)
f9cj54p0,5.2,1,1,5.2,Medium Value,One-time (1)
vc271x3p,5.2,1,1,5.2,Medium Value,One-time (1)
thv46syg,5.2,1,2,5.2,Medium Value,One-time (1)
2svhotqf,5.2,1,1,5.2,Medium Value,One-time (1)
rns62l56,5.2,1,1,5.2,Medium Value,One-time (1)
znsj06o9,5.2,1,1,5.2,Medium Value,One-time (1)
thhuq2xd,5.2,1,1,5.2,Medium Value,One-time (1)
o8p3he53,5.2,1,1,5.2,Medium Value,One-time (1)
009h9kgh,5.2,1,2,5.2,Medium Value,One-time (1)
tw4k9qku,5.2,1,1,5.2,Medium Value,One-time (1)
3nggo9s0,5.2,1,1,5.2,Medium Value,One-time (1)
whlo534a,5.2,1,1,5.2,Medium Value,One-time (1)
c64yzmci,5.2,1,1,5.2,Medium Value,One-time (1)
6xlxga2e,5.2,1,1,5.2,Medium Value,One-time (1)
9a3y3lkd,5.2,1,1,5.2,Medium Value,One-time (1)
v5jvc8yj,5.2,1,1,5.2,Medium Value,One-time (1)
86mb45y7,5.2,1,1,5.2,Medium Value,One-time (1)
u68ip91a,5.2,1,1,5.2,Medium Value,One-time (1)
h329xbqo,5.2,1,1,5.2,Medium Value,One-time (1)
bpo2efay,5.2,1,1,5.2,Medium Value,One-time (1)
4icleoqf,5.19,1,1,5.19,Medium Value,One-time (1)
1txc82av,5.19,1,1,5.19,Medium Value,One-time (1)
aoqu0stw,5.19,1,1,5.19,Medium Value,One-time (1)
0rcti8f3,5.1899999999999995,2,2,2.5949999999999998,Medium Value,Occasional (2-3)
dl91tkec,5.18,1,2,5.18,Medium Value,One-time (1)
7otkude3,5.18,1,1,5.18,Medium Value,One-time (1)
df9juk1p,5.18,1,1,5.18,Medium Value,One-time (1)
it0erg6e,5.18,1,2,5.18,Medium Value,One-time (1)
auika784,5.18,1,1,5.18,Medium Value,One-time (1)
zkpmuay5,5.18,1,1,5.18,Medium Value,One-time (1)
hk1vb3xf,5.18,1,1,5.18,Medium Value,One-time (1)
bkq3wf5z,5.18,1,1,5.18,Medium Value,One-time (1)
seur1ibk,5.18,1,1,5.18,Medium Value,One-time (1)
6t9db3nl,5.18,1,1,5.18,Medium Value,One-time (1)
dznnib11,5.18,1,2,5.18,Medium Value,One-time (1)
82uedj9t,5.18,1,2,5.18,Medium Value,One-time (1)
ur1igyl7,5.18,1,1,5.18,Medium Value,One-time (1)
uof57q2n,5.18,1,1,5.18,Medium Value,One-time (1)
h2dv4sxv,5.18,1,1,5.18,Medium Value,One-time (1)
wa4lkjb6,5.18,1,1,5.18,Medium Value,One-time (1)
jy6s006f,5.17,1,1,5.17,Medium Value,One-time (1)
m1ralp7c,5.17,1,1,5.17,Medium Value,One-time (1)
gjia9wm2,5.17,1,1,5.17,Medium Value,One-time (1)
5p3s6339,5.17,1,1,5.17,Medium Value,One-time (1)
vrsjog3z,5.17,1,1,5.17,Medium Value,One-time (1)
bkhphz35,5.17,1,1,5.17,Medium Value,One-time (1)
mht4abyv,5.17,1,1,5.17,Medium Value,One-time (1)
quqdfn34,5.17,1,1,5.17,Medium Value,One-time (1)
zjvz2z0y,5.17,1,1,5.17,Medium Value,One-time (1)
0vsm7m2z,5.17,1,1,5.17,Medium Value,One-time (1)
gaijfz5j,5.17,1,1,5.17,Medium Value,One-time (1)
qdblclod,5.17,1,1,5.17,Medium Value,One-time (1)
32pr06nz,5.17,1,1,5.17,Medium Value,One-time (1)
zbuc36ck,5.17,1,1,5.17,Medium Value,One-time (1)
6e8lkq02,5.17,1,1,5.17,Medium Value,One-time (1)
0beaow8l,5.17,1,1,5.17,Medium Value,One-time (1)
3dg3dp3f,5.17,1,1,5.17,Medium Value,One-time (1)
c2fehpqe,5.17,1,1,5.17,Medium Value,One-time (1)
npwabxi2,5.17,1,1,5.17,Medium Value,One-time (1)
5mlwdhtf,5.17,1,1,5.17,Medium Value,One-time (1)
42onyj97,5.17,1,1,5.17,Medium Value,One-time (1)
x7s39adw,5.17,1,1,5.17,Medium Value,One-time (1)
9at2d9gv,5.17,1,1,5.17,Medium Value,One-time (1)
dj4q8m80,5.17,1,1,5.17,Medium Value,One-time (1)
n8dccpjl,5.17,1,1,5.17,Medium Value,One-time (1)
8li1333x,5.17,1,1,5.17,Medium Value,One-time (1)
mglkg8f3,5.17,1,1,5.17,Medium Value,One-time (1)
r99s4o53,5.17,1,1,5.17,Medium Value,One-time (1)
uubaj8p4,5.17,1,1,5.17,Medium Value,One-time (1)
psszh3g7,5.17,1,1,5.17,Medium Value,One-time (1)
6epkjlhr,5.17,1,1,5.17,Medium Value,One-time (1)
951bhlot,5.17,1,1,5.17,Medium Value,One-time (1)
hkv9dt94,5.17,1,1,5.17,Medium Value,One-time (1)
71bx4eqn,5.17,1,1,5.17,Medium Value,One-time (1)
kv38yjxb,5.17,1,1,5.17,Medium Value,One-time (1)
5klj3cuz,5.17,1,1,5.17,Medium Value,One-time (1)
6ctzxu40,5.17,1,1,5.17,Medium Value,One-time (1)
3zav1y39,5.17,1,1,5.17,Medium Value,One-time (1)
f2kpej6a,5.17,1,1,5.17,Medium Value,One-time (1)
dtag2cmq,5.17,1,1,5.17,Medium Value,One-time (1)
kcbfsb9w,5.17,1,1,5.17,Medium Value,One-time (1)
57pwwk3r,5.17,1,1,5.17,Medium Value,One-time (1)
ecpzhob6,5.17,1,1,5.17,Medium Value,One-time (1)
umrsr0zn,5.17,1,1,5.17,Medium Value,One-time (1)
tksktni2,5.17,1,1,5.17,Medium Value,One-time (1)
skqyf3u2,5.17,1,1,5.17,Medium Value,One-time (1)
3kuatt06,5.17,1,1,5.17,Medium Value,One-time (1)
g4j0n8un,5.17,1,1,5.17,Medium Value,One-time (1)
4d20818o,5.17,1,1,5.17,Medium Value,One-time (1)
5igoevyn,5.17,1,1,5.17,Medium Value,One-time (1)
b0xvd7pc,5.17,1,1,5.17,Medium Value,One-time (1)
3nj5byqq,5.17,1,1,5.17,Medium Value,One-time (1)
z1va4d7t,5.17,1,1,5.17,Medium Value,One-time (1)
8du202ep,5.17,1,1,5.17,Medium Value,One-time (1)
zx6y3p5p,5.17,1,1,5.17,Medium Value,One-time (1)
6soe18rt,5.17,1,1,5.17,Medium Value,One-time (1)
guebj5he,5.17,1,1,5.17,Medium Value,One-time (1)
e8e6612o,5.17,1,1,5.17,Medium Value,One-time (1)
gr7nmrad,5.17,1,1,5.17,Medium Value,One-time (1)
j67q4ctw,5.17,1,1,5.17,Medium Value,One-time (1)
qsiroeqc,5.17,1,1,5.17,Medium Value,One-time (1)
ilgtdzb0,5.17,1,1,5.17,Medium Value,One-time (1)
q7x7b7p9,5.17,1,1,5.17,Medium Value,One-time (1)
351jn2fm,5.17,1,1,5.17,Medium Value,One-time (1)
qs9h0xu3,5.17,1,1,5.17,Medium Value,One-time (1)
abis71ks,5.17,1,1,5.17,Medium Value,One-time (1)
g32ya3ek,5.17,1,1,5.17,Medium Value,One-time (1)
5qhieiux,5.17,1,1,5.17,Medium Value,One-time (1)
1wyx7mcy,5.17,1,1,5.17,Medium Value,One-time (1)
fhd60le0,5.17,1,1,5.17,Medium Value,One-time (1)
d8hf6jqn,5.17,1,1,5.17,Medium Value,One-time (1)
74si8s34,5.17,1,1,5.17,Medium Value,One-time (1)
eh2yovpz,5.17,1,1,5.17,Medium Value,One-time (1)
7j1c5cx5,5.17,1,1,5.17,Medium Value,One-time (1)
d1eqt1f7,5.17,1,1,5.17,Medium Value,One-time (1)
khu6vzgv,5.17,1,1,5.17,Medium Value,One-time (1)
xshf6e0r,5.17,1,1,5.17,Medium Value,One-time (1)
rwn4ooax,5.17,1,1,5.17,Medium Value,One-time (1)
8ncadjv6,5.17,1,1,5.17,Medium Value,One-time (1)
khd88mpk,5.17,1,1,5.17,Medium Value,One-time (1)
e1ltu8c2,5.17,1,1,5.17,Medium Value,One-time (1)
k1l844kh,5.17,1,1,5.17,Medium Value,One-time (1)
b297j9eu,5.17,1,1,5.17,Medium Value,One-time (1)
iqvmopvg,5.17,1,1,5.17,Medium Value,One-time (1)
7ssdx9zn,5.17,1,1,5.17,Medium Value,One-time (1)
ygbdsupm,5.17,1,2,5.17,Medium Value,One-time (1)
xo3522mk,5.17,1,1,5.17,Medium Value,One-time (1)
5t6v8vlq,5.17,1,1,5.17,Medium Value,One-time (1)
jkjvybko,5.17,1,1,5.17,Medium Value,One-time (1)
mp6u6ygv,5.17,1,1,5.17,Medium Value,One-time (1)
rg7lt4rl,5.17,1,1,5.17,Medium Value,One-time (1)
26u8kytg,5.17,1,1,5.17,Medium Value,One-time (1)
p1pdv6gc,5.17,1,1,5.17,Medium Value,One-time (1)
s9h5qntl,5.17,1,1,5.17,Medium Value,One-time (1)
fljtvfj1,5.17,1,1,5.17,Medium Value,One-time (1)
xqn6225q,5.17,1,1,5.17,Medium Value,One-time (1)
3jq7xike,5.17,1,1,5.17,Medium Value,One-time (1)
jikjz1md,5.17,1,1,5.17,Medium Value,One-time (1)
cdsc5j5w,5.17,1,1,5.17,Medium Value,One-time (1)
qa5yp90d,5.17,1,1,5.17,Medium Value,One-time (1)
m0vhz72k,5.17,1,1,5.17,Medium Value,One-time (1)
lx1h80k5,5.17,1,1,5.17,Medium Value,One-time (1)
far3pkkf,5.17,1,1,5.17,Medium Value,One-time (1)
7uzuoep9,5.17,1,1,5.17,Medium Value,One-time (1)
5t6gbur5,5.17,1,1,5.17,Medium Value,One-time (1)
1yk0py5i,5.16,1,2,5.16,Medium Value,One-time (1)
buhw40ww,5.16,1,2,5.16,Medium Value,One-time (1)
7l6vxs0e,5.16,1,2,5.16,Medium Value,One-time (1)
svwmu5ej,5.16,1,2,5.16,Medium Value,One-time (1)
snbti22n,5.16,1,2,5.16,Medium Value,One-time (1)
fl69duk8,5.16,1,2,5.16,Medium Value,One-time (1)
dgwhhe6i,5.16,1,2,5.16,Medium Value,One-time (1)
or5tmkft,5.16,1,2,5.16,Medium Value,One-time (1)
w38g4ud8,5.16,1,2,5.16,Medium Value,One-time (1)
qbips1ho,5.16,1,2,5.16,Medium Value,One-time (1)
t54884z4,5.16,1,2,5.16,Medium Value,One-time (1)
kpyem3x7,5.16,1,2,5.16,Medium Value,One-time (1)
0lzgb6ud,5.16,1,2,5.16,Medium Value,One-time (1)
pp8w8aa7,5.16,1,2,5.16,Medium Value,One-time (1)
ovfzkijn,5.15,1,1,5.15,Medium Value,One-time (1)
2xbw8999,5.15,1,1,5.15,Medium Value,One-time (1)
abso31in,5.14,1,2,5.14,Medium Value,One-time (1)
1ng3wkeh,5.14,1,1,5.14,Medium Value,One-time (1)
rhsvioz9,5.14,1,1,5.14,Medium Value,One-time (1)
wpqo2lng,5.14,1,2,5.14,Medium Value,One-time (1)
c5li8ibb,5.14,1,1,5.14,Medium Value,One-time (1)
j2ktmaln,5.14,1,2,5.14,Medium Value,One-time (1)
2q6wt0k7,5.14,1,2,5.14,Medium Value,One-time (1)
kw3spks3,5.14,1,1,5.14,Medium Value,One-time (1)
z0sy5bt9,5.14,1,1,5.14,Medium Value,One-time (1)
o3qfa223,5.14,1,2,5.14,Medium Value,One-time (1)
r67afy7t,5.14,1,2,5.14,Medium Value,One-time (1)
iuxk2t69,5.14,1,1,5.14,Medium Value,One-time (1)
3eo7slwe,5.14,1,2,5.14,Medium Value,One-time (1)
tat05iq2,5.14,1,2,5.14,Medium Value,One-time (1)
39qvcd7n,5.13,1,2,5.13,Medium Value,One-time (1)
2cqskh2n,5.13,1,1,5.13,Medium Value,One-time (1)
8c6e9ypm,5.13,1,2,5.13,Medium Value,One-time (1)
9ea9jpdz,5.13,1,1,5.13,Medium Value,One-time (1)
70az77sx,5.13,1,2,5.13,Medium Value,One-time (1)
vlycfm9i,5.13,1,1,5.13,Medium Value,One-time (1)
v3v3t1wm,5.13,1,2,5.13,Medium Value,One-time (1)
87gsnyhx,5.13,1,1,5.13,Medium Value,One-time (1)
3to3xrqt,5.13,1,1,5.13,Medium Value,One-time (1)
irv3p0s6,5.13,1,2,5.13,Medium Value,One-time (1)
4gafhzio,5.13,1,1,5.13,Medium Value,One-time (1)
ja42qaza,5.12,1,2,5.12,Medium Value,One-time (1)
ncm85ktc,5.12,1,2,5.12,Medium Value,One-time (1)
s65vfrst,5.12,1,1,5.12,Medium Value,One-time (1)
2g528gqi,5.12,1,2,5.12,Medium Value,One-time (1)
1z5k8w7u,5.12,1,1,5.12,Medium Value,One-time (1)
mb09ujvg,5.12,1,1,5.12,Medium Value,One-time (1)
jv90rpte,5.12,1,2,5.12,Medium Value,One-time (1)
80k4idr9,5.12,1,2,5.12,Medium Value,One-time (1)
wce3xxqn,5.12,1,2,5.12,Medium Value,One-time (1)
xn07qijz,5.12,1,2,5.12,Medium Value,One-time (1)
c8cynl63,5.11,2,2,2.555,Medium Value,Occasional (2-3)
y72ivgly,5.1,1,1,5.1,Medium Value,One-time (1)
e7abl5eb,5.1,1,3,5.1,Medium Value,One-time (1)
4ikwsvde,5.1,1,1,5.1,Medium Value,One-time (1)
rxxka80f,5.1,1,1,5.1,Medium Value,One-time (1)
y13a1b54,5.1,1,1,5.1,Medium Value,One-time (1)
s9xzuctg,5.1,1,1,5.1,Medium Value,One-time (1)
o4ne6z9s,5.1,1,1,5.1,Medium Value,One-time (1)
vjh88zpp,5.1,1,1,5.1,Medium Value,One-time (1)
w0q9t1g8,5.1,1,1,5.1,Medium Value,One-time (1)
j0pnepbg,5.1,1,1,5.1,Medium Value,One-time (1)
6negwqkb,5.1,1,1,5.1,Medium Value,One-time (1)
80xijc3t,5.1,1,2,5.1,Medium Value,One-time (1)
yqpfrwss,5.1,1,2,5.1,Medium Value,One-time (1)
yfa1j0mn,5.1,1,1,5.1,Medium Value,One-time (1)
jj0b3oum,5.1,1,2,5.1,Medium Value,One-time (1)
bbo6a029,5.1,1,1,5.1,Medium Value,One-time (1)
c55glieg,5.1,1,1,5.1,Medium Value,One-time (1)
06nsqlen,5.1,1,1,5.1,Medium Value,One-time (1)
k7id70mu,5.1,1,1,5.1,Medium Value,One-time (1)
7giccaav,5.1,1,1,5.1,Medium Value,One-time (1)
2oouxqs1,5.1,1,2,5.1,Medium Value,One-time (1)
8ditmown,5.1,1,1,5.1,Medium Value,One-time (1)
rjm3rjjw,5.1,1,1,5.1,Medium Value,One-time (1)
nxp7m76c,5.1,1,2,5.1,Medium Value,One-time (1)
lvigzzz6,5.1,1,3,5.1,Medium Value,One-time (1)
mu2r8m1z,5.1,1,2,5.1,Medium Value,One-time (1)
3qbh94js,5.1,1,1,5.1,Medium Value,One-time (1)
2es17wlj,5.1,1,1,5.1,Medium Value,One-time (1)
mxo5d24n,5.1,1,1,5.1,Medium Value,One-time (1)
pavq46qy,5.1,1,1,5.1,Medium Value,One-time (1)
la9x48w5,5.1,1,1,5.1,Medium Value,One-time (1)
ikih07al,5.1,1,3,5.1,Medium Value,One-time (1)
un6fht60,5.1,1,2,5.1,Medium Value,One-time (1)
7lwg7v2m,5.1,1,1,5.1,Medium Value,One-time (1)
phkep1gc,5.1,1,1,5.1,Medium Value,One-time (1)
yxh9vqo4,5.1,1,1,5.1,Medium Value,One-time (1)
gtynzeqm,5.1,1,2,5.1,Medium Value,One-time (1)
ilsft5gm,5.1,1,2,5.1,Medium Value,One-time (1)
nv8phd8x,5.1,1,1,5.1,Medium Value,One-time (1)
yxn62p0n,5.1,1,2,5.1,Medium Value,One-time (1)
uknir7ul,5.1,1,1,5.1,Medium Value,One-time (1)
cuhuz4f5,5.1,1,1,5.1,Medium Value,One-time (1)
14xo1qao,5.1,1,2,5.1,Medium Value,One-time (1)
hwp1vptz,5.1,1,1,5.1,Medium Value,One-time (1)
iqtz9o2s,5.1,1,2,5.1,Medium Value,One-time (1)
bx8p4jl6,5.1,1,2,5.1,Medium Value,One-time (1)
lch1gqdd,5.1,1,1,5.1,Medium Value,One-time (1)
mhjc3scw,5.1,1,2,5.1,Medium Value,One-time (1)
1rlo5x9r,5.1,1,1,5.1,Medium Value,One-time (1)
6sabjfik,5.1,1,1,5.1,Medium Value,One-time (1)
u6jgn4zu,5.1,1,2,5.1,Medium Value,One-time (1)
l05kq3hp,5.1,1,2,5.1,Medium Value,One-time (1)
lld7fnqg,5.1,1,1,5.1,Medium Value,One-time (1)
hzt0vgwh,5.1,1,2,5.1,Medium Value,One-time (1)
j1s8gffo,5.1,1,1,5.1,Medium Value,One-time (1)
euxnus3h,5.1,1,1,5.1,Medium Value,One-time (1)
iuafyfsc,5.1,1,1,5.1,Medium Value,One-time (1)
zizdwnte,5.1,1,2,5.1,Medium Value,One-time (1)
3ya9lhsm,5.1,1,2,5.1,Medium Value,One-time (1)
19vjwf0g,5.1,1,2,5.1,Medium Value,One-time (1)
hfhfb5rd,5.1,1,1,5.1,Medium Value,One-time (1)
u8m4k7te,5.1,1,1,5.1,Medium Value,One-time (1)
psyapel8,5.1,1,2,5.1,Medium Value,One-time (1)
z91rxsva,5.1,1,1,5.1,Medium Value,One-time (1)
96lg72nc,5.1,1,3,5.1,Medium Value,One-time (1)
u9luew0s,5.1,1,1,5.1,Medium Value,One-time (1)
uvrlnq5r,5.1,1,1,5.1,Medium Value,One-time (1)
dpbza5xd,5.1,1,2,5.1,Medium Value,One-time (1)
jt4nkdvl,5.1,1,2,5.1,Medium Value,One-time (1)
zahgbg6y,5.1,1,2,5.1,Medium Value,One-time (1)
lls2voa2,5.1,1,1,5.1,Medium Value,One-time (1)
n8tq8hsb,5.1,1,1,5.1,Medium Value,One-time (1)
6gpqdpt7,5.1,1,2,5.1,Medium Value,One-time (1)
v21ao8xz,5.1,1,1,5.1,Medium Value,One-time (1)
fn04pxu0,5.1,1,1,5.1,Medium Value,One-time (1)
znqiamds,5.1,1,1,5.1,Medium Value,One-time (1)
0crk61td,5.1,1,1,5.1,Medium Value,One-time (1)
i5o37gkb,5.1,1,2,5.1,Medium Value,One-time (1)
ir38bwbs,5.1,1,2,5.1,Medium Value,One-time (1)
7b7liand,5.09,1,2,5.09,Medium Value,One-time (1)
2fmj4k34,5.09,1,3,5.09,Medium Value,One-time (1)
69ku0u5c,5.09,1,1,5.09,Medium Value,One-time (1)
4j8pjbc0,5.09,1,1,5.09,Medium Value,One-time (1)
edtqs4ab,5.08,1,2,5.08,Medium Value,One-time (1)
1guutqwt,5.08,1,1,5.08,Medium Value,One-time (1)
mnrrly12,5.08,1,2,5.08,Medium Value,One-time (1)
kki2bbww,5.08,1,1,5.08,Medium Value,One-time (1)
n4bxfkvd,5.08,1,2,5.08,Medium Value,One-time (1)
ga7rb7yj,5.08,1,1,5.08,Medium Value,One-time (1)
3o8qp7pa,5.08,1,2,5.08,Medium Value,One-time (1)
xp6geo0a,5.08,1,2,5.08,Medium Value,One-time (1)
xfeqesxu,5.08,1,2,5.08,Medium Value,One-time (1)
cqz2gxbk,5.08,1,2,5.08,Medium Value,One-time (1)
70kbsj5x,5.08,1,1,5.08,Medium Value,One-time (1)
k0ubhtut,5.08,1,1,5.08,Medium Value,One-time (1)
hwpszkax,5.08,1,2,5.08,Medium Value,One-time (1)
qa8zsdsi,5.08,1,2,5.08,Medium Value,One-time (1)
1urtk3sk,5.08,1,1,5.08,Medium Value,One-time (1)
uuqtm09s,5.08,1,2,5.08,Medium Value,One-time (1)
seoreh36,5.08,1,1,5.08,Medium Value,One-time (1)
pwmk628d,5.08,1,1,5.08,Medium Value,One-time (1)
xwfxk3yc,5.08,1,1,5.08,Medium Value,One-time (1)
5shx2mgd,5.07,1,1,5.07,Medium Value,One-time (1)
q0vwrgpi,5.07,1,1,5.07,Medium Value,One-time (1)
6nmivgrn,5.07,1,1,5.07,Medium Value,One-time (1)
99x2fuad,5.07,1,1,5.07,Medium Value,One-time (1)
6ruvq2o6,5.07,1,1,5.07,Medium Value,One-time (1)
2y8lz8cv,5.07,1,1,5.07,Medium Value,One-time (1)
xrv5kyj0,5.07,1,1,5.07,Medium Value,One-time (1)
d7ikvnm9,5.07,1,1,5.07,Medium Value,One-time (1)
qaf8xduq,5.07,1,1,5.07,Medium Value,One-time (1)
fvvnkicp,5.07,1,1,5.07,Medium Value,One-time (1)
vy7zdezm,5.07,1,1,5.07,Medium Value,One-time (1)
7vieywb1,5.07,1,1,5.07,Medium Value,One-time (1)
lnmn8p2s,5.07,1,1,5.07,Medium Value,One-time (1)
pfg8pjvr,5.0600000000000005,2,2,2.5300000000000002,Medium Value,Occasional (2-3)
qaelyyzz,5.0600000000000005,2,2,2.5300000000000002,Medium Value,Occasional (2-3)
j7wqkkwg,5.06,1,1,5.06,Medium Value,One-time (1)
842sapse,5.06,1,1,5.06,Medium Value,One-time (1)
yoern3w0,5.06,1,1,5.06,Medium Value,One-time (1)
fe909j51,5.06,1,1,5.06,Medium Value,One-time (1)
hukul400,5.06,1,1,5.06,Medium Value,One-time (1)
s5mh5xvu,5.06,1,1,5.06,Medium Value,One-time (1)
frczm2l1,5.06,1,1,5.06,Medium Value,One-time (1)
eqks4wmi,5.06,1,1,5.06,Medium Value,One-time (1)
sb9zbzuk,5.06,1,1,5.06,Medium Value,One-time (1)
buat7kg8,5.06,1,1,5.06,Medium Value,One-time (1)
saorb9uw,5.06,1,1,5.06,Medium Value,One-time (1)
qtgvg48y,5.06,1,1,5.06,Medium Value,One-time (1)
o50iufoi,5.06,1,1,5.06,Medium Value,One-time (1)
s1zr08fu,5.06,1,1,5.06,Medium Value,One-time (1)
yqj04t3r,5.06,1,1,5.06,Medium Value,One-time (1)
fmjmx1j1,5.06,1,1,5.06,Medium Value,One-time (1)
v3d5xnf5,5.06,1,1,5.06,Medium Value,One-time (1)
nnklwcgc,5.06,1,1,5.06,Medium Value,One-time (1)
5oxaaljs,5.06,1,1,5.06,Medium Value,One-time (1)
7vwhbcma,5.06,1,1,5.06,Medium Value,One-time (1)
2v1nsr39,5.06,1,1,5.06,Medium Value,One-time (1)
v53g720p,5.06,1,1,5.06,Medium Value,One-time (1)
2uqgocjz,5.06,1,2,5.06,Medium Value,One-time (1)
2pl67vdj,5.06,1,1,5.06,Medium Value,One-time (1)
qy6aiz0a,5.06,1,1,5.06,Medium Value,One-time (1)
lr077jy6,5.06,1,1,5.06,Medium Value,One-time (1)
vfs5o9xf,5.06,1,1,5.06,Medium Value,One-time (1)
5lp9jx7w,5.06,1,1,5.06,Medium Value,One-time (1)
y2o92o15,5.06,1,1,5.06,Medium Value,One-time (1)
v5rusfpg,5.06,1,1,5.06,Medium Value,One-time (1)
5cqnuim1,5.06,1,1,5.06,Medium Value,One-time (1)
2g73ipk5,5.06,1,1,5.06,Medium Value,One-time (1)
v5scqwaj,5.06,1,2,5.06,Medium Value,One-time (1)
il8sjvom,5.06,1,1,5.06,Medium Value,One-time (1)
j27jaa94,5.06,1,1,5.06,Medium Value,One-time (1)
89emtdt6,5.06,1,1,5.06,Medium Value,One-time (1)
9wt62fvu,5.06,1,1,5.06,Medium Value,One-time (1)
k9x4jg1e,5.06,1,1,5.06,Medium Value,One-time (1)
an88jjt4,5.06,1,1,5.06,Medium Value,One-time (1)
prwu1s19,5.06,1,1,5.06,Medium Value,One-time (1)
mnxtswi6,5.06,1,1,5.06,Medium Value,One-time (1)
pk3w66bv,5.06,1,1,5.06,Medium Value,One-time (1)
zk3rmzm2,5.06,1,2,5.06,Medium Value,One-time (1)
mqqxc2w1,5.06,1,1,5.06,Medium Value,One-time (1)
5zrplwdx,5.06,1,1,5.06,Medium Value,One-time (1)
ace5awzk,5.06,1,1,5.06,Medium Value,One-time (1)
r2ofp1kn,5.06,1,1,5.06,Medium Value,One-time (1)
daui28zh,5.06,1,1,5.06,Medium Value,One-time (1)
ctmylly9,5.06,1,1,5.06,Medium Value,One-time (1)
27zyk2y0,5.06,1,1,5.06,Medium Value,One-time (1)
6booljum,5.06,1,1,5.06,Medium Value,One-time (1)
dbnmdwjq,5.06,1,1,5.06,Medium Value,One-time (1)
e00k27jn,5.06,1,2,5.06,Medium Value,One-time (1)
6b0hx81q,5.06,1,1,5.06,Medium Value,One-time (1)
kta0ex1x,5.06,1,1,5.06,Medium Value,One-time (1)
3wwy2p00,5.06,1,1,5.06,Medium Value,One-time (1)
b1eqpvbj,5.06,1,1,5.06,Medium Value,One-time (1)
07mtltae,5.06,1,1,5.06,Medium Value,One-time (1)
b2e8cnz1,5.06,1,1,5.06,Medium Value,One-time (1)
oms72otr,5.06,1,1,5.06,Medium Value,One-time (1)
0j1oulwo,5.06,1,1,5.06,Medium Value,One-time (1)
0kuo1xls,5.06,1,1,5.06,Medium Value,One-time (1)
x3idukfa,5.06,1,1,5.06,Medium Value,One-time (1)
gkyhybqf,5.06,1,1,5.06,Medium Value,One-time (1)
jm4p9bu0,5.06,1,1,5.06,Medium Value,One-time (1)
t592ltqm,5.06,1,1,5.06,Medium Value,One-time (1)
ub3p89fx,5.06,1,1,5.06,Medium Value,One-time (1)
mw69vv6q,5.06,1,1,5.06,Medium Value,One-time (1)
2b6m0wvh,5.06,1,1,5.06,Medium Value,One-time (1)
eeok4ko1,5.06,1,1,5.06,Medium Value,One-time (1)
0cjbmuvh,5.06,1,1,5.06,Medium Value,One-time (1)
cmuyuacg,5.06,1,1,5.06,Medium Value,One-time (1)
470vx2zm,5.06,1,1,5.06,Medium Value,One-time (1)
547mzxcb,5.06,1,1,5.06,Medium Value,One-time (1)
8ld6t35o,5.06,1,1,5.06,Medium Value,One-time (1)
8hwpg44y,5.06,1,1,5.06,Medium Value,One-time (1)
rrupqvhr,5.06,1,1,5.06,Medium Value,One-time (1)
duz7ogxn,5.06,1,1,5.06,Medium Value,One-time (1)
ms6swt9t,5.06,1,1,5.06,Medium Value,One-time (1)
zi3dl88i,5.06,1,1,5.06,Medium Value,One-time (1)
xdlnhcyk,5.06,1,1,5.06,Medium Value,One-time (1)
hkm56qd3,5.06,1,1,5.06,Medium Value,One-time (1)
8opyjqi8,5.06,1,1,5.06,Medium Value,One-time (1)
5tub7f7g,5.06,1,1,5.06,Medium Value,One-time (1)
jcw25fl7,5.06,1,1,5.06,Medium Value,One-time (1)
h3bwdgb8,5.06,1,1,5.06,Medium Value,One-time (1)
r2ykccpr,5.05,2,2,2.525,Medium Value,Occasional (2-3)
wjnl16wn,5.05,1,2,5.05,Medium Value,One-time (1)
hy7ai339,5.05,2,2,2.525,Medium Value,Occasional (2-3)
1qxeum6r,5.05,1,1,5.05,Medium Value,One-time (1)
gh96bthv,5.04,1,2,5.04,Medium Value,One-time (1)
7e2m5xjs,5.04,1,1,5.04,Medium Value,One-time (1)
co5ia3lv,5.04,1,1,5.04,Medium Value,One-time (1)
b4hizggp,5.04,1,1,5.04,Medium Value,One-time (1)
88qjs8nx,5.04,1,1,5.04,Medium Value,One-time (1)
hydadkbt,5.04,1,1,5.04,Medium Value,One-time (1)
6pav1y03,5.04,1,1,5.04,Medium Value,One-time (1)
0450pepu,5.04,1,1,5.04,Medium Value,One-time (1)
5rgy5i2o,5.04,1,3,5.04,Medium Value,One-time (1)
cxkoo7dy,5.04,1,1,5.04,Medium Value,One-time (1)
n9ror0gq,5.04,1,1,5.04,Medium Value,One-time (1)
f4iiiwvo,5.04,1,1,5.04,Medium Value,One-time (1)
0z3o98j5,5.04,1,1,5.04,Medium Value,One-time (1)
ytflhh4q,5.04,1,1,5.04,Medium Value,One-time (1)
gz0i6nbe,5.04,1,1,5.04,Medium Value,One-time (1)
l747nxag,5.04,1,1,5.04,Medium Value,One-time (1)
683ple45,5.04,1,1,5.04,Medium Value,One-time (1)
djhofxzx,5.03,1,1,5.03,Medium Value,One-time (1)
kevz6c96,5.02,1,1,5.02,Medium Value,One-time (1)
tici1c1l,5.01,1,1,5.01,Medium Value,One-time (1)
c2hgbmk6,5.01,1,1,5.01,Medium Value,One-time (1)
9j7yrhnf,5.01,1,1,5.01,Medium Value,One-time (1)
ximc8laj,5.01,1,1,5.01,Medium Value,One-time (1)
brwu4gkz,5.01,1,1,5.01,Medium Value,One-time (1)
atk9yqs0,5.01,1,1,5.01,Medium Value,One-time (1)
2ix4qvrt,5.01,1,1,5.01,Medium Value,One-time (1)
didpbh8q,5.01,1,1,5.01,Medium Value,One-time (1)
attd1vvx,5.0,1,2,5.0,Medium Value,One-time (1)
4hymb08u,5.0,1,1,5.0,Medium Value,One-time (1)
dq5sydn7,5.0,1,1,5.0,Medium Value,One-time (1)
88n05031,5.0,1,2,5.0,Medium Value,One-time (1)
64nfax7q,5.0,1,1,5.0,Medium Value,One-time (1)
4vyvj00y,5.0,1,1,5.0,Medium Value,One-time (1)
0b6enyu7,5.0,1,2,5.0,Medium Value,One-time (1)
kcn09btu,5.0,1,2,5.0,Medium Value,One-time (1)
wdcokz5s,5.0,1,2,5.0,Medium Value,One-time (1)
ly6y0k1d,5.0,1,2,5.0,Medium Value,One-time (1)
wqs1sqja,5.0,1,1,5.0,Medium Value,One-time (1)
tynrkoks,5.0,1,1,5.0,Medium Value,One-time (1)
zogyami5,5.0,1,1,5.0,Medium Value,One-time (1)
qslf4txg,5.0,1,1,5.0,Medium Value,One-time (1)
27uifmgx,5.0,1,1,5.0,Medium Value,One-time (1)
fmvmtok8,5.0,1,2,5.0,Medium Value,One-time (1)
knjwhvoa,5.0,1,2,5.0,Medium Value,One-time (1)
yd3e1qf8,5.0,1,1,5.0,Medium Value,One-time (1)
93ngm8x2,5.0,1,2,5.0,Medium Value,One-time (1)
pi04n20c,5.0,1,1,5.0,Medium Value,One-time (1)
pkc33maa,5.0,1,1,5.0,Medium Value,One-time (1)
a0babp36,5.0,1,2,5.0,Medium Value,One-time (1)
3gjdvk19,5.0,1,1,5.0,Medium Value,One-time (1)
i47vmq9d,5.0,1,1,5.0,Medium Value,One-time (1)
sbu35bw9,5.0,1,2,5.0,Medium Value,One-time (1)
092ed2ka,5.0,1,1,5.0,Medium Value,One-time (1)
7ez66r8i,5.0,1,2,5.0,Medium Value,One-time (1)
xf560514,5.0,1,1,5.0,Medium Value,One-time (1)
dqsaxxzl,5.0,1,2,5.0,Medium Value,One-time (1)
gc1k201e,5.0,1,2,5.0,Medium Value,One-time (1)
hsigeins,5.0,1,1,5.0,Medium Value,One-time (1)
5u4lyapt,5.0,1,1,5.0,Medium Value,One-time (1)
fwolpmr1,5.0,1,2,5.0,Medium Value,One-time (1)
8g99ddij,5.0,1,2,5.0,Medium Value,One-time (1)
r08o5y3q,5.0,1,1,5.0,Medium Value,One-time (1)
svff5aap,5.0,1,2,5.0,Medium Value,One-time (1)
q5os5vyd,5.0,1,2,5.0,Medium Value,One-time (1)
3cublpgp,5.0,1,2,5.0,Medium Value,One-time (1)
xcfnw6i8,5.0,1,2,5.0,Medium Value,One-time (1)
73jwsl5r,5.0,1,2,5.0,Medium Value,One-time (1)
4m6alkqn,5.0,1,2,5.0,Medium Value,One-time (1)
yu2ozw9a,5.0,1,1,5.0,Medium Value,One-time (1)
mfv7bvjv,5.0,1,1,5.0,Medium Value,One-time (1)
io2f2nat,4.99,1,1,4.99,Medium Value,One-time (1)
o2q63l98,4.99,1,1,4.99,Medium Value,One-time (1)
bdki7vnd,4.99,1,1,4.99,Medium Value,One-time (1)
2ug05wh2,4.99,2,2,2.495,Medium Value,Occasional (2-3)
azmn70sy,4.99,1,1,4.99,Medium Value,One-time (1)
afv2rkqk,4.99,1,1,4.99,Medium Value,One-time (1)
y664xlzo,4.99,1,1,4.99,Medium Value,One-time (1)
4giwvvh9,4.99,1,1,4.99,Medium Value,One-time (1)
uxnr015h,4.98,1,1,4.98,Medium Value,One-time (1)
dzjnumzp,4.98,1,2,4.98,Medium Value,One-time (1)
p5ufp92k,4.98,1,2,4.98,Medium Value,One-time (1)
ro1taino,4.97,1,1,4.97,Medium Value,One-time (1)
0m78piza,4.97,1,2,4.97,Medium Value,One-time (1)
5zdpls4p,4.97,1,1,4.97,Medium Value,One-time (1)
15qowvuj,4.97,1,1,4.97,Medium Value,One-time (1)
tiy5htv9,4.97,1,1,4.97,Medium Value,One-time (1)
vjv644ho,4.97,1,2,4.97,Medium Value,One-time (1)
sxv9yzw1,4.97,1,1,4.97,Medium Value,One-time (1)
55ulpeir,4.97,1,1,4.97,Medium Value,One-time (1)
8borqlz9,4.97,1,1,4.97,Medium Value,One-time (1)
369hsh11,4.97,1,1,4.97,Medium Value,One-time (1)
71x730ul,4.97,1,1,4.97,Medium Value,One-time (1)
zzmtbyz0,4.97,1,1,4.97,Medium Value,One-time (1)
fmf7z0yu,4.97,1,1,4.97,Medium Value,One-time (1)
xss2ahru,4.97,1,1,4.97,Medium Value,One-time (1)
fsln3gk2,4.97,1,1,4.97,Medium Value,One-time (1)
k5yxx21m,4.97,1,1,4.97,Medium Value,One-time (1)
nmyepbjh,4.97,1,1,4.97,Medium Value,One-time (1)
uot7gfpo,4.97,1,1,4.97,Medium Value,One-time (1)
8qn2ayff,4.97,1,1,4.97,Medium Value,One-time (1)
3navyj9b,4.97,1,1,4.97,Medium Value,One-time (1)
zvwzbrn5,4.97,1,1,4.97,Medium Value,One-time (1)
8c6ybiwt,4.97,1,1,4.97,Medium Value,One-time (1)
lyf3aykn,4.97,1,1,4.97,Medium Value,One-time (1)
tncgeuwp,4.97,1,1,4.97,Medium Value,One-time (1)
5hjrwa5h,4.97,1,1,4.97,Medium Value,One-time (1)
k8rrppoz,4.97,1,1,4.97,Medium Value,One-time (1)
6on40p27,4.97,1,1,4.97,Medium Value,One-time (1)
y1c7c916,4.97,1,1,4.97,Medium Value,One-time (1)
sj7h9luf,4.97,1,1,4.97,Medium Value,One-time (1)
rfjho1ot,4.97,1,1,4.97,Medium Value,One-time (1)
4djkcpck,4.97,1,2,4.97,Medium Value,One-time (1)
v6n89d9y,4.97,1,1,4.97,Medium Value,One-time (1)
tpup41rw,4.97,1,1,4.97,Medium Value,One-time (1)
3p89lfwd,4.97,1,1,4.97,Medium Value,One-time (1)
2dtzstxl,4.97,1,1,4.97,Medium Value,One-time (1)
yu50mnm8,4.97,1,1,4.97,Medium Value,One-time (1)
8krccsec,4.97,1,3,4.97,Medium Value,One-time (1)
r91zflcd,4.97,1,1,4.97,Medium Value,One-time (1)
i328tbdl,4.97,1,1,4.97,Medium Value,One-time (1)
vow78aog,4.97,1,1,4.97,Medium Value,One-time (1)
n627khkb,4.97,1,2,4.97,Medium Value,One-time (1)
frbzb80n,4.97,1,1,4.97,Medium Value,One-time (1)
79ns5je2,4.97,1,1,4.97,Medium Value,One-time (1)
ljlf5fcy,4.97,1,1,4.97,Medium Value,One-time (1)
t9rt7690,4.97,1,1,4.97,Medium Value,One-time (1)
hft4i26l,4.97,1,1,4.97,Medium Value,One-time (1)
jlyebncb,4.97,1,1,4.97,Medium Value,One-time (1)
3ycphmxh,4.97,1,2,4.97,Medium Value,One-time (1)
jme63q67,4.97,1,1,4.97,Medium Value,One-time (1)
es41cejq,4.97,1,1,4.97,Medium Value,One-time (1)
qwqcrfm8,4.97,1,1,4.97,Medium Value,One-time (1)
bkzlmtgn,4.97,1,1,4.97,Medium Value,One-time (1)
s84tuus9,4.97,1,1,4.97,Medium Value,One-time (1)
xbpevgfb,4.97,1,1,4.97,Medium Value,One-time (1)
o7b3rxt1,4.97,1,1,4.97,Medium Value,One-time (1)
be3yqy5f,4.96,1,2,4.96,Medium Value,One-time (1)
xpa1xz8g,4.96,1,2,4.96,Medium Value,One-time (1)
sq0p82kb,4.96,1,2,4.96,Medium Value,One-time (1)
60an0jr4,4.96,1,1,4.96,Medium Value,One-time (1)
wxqy1tcx,4.96,1,1,4.96,Medium Value,One-time (1)
qubvmly3,4.96,1,1,4.96,Medium Value,One-time (1)
qhwok9e5,4.96,1,1,4.96,Medium Value,One-time (1)
1unmaivy,4.96,1,2,4.96,Medium Value,One-time (1)
kb1qq846,4.96,1,2,4.96,Medium Value,One-time (1)
d5ivwai7,4.96,1,1,4.96,Medium Value,One-time (1)
eq0uozze,4.96,1,1,4.96,Medium Value,One-time (1)
mbql8ncw,4.96,1,1,4.96,Medium Value,One-time (1)
pc6fy8qj,4.96,1,2,4.96,Medium Value,One-time (1)
7uhb4fz7,4.96,1,1,4.96,Medium Value,One-time (1)
8s46b51d,4.96,1,1,4.96,Medium Value,One-time (1)
zezpny99,4.96,1,2,4.96,Medium Value,One-time (1)
49ono3so,4.96,1,2,4.96,Medium Value,One-time (1)
eec0zzkz,4.96,1,2,4.96,Medium Value,One-time (1)
mtndtm1u,4.96,1,2,4.96,Medium Value,One-time (1)
zz2lnlgi,4.96,1,1,4.96,Medium Value,One-time (1)
fl0d9ksj,4.96,1,2,4.96,Medium Value,One-time (1)
z0e91zrx,4.96,1,2,4.96,Medium Value,One-time (1)
coxr7wsx,4.96,1,1,4.96,Medium Value,One-time (1)
noc2xi3r,4.96,1,2,4.96,Medium Value,One-time (1)
7x3igeg4,4.96,1,1,4.96,Medium Value,One-time (1)
xzlxzcf7,4.96,1,1,4.96,Medium Value,One-time (1)
8pctrd14,4.96,1,1,4.96,Medium Value,One-time (1)
cqupucme,4.96,1,2,4.96,Medium Value,One-time (1)
2853uy8u,4.96,1,1,4.96,Medium Value,One-time (1)
87kp75qc,4.96,1,2,4.96,Medium Value,One-time (1)
a3oh12uj,4.96,1,2,4.96,Medium Value,One-time (1)
hyx7k9bb,4.96,1,2,4.96,Medium Value,One-time (1)
47y3q4i5,4.96,1,1,4.96,Medium Value,One-time (1)
otenqzil,4.95,1,1,4.95,Medium Value,One-time (1)
zwcb7f8l,4.95,1,1,4.95,Medium Value,One-time (1)
27kcp12p,4.95,1,1,4.95,Medium Value,One-time (1)
m8wqz8jb,4.95,1,1,4.95,Medium Value,One-time (1)
sywm2d17,4.95,1,1,4.95,Medium Value,One-time (1)
to3nddve,4.95,1,2,4.95,Medium Value,One-time (1)
cwaudb5k,4.95,1,1,4.95,Medium Value,One-time (1)
y3bv3giw,4.95,1,1,4.95,Medium Value,One-time (1)
zvfkfo9s,4.95,1,2,4.95,Medium Value,One-time (1)
ao1q22zg,4.95,1,1,4.95,Medium Value,One-time (1)
qpo31bgo,4.95,1,1,4.95,Medium Value,One-time (1)
s8m991le,4.95,1,3,4.95,Medium Value,One-time (1)
45bm1enf,4.95,1,1,4.95,Medium Value,One-time (1)
3omcurfg,4.95,1,1,4.95,Medium Value,One-time (1)
075qpt8q,4.95,1,1,4.95,Medium Value,One-time (1)
idsb7s04,4.95,1,1,4.95,Medium Value,One-time (1)
e0z8unwa,4.95,1,1,4.95,Medium Value,One-time (1)
87mjhy79,4.95,1,3,4.95,Medium Value,One-time (1)
egdsh5ne,4.95,1,1,4.95,Medium Value,One-time (1)
zm3vjcdk,4.95,1,1,4.95,Medium Value,One-time (1)
mwnxvsrs,4.95,1,1,4.95,Medium Value,One-time (1)
ugfmhr9e,4.95,1,1,4.95,Medium Value,One-time (1)
oblinfd5,4.95,1,3,4.95,Medium Value,One-time (1)
0p4dqdq5,4.95,1,1,4.95,Medium Value,One-time (1)
837cgtie,4.95,1,1,4.95,Medium Value,One-time (1)
mjo36ncq,4.95,1,2,4.95,Medium Value,One-time (1)
qu2us8eh,4.95,1,3,4.95,Medium Value,One-time (1)
zsa7yvdq,4.95,1,1,4.95,Medium Value,One-time (1)
4dbynpwz,4.95,1,1,4.95,Medium Value,One-time (1)
k5vbzweo,4.95,1,1,4.95,Medium Value,One-time (1)
gfvctn9v,4.95,1,1,4.95,Medium Value,One-time (1)
5wpbeca8,4.95,1,2,4.95,Medium Value,One-time (1)
j6nvn1wh,4.95,1,1,4.95,Medium Value,One-time (1)
vna7069q,4.95,1,1,4.95,Medium Value,One-time (1)
ra6v1d5h,4.95,1,1,4.95,Medium Value,One-time (1)
cs33ziy1,4.95,1,1,4.95,Medium Value,One-time (1)
e96x3odw,4.95,1,1,4.95,Medium Value,One-time (1)
h6ueiefl,4.95,1,1,4.95,Medium Value,One-time (1)
ogv7wfhe,4.95,1,2,4.95,Medium Value,One-time (1)
j2eatmkd,4.95,1,1,4.95,Medium Value,One-time (1)
pknq98b9,4.95,1,1,4.95,Medium Value,One-time (1)
z1m4rag6,4.95,1,1,4.95,Medium Value,One-time (1)
zsn71lvj,4.95,1,1,4.95,Medium Value,One-time (1)
q2ule4gg,4.95,1,2,4.95,Medium Value,One-time (1)
ceqgt5bg,4.95,1,1,4.95,Medium Value,One-time (1)
8q63lqy0,4.95,1,1,4.95,Medium Value,One-time (1)
7sxa7a6g,4.95,1,1,4.95,Medium Value,One-time (1)
t4yzell8,4.95,1,1,4.95,Medium Value,One-time (1)
66vw9b0m,4.949999999999999,2,2,2.4749999999999996,Medium Value,Occasional (2-3)
dhjojcq7,4.94,1,1,4.94,Medium Value,One-time (1)
e11e9fta,4.94,1,1,4.94,Medium Value,One-time (1)
t9em7hjt,4.94,1,1,4.94,Medium Value,One-time (1)
pbmyofqe,4.94,1,1,4.94,Medium Value,One-time (1)
f0fuvrcf,4.94,1,1,4.94,Medium Value,One-time (1)
dmxdik58,4.94,1,2,4.94,Medium Value,One-time (1)
uvea7ndh,4.94,1,1,4.94,Medium Value,One-time (1)
00ua1k3d,4.94,1,1,4.94,Medium Value,One-time (1)
ymo2ku6z,4.94,1,1,4.94,Medium Value,One-time (1)
cs6vup9p,4.94,1,1,4.94,Medium Value,One-time (1)
yuju3877,4.94,1,1,4.94,Medium Value,One-time (1)
8jsrww4s,4.94,1,1,4.94,Medium Value,One-time (1)
6v5ul7he,4.94,1,1,4.94,Medium Value,One-time (1)
6ussl5gk,4.94,1,1,4.94,Medium Value,One-time (1)
zeuutnbe,4.94,1,1,4.94,Medium Value,One-time (1)
szxggkud,4.94,1,1,4.94,Medium Value,One-time (1)
jubprzvf,4.94,1,1,4.94,Medium Value,One-time (1)
0cocmgzj,4.94,1,1,4.94,Medium Value,One-time (1)
q7u2akn4,4.94,1,1,4.94,Medium Value,One-time (1)
0q6fce11,4.94,1,1,4.94,Medium Value,One-time (1)
ln1b1h2e,4.94,1,1,4.94,Medium Value,One-time (1)
ssrelwbr,4.94,1,2,4.94,Medium Value,One-time (1)
qaw5q2ky,4.94,1,1,4.94,Medium Value,One-time (1)
togn1w1h,4.94,1,1,4.94,Medium Value,One-time (1)
0yvc4oj1,4.94,1,1,4.94,Medium Value,One-time (1)
97louuf3,4.94,1,2,4.94,Medium Value,One-time (1)
zgrllcbi,4.94,1,1,4.94,Medium Value,One-time (1)
ttq2o1t4,4.94,1,1,4.94,Medium Value,One-time (1)
py06ftlo,4.94,1,1,4.94,Medium Value,One-time (1)
sugkpi7g,4.94,1,1,4.94,Medium Value,One-time (1)
9scqbess,4.94,1,1,4.94,Medium Value,One-time (1)
iwxodr5l,4.94,1,1,4.94,Medium Value,One-time (1)
tlavqwa0,4.94,1,1,4.94,Medium Value,One-time (1)
ytoxnf99,4.94,1,1,4.94,Medium Value,One-time (1)
986tl51x,4.94,1,2,4.94,Medium Value,One-time (1)
srcueq98,4.94,1,1,4.94,Medium Value,One-time (1)
035k04i3,4.94,1,1,4.94,Medium Value,One-time (1)
01l7lo19,4.94,1,1,4.94,Medium Value,One-time (1)
5qizdtb0,4.94,1,1,4.94,Medium Value,One-time (1)
grt0hnql,4.94,1,1,4.94,Medium Value,One-time (1)
ryddjyx6,4.94,1,1,4.94,Medium Value,One-time (1)
n7knnwdq,4.94,1,1,4.94,Medium Value,One-time (1)
vg2w5tx2,4.94,1,1,4.94,Medium Value,One-time (1)
geu01b55,4.94,1,1,4.94,Medium Value,One-time (1)
7u9hz0pn,4.94,1,1,4.94,Medium Value,One-time (1)
81e7hr4z,4.94,1,1,4.94,Medium Value,One-time (1)
rq8f7uo1,4.94,1,1,4.94,Medium Value,One-time (1)
amo94vse,4.94,1,1,4.94,Medium Value,One-time (1)
2ln1v4i3,4.94,1,1,4.94,Medium Value,One-time (1)
x62fzitx,4.94,1,1,4.94,Medium Value,One-time (1)
1jyf7sh3,4.94,1,1,4.94,Medium Value,One-time (1)
xxidx7kb,4.94,1,1,4.94,Medium Value,One-time (1)
fohfnnxp,4.94,1,2,4.94,Medium Value,One-time (1)
ickbak6f,4.94,1,1,4.94,Medium Value,One-time (1)
w3jgeqe5,4.94,1,1,4.94,Medium Value,One-time (1)
b7zyneqw,4.94,1,1,4.94,Medium Value,One-time (1)
16f1o58r,4.94,1,1,4.94,Medium Value,One-time (1)
7g4l1w84,4.94,1,1,4.94,Medium Value,One-time (1)
g91dsf6d,4.94,1,1,4.94,Medium Value,One-time (1)
fhz6t8vm,4.94,1,1,4.94,Medium Value,One-time (1)
i9ddg6hf,4.94,1,1,4.94,Medium Value,One-time (1)
gkls74b1,4.94,1,1,4.94,Medium Value,One-time (1)
xtgfa456,4.94,1,1,4.94,Medium Value,One-time (1)
1a9e61a2,4.94,1,1,4.94,Medium Value,One-time (1)
7thfy0q3,4.94,1,1,4.94,Medium Value,One-time (1)
4s90yiqb,4.94,1,1,4.94,Medium Value,One-time (1)
nfhpl5y7,4.94,1,1,4.94,Medium Value,One-time (1)
vzz1869g,4.94,1,1,4.94,Medium Value,One-time (1)
55qll719,4.94,1,1,4.94,Medium Value,One-time (1)
95na2fqz,4.9399999999999995,2,2,2.4699999999999998,Medium Value,Occasional (2-3)
np84dyt9,4.9399999999999995,2,2,2.4699999999999998,Medium Value,Occasional (2-3)
h43uyxof,4.93,1,2,4.93,Medium Value,One-time (1)
eusr6pjc,4.93,1,2,4.93,Medium Value,One-time (1)
k2jhonw1,4.92,1,2,4.92,Medium Value,One-time (1)
p2icouzy,4.92,1,1,4.92,Medium Value,One-time (1)
86s714ce,4.92,1,2,4.92,Medium Value,One-time (1)
z4pn7gn4,4.92,1,2,4.92,Medium Value,One-time (1)
e44x987g,4.92,1,1,4.92,Medium Value,One-time (1)
5tle7x52,4.92,1,2,4.92,Medium Value,One-time (1)
3bppxtxt,4.92,1,2,4.92,Medium Value,One-time (1)
ycxwuma0,4.92,1,2,4.92,Medium Value,One-time (1)
9b1qr9er,4.92,1,1,4.92,Medium Value,One-time (1)
neirek8z,4.92,1,1,4.92,Medium Value,One-time (1)
lrblkfia,4.92,1,2,4.92,Medium Value,One-time (1)
8261ztmf,4.92,1,1,4.92,Medium Value,One-time (1)
27lzavfx,4.92,1,2,4.92,Medium Value,One-time (1)
bwk5zbe7,4.92,1,1,4.92,Medium Value,One-time (1)
mftb998t,4.92,1,2,4.92,Medium Value,One-time (1)
82yc543e,4.92,1,2,4.92,Medium Value,One-time (1)
v4bsw7dm,4.92,1,2,4.92,Medium Value,One-time (1)
e816yg8o,4.92,1,2,4.92,Medium Value,One-time (1)
cv7qr4eo,4.92,1,2,4.92,Medium Value,One-time (1)
pjo0n2dc,4.92,1,2,4.92,Medium Value,One-time (1)
qvvmdryt,4.92,1,2,4.92,Medium Value,One-time (1)
0sfn3k5u,4.92,1,2,4.92,Medium Value,One-time (1)
4u8tgjj5,4.92,1,1,4.92,Medium Value,One-time (1)
18aobrpv,4.92,1,2,4.92,Medium Value,One-time (1)
kai84uza,4.92,1,2,4.92,Medium Value,One-time (1)
xrdqo2p0,4.92,1,2,4.92,Medium Value,One-time (1)
47tn5qq4,4.92,1,1,4.92,Medium Value,One-time (1)
qxtt4g0t,4.92,1,2,4.92,Medium Value,One-time (1)
4v0v1wvb,4.92,1,1,4.92,Medium Value,One-time (1)
qgk5y33o,4.92,1,1,4.92,Medium Value,One-time (1)
k5oy2ah5,4.92,1,2,4.92,Medium Value,One-time (1)
htwpr0yl,4.92,1,1,4.92,Medium Value,One-time (1)
u0binwoe,4.92,1,2,4.92,Medium Value,One-time (1)
nhozoc3h,4.92,1,1,4.92,Medium Value,One-time (1)
qi1qjs4k,4.92,1,1,4.92,Medium Value,One-time (1)
irl8elvl,4.92,1,2,4.92,Medium Value,One-time (1)
bxmxgclo,4.92,1,1,4.92,Medium Value,One-time (1)
csuex0ij,4.92,1,2,4.92,Medium Value,One-time (1)
q4a9aub3,4.92,1,1,4.92,Medium Value,One-time (1)
45bg34iq,4.92,1,2,4.92,Medium Value,One-time (1)
uei9l08e,4.92,1,1,4.92,Medium Value,One-time (1)
ipzyfhr3,4.92,1,1,4.92,Medium Value,One-time (1)
vk4dggq7,4.92,1,2,4.92,Medium Value,One-time (1)
shkoecub,4.92,1,3,4.92,Medium Value,One-time (1)
vifz0mr4,4.92,1,2,4.92,Medium Value,One-time (1)
nx86a0r8,4.92,1,3,4.92,Medium Value,One-time (1)
9a146yah,4.92,1,2,4.92,Medium Value,One-time (1)
au2g4ts8,4.92,1,2,4.92,Medium Value,One-time (1)
u56gzz7s,4.92,1,1,4.92,Medium Value,One-time (1)
11zsb8lv,4.92,1,2,4.92,Medium Value,One-time (1)
ucfy1tcz,4.92,1,1,4.92,Medium Value,One-time (1)
n8qyv74o,4.92,1,2,4.92,Medium Value,One-time (1)
y7rj6nse,4.92,1,1,4.92,Medium Value,One-time (1)
rse0s9ib,4.92,1,1,4.92,Medium Value,One-time (1)
1s4to3rv,4.92,1,2,4.92,Medium Value,One-time (1)
y7gaecx6,4.92,1,1,4.92,Medium Value,One-time (1)
7b5h5smc,4.92,1,2,4.92,Medium Value,One-time (1)
ar3shlx0,4.92,1,1,4.92,Medium Value,One-time (1)
5enzn8dc,4.92,1,1,4.92,Medium Value,One-time (1)
9vwdl8ip,4.92,1,1,4.92,Medium Value,One-time (1)
ta7r582k,4.92,1,2,4.92,Medium Value,One-time (1)
kx9tnq3m,4.92,1,1,4.92,Medium Value,One-time (1)
hfzvgn2k,4.92,1,2,4.92,Medium Value,One-time (1)
3ebw9a8z,4.91,1,1,4.91,Medium Value,One-time (1)
65efuxq9,4.91,1,1,4.91,Medium Value,One-time (1)
vu2ei1m2,4.91,1,1,4.91,Medium Value,One-time (1)
q4a52yqn,4.91,1,1,4.91,Medium Value,One-time (1)
87df067m,4.91,1,1,4.91,Medium Value,One-time (1)
c75lka1a,4.91,1,1,4.91,Medium Value,One-time (1)
uov51zlb,4.91,1,1,4.91,Medium Value,One-time (1)
zhwoo3xd,4.91,1,1,4.91,Medium Value,One-time (1)
itkq3021,4.91,1,1,4.91,Medium Value,One-time (1)
fn9059et,4.91,1,1,4.91,Medium Value,One-time (1)
u1fj2lf5,4.91,1,1,4.91,Medium Value,One-time (1)
fkwx50z1,4.91,1,1,4.91,Medium Value,One-time (1)
i1ijrqub,4.91,1,1,4.91,Medium Value,One-time (1)
5iv2jr4o,4.91,1,1,4.91,Medium Value,One-time (1)
9p351tpw,4.91,1,1,4.91,Medium Value,One-time (1)
d0u1fj4h,4.91,1,1,4.91,Medium Value,One-time (1)
ezh7bhyd,4.91,1,1,4.91,Medium Value,One-time (1)
wjlbnnfq,4.91,1,1,4.91,Medium Value,One-time (1)
bmqzvdbl,4.91,1,1,4.91,Medium Value,One-time (1)
jc0sjqz7,4.91,1,1,4.91,Medium Value,One-time (1)
a32v5js2,4.91,1,1,4.91,Medium Value,One-time (1)
g0961k0r,4.91,1,1,4.91,Medium Value,One-time (1)
nrtf5c6b,4.91,1,2,4.91,Medium Value,One-time (1)
11hk34lo,4.91,1,1,4.91,Medium Value,One-time (1)
rihql4x6,4.91,1,1,4.91,Medium Value,One-time (1)
6ln7xjs6,4.91,1,1,4.91,Medium Value,One-time (1)
0wwcsb02,4.91,1,1,4.91,Medium Value,One-time (1)
3ue5c5zk,4.91,1,1,4.91,Medium Value,One-time (1)
pdmfty33,4.91,1,1,4.91,Medium Value,One-time (1)
idgkxo45,4.91,1,1,4.91,Medium Value,One-time (1)
jejpq12c,4.91,1,1,4.91,Medium Value,One-time (1)
tb02t16z,4.91,1,1,4.91,Medium Value,One-time (1)
7tepnh0h,4.91,1,1,4.91,Medium Value,One-time (1)
ys8w3j5l,4.91,1,1,4.91,Medium Value,One-time (1)
dk986qno,4.91,1,1,4.91,Medium Value,One-time (1)
hzv4j12l,4.91,1,1,4.91,Medium Value,One-time (1)
32yx5zov,4.91,1,1,4.91,Medium Value,One-time (1)
4l2e4f4n,4.91,1,1,4.91,Medium Value,One-time (1)
ayvvznc3,4.91,1,1,4.91,Medium Value,One-time (1)
4ummnlwq,4.91,1,1,4.91,Medium Value,One-time (1)
rae77bmr,4.91,1,3,4.91,Medium Value,One-time (1)
dhjedind,4.91,1,1,4.91,Medium Value,One-time (1)
30zpxjgm,4.91,1,1,4.91,Medium Value,One-time (1)
0txpcvy8,4.91,1,1,4.91,Medium Value,One-time (1)
w40vcd97,4.91,1,1,4.91,Medium Value,One-time (1)
6fw1wqkk,4.91,1,1,4.91,Medium Value,One-time (1)
mnk5s5bz,4.91,1,1,4.91,Medium Value,One-time (1)
a7f0uf4s,4.91,1,1,4.91,Medium Value,One-time (1)
c2qdtc9q,4.91,1,2,4.91,Medium Value,One-time (1)
ueqk01jj,4.91,1,1,4.91,Medium Value,One-time (1)
y4rzeplx,4.91,1,1,4.91,Medium Value,One-time (1)
ixn3sheo,4.91,1,1,4.91,Medium Value,One-time (1)
hehwqeeu,4.91,1,1,4.91,Medium Value,One-time (1)
pea0ytex,4.91,1,1,4.91,Medium Value,One-time (1)
pc0cncm9,4.91,1,1,4.91,Medium Value,One-time (1)
dib835vb,4.91,1,1,4.91,Medium Value,One-time (1)
bq06nvci,4.91,1,1,4.91,Medium Value,One-time (1)
0qnqn2aw,4.91,1,1,4.91,Medium Value,One-time (1)
zl89meeh,4.91,1,1,4.91,Medium Value,One-time (1)
wib60egn,4.91,1,2,4.91,Medium Value,One-time (1)
8li74mec,4.91,1,1,4.91,Medium Value,One-time (1)
rxwg4oi1,4.91,1,1,4.91,Medium Value,One-time (1)
m6s5fo29,4.91,1,1,4.91,Medium Value,One-time (1)
dp96i4am,4.91,1,1,4.91,Medium Value,One-time (1)
yjkfmcbe,4.91,1,1,4.91,Medium Value,One-time (1)
darkkr4p,4.91,1,1,4.91,Medium Value,One-time (1)
qwun2dj8,4.91,1,1,4.91,Medium Value,One-time (1)
fpo94x1v,4.9,1,2,4.9,Medium Value,One-time (1)
h6rznow1,4.9,1,2,4.9,Medium Value,One-time (1)
fx6a1shy,4.9,1,1,4.9,Medium Value,One-time (1)
qh9qg5x1,4.9,1,2,4.9,Medium Value,One-time (1)
87yl1d19,4.9,1,1,4.9,Medium Value,One-time (1)
hezu7s59,4.9,1,1,4.9,Medium Value,One-time (1)
djz6ol1v,4.9,1,2,4.9,Medium Value,One-time (1)
bk2ywxxh,4.9,1,1,4.9,Medium Value,One-time (1)
6q73z976,4.9,1,1,4.9,Medium Value,One-time (1)
q979gg3i,4.9,1,1,4.9,Medium Value,One-time (1)
4b7mmp9r,4.9,1,2,4.9,Medium Value,One-time (1)
i62e72sk,4.9,1,2,4.9,Medium Value,One-time (1)
stiaqfly,4.9,1,2,4.9,Medium Value,One-time (1)
rpf3o2y3,4.9,1,1,4.9,Medium Value,One-time (1)
mn5k395u,4.9,1,2,4.9,Medium Value,One-time (1)
1j0ghwwi,4.9,1,1,4.9,Medium Value,One-time (1)
7pl55xx3,4.9,1,1,4.9,Medium Value,One-time (1)
o4ltf9sd,4.9,1,2,4.9,Medium Value,One-time (1)
l9thn45s,4.9,1,1,4.9,Medium Value,One-time (1)
nsz77w3a,4.9,1,1,4.9,Medium Value,One-time (1)
ahx9s5k2,4.9,1,2,4.9,Medium Value,One-time (1)
bdso0liy,4.9,1,2,4.9,Medium Value,One-time (1)
z90cdgbi,4.9,1,1,4.9,Medium Value,One-time (1)
4sx27dcb,4.9,1,1,4.9,Medium Value,One-time (1)
6xiyzvnl,4.9,1,1,4.9,Medium Value,One-time (1)
nfl2184d,4.9,1,1,4.9,Medium Value,One-time (1)
drjqwuzh,4.9,1,1,4.9,Medium Value,One-time (1)
5hdddvzk,4.9,1,2,4.9,Medium Value,One-time (1)
g9r9vwsv,4.9,1,2,4.9,Medium Value,One-time (1)
r6uhf9nb,4.9,1,2,4.9,Medium Value,One-time (1)
fgs07g25,4.9,1,1,4.9,Medium Value,One-time (1)
intf9ega,4.9,1,2,4.9,Medium Value,One-time (1)
trpyx8hb,4.89,1,1,4.89,Medium Value,One-time (1)
ow2r576v,4.89,1,1,4.89,Medium Value,One-time (1)
tc4kuxqq,4.89,1,1,4.89,Medium Value,One-time (1)
op41l04q,4.89,1,1,4.89,Medium Value,One-time (1)
xcahf0tv,4.89,1,3,4.89,Medium Value,One-time (1)
zrvxi8eh,4.89,1,1,4.89,Medium Value,One-time (1)
lss1711i,4.89,1,1,4.89,Medium Value,One-time (1)
t90gf5yh,4.89,1,1,4.89,Medium Value,One-time (1)
4c9yfxvb,4.89,1,1,4.89,Medium Value,One-time (1)
zdewrkh9,4.89,1,1,4.89,Medium Value,One-time (1)
43e5r915,4.89,1,1,4.89,Medium Value,One-time (1)
izeule3b,4.89,1,1,4.89,Medium Value,One-time (1)
obev3sza,4.89,1,1,4.89,Medium Value,One-time (1)
5bwheymm,4.89,1,1,4.89,Medium Value,One-time (1)
fgde7lv1,4.89,1,1,4.89,Medium Value,One-time (1)
9t2g2u0f,4.89,1,1,4.89,Medium Value,One-time (1)
ybhe3pza,4.89,1,1,4.89,Medium Value,One-time (1)
lhedc5d8,4.89,1,1,4.89,Medium Value,One-time (1)
jws5a3f0,4.89,1,1,4.89,Medium Value,One-time (1)
u5yccn16,4.89,1,1,4.89,Medium Value,One-time (1)
7ya0mymv,4.89,1,1,4.89,Medium Value,One-time (1)
nyli0z5m,4.89,1,1,4.89,Medium Value,One-time (1)
dy8jek2t,4.89,1,1,4.89,Medium Value,One-time (1)
vqzh1md2,4.89,1,1,4.89,Medium Value,One-time (1)
j289arnm,4.89,1,1,4.89,Medium Value,One-time (1)
jl26st34,4.89,1,1,4.89,Medium Value,One-time (1)
gbue2d98,4.89,1,1,4.89,Medium Value,One-time (1)
c5xprwvo,4.89,1,1,4.89,Medium Value,One-time (1)
u0env5sn,4.89,1,1,4.89,Medium Value,One-time (1)
ulevsda9,4.89,1,1,4.89,Medium Value,One-time (1)
eaaod1vk,4.89,1,1,4.89,Medium Value,One-time (1)
gnz9urie,4.89,1,1,4.89,Medium Value,One-time (1)
ee38y5l2,4.89,1,1,4.89,Medium Value,One-time (1)
cmk2g05z,4.89,1,1,4.89,Medium Value,One-time (1)
75w5gost,4.89,1,1,4.89,Medium Value,One-time (1)
n2gzy4fc,4.89,1,1,4.89,Medium Value,One-time (1)
fvwuy6nj,4.89,1,1,4.89,Medium Value,One-time (1)
wykeij1o,4.89,1,1,4.89,Medium Value,One-time (1)
0x7atu9v,4.89,1,1,4.89,Medium Value,One-time (1)
xknebh2v,4.89,1,1,4.89,Medium Value,One-time (1)
2dbn5dqh,4.89,1,1,4.89,Medium Value,One-time (1)
mrz51246,4.89,1,1,4.89,Medium Value,One-time (1)
holekpow,4.89,1,1,4.89,Medium Value,One-time (1)
xk871lav,4.89,1,1,4.89,Medium Value,One-time (1)
5sklt2db,4.89,1,1,4.89,Medium Value,One-time (1)
flm23sxz,4.89,1,1,4.89,Medium Value,One-time (1)
n8lo0s3k,4.86,1,1,4.86,Medium Value,One-time (1)
httb103y,4.86,1,1,4.86,Medium Value,One-time (1)
q5cmcp7u,4.86,1,1,4.86,Medium Value,One-time (1)
q5sh0cbo,4.86,1,1,4.86,Medium Value,One-time (1)
yxiwwcx8,4.86,1,1,4.86,Medium Value,One-time (1)
1g1adr03,4.86,1,1,4.86,Medium Value,One-time (1)
uej6gzwd,4.86,1,3,4.86,Medium Value,One-time (1)
p4dexesw,4.86,1,1,4.86,Medium Value,One-time (1)
jid5e171,4.86,1,1,4.86,Medium Value,One-time (1)
nb8x1kgu,4.86,1,1,4.86,Medium Value,One-time (1)
pqn4d7wu,4.86,1,1,4.86,Medium Value,One-time (1)
6iei6bqy,4.86,1,1,4.86,Medium Value,One-time (1)
71vbtx8d,4.86,1,1,4.86,Medium Value,One-time (1)
urgz6ih3,4.86,1,1,4.86,Medium Value,One-time (1)
292154f8,4.86,1,1,4.86,Medium Value,One-time (1)
1w00ffjw,4.86,1,2,4.86,Medium Value,One-time (1)
e6xm8kpq,4.86,1,1,4.86,Medium Value,One-time (1)
jkn08l96,4.86,1,1,4.86,Medium Value,One-time (1)
hfva7yu4,4.86,1,1,4.86,Medium Value,One-time (1)
t97m612z,4.86,1,1,4.86,Medium Value,One-time (1)
jzxnoxp2,4.86,1,1,4.86,Medium Value,One-time (1)
b1p1z3xs,4.86,1,1,4.86,Medium Value,One-time (1)
hw8ai8c8,4.86,1,1,4.86,Medium Value,One-time (1)
bhp0mafz,4.86,1,1,4.86,Medium Value,One-time (1)
ng2jsg6z,4.86,1,1,4.86,Medium Value,One-time (1)
ot7pjzvq,4.86,1,1,4.86,Medium Value,One-time (1)
ys5rhc79,4.86,1,1,4.86,Medium Value,One-time (1)
ghxixlgh,4.86,1,1,4.86,Medium Value,One-time (1)
125jv4xl,4.86,1,1,4.86,Medium Value,One-time (1)
ij5mw0d5,4.86,1,1,4.86,Medium Value,One-time (1)
bu16c5z9,4.86,1,2,4.86,Medium Value,One-time (1)
bu79etv4,4.86,1,1,4.86,Medium Value,One-time (1)
12raahnm,4.86,1,1,4.86,Medium Value,One-time (1)
qvaecw9y,4.86,1,1,4.86,Medium Value,One-time (1)
idjyde8h,4.86,1,1,4.86,Medium Value,One-time (1)
zuytsly0,4.86,1,1,4.86,Medium Value,One-time (1)
d32lx2to,4.86,1,1,4.86,Medium Value,One-time (1)
7zkxcza2,4.86,1,1,4.86,Medium Value,One-time (1)
mwqik3ch,4.86,1,1,4.86,Medium Value,One-time (1)
i90l3bgm,4.86,1,1,4.86,Medium Value,One-time (1)
kc8cg8n5,4.86,1,1,4.86,Medium Value,One-time (1)
tulaojqy,4.86,1,1,4.86,Medium Value,One-time (1)
0wa15um9,4.86,1,1,4.86,Medium Value,One-time (1)
nelxndfl,4.85,1,1,4.85,Medium Value,One-time (1)
sgcxrsew,4.85,1,1,4.85,Medium Value,One-time (1)
44wuwtgb,4.85,1,1,4.85,Medium Value,One-time (1)
65wubcuy,4.85,1,1,4.85,Medium Value,One-time (1)
i7efp9qk,4.85,1,1,4.85,Medium Value,One-time (1)
ac10jco3,4.85,1,1,4.85,Medium Value,One-time (1)
ap51mzj9,4.85,1,1,4.85,Medium Value,One-time (1)
r1832pdh,4.85,1,1,4.85,Medium Value,One-time (1)
mb4wl8lf,4.85,1,1,4.85,Medium Value,One-time (1)
r5b5n68g,4.85,1,1,4.85,Medium Value,One-time (1)
emxxh2p9,4.85,1,1,4.85,Medium Value,One-time (1)
o0esdc6e,4.85,1,1,4.85,Medium Value,One-time (1)
lgotzp1c,4.84,1,2,4.84,Medium Value,One-time (1)
rcxcrkdv,4.84,1,2,4.84,Medium Value,One-time (1)
6i7qeqkf,4.84,1,2,4.84,Medium Value,One-time (1)
9aryeave,4.84,1,2,4.84,Medium Value,One-time (1)
tocddh2z,4.84,1,2,4.84,Medium Value,One-time (1)
k1egnqjr,4.84,1,2,4.84,Medium Value,One-time (1)
dudbw5ss,4.84,1,1,4.84,Medium Value,One-time (1)
x2fc78xa,4.84,1,2,4.84,Medium Value,One-time (1)
492bhi15,4.84,1,2,4.84,Medium Value,One-time (1)
keowdnsm,4.84,1,2,4.84,Medium Value,One-time (1)
odsicxwk,4.84,1,2,4.84,Medium Value,One-time (1)
b3cs7nwl,4.84,1,2,4.84,Medium Value,One-time (1)
8ujwg2mv,4.84,1,2,4.84,Medium Value,One-time (1)
23nrs1wv,4.84,1,2,4.84,Medium Value,One-time (1)
ckyha5ij,4.84,1,2,4.84,Medium Value,One-time (1)
v0zborpc,4.84,1,2,4.84,Medium Value,One-time (1)
j41y2x69,4.84,1,2,4.84,Medium Value,One-time (1)
dr08cw2l,4.84,1,2,4.84,Medium Value,One-time (1)
7yth0gpa,4.84,1,2,4.84,Medium Value,One-time (1)
3wl5caqz,4.84,1,2,4.84,Medium Value,One-time (1)
rmp985wz,4.83,1,1,4.83,Medium Value,One-time (1)
mnt6u777,4.83,2,2,2.415,Medium Value,Occasional (2-3)
44abuin1,4.83,1,1,4.83,Medium Value,One-time (1)
kzcak7jp,4.83,1,1,4.83,Medium Value,One-time (1)
oq8jxlfi,4.83,2,2,2.415,Medium Value,Occasional (2-3)
3igzyqdc,4.83,1,1,4.83,Medium Value,One-time (1)
lf6i13g9,4.82,1,1,4.82,Medium Value,One-time (1)
xd9css9t,4.82,1,1,4.82,Medium Value,One-time (1)
lold26ga,4.82,1,1,4.82,Medium Value,One-time (1)
mspsfbv9,4.82,1,1,4.82,Medium Value,One-time (1)
07zjs0q2,4.82,1,1,4.82,Medium Value,One-time (1)
v31yztln,4.82,1,1,4.82,Medium Value,One-time (1)
lig0l36v,4.82,1,1,4.82,Medium Value,One-time (1)
wwkm9r8h,4.82,1,1,4.82,Medium Value,One-time (1)
t0lpvsvc,4.82,1,2,4.82,Medium Value,One-time (1)
aps9n4ik,4.82,1,1,4.82,Medium Value,One-time (1)
mt3ysxou,4.82,1,1,4.82,Medium Value,One-time (1)
c8vomftg,4.82,1,1,4.82,Medium Value,One-time (1)
abnl5nd5,4.82,1,1,4.82,Medium Value,One-time (1)
a3ehphvj,4.82,1,1,4.82,Medium Value,One-time (1)
knieozsm,4.82,1,1,4.82,Medium Value,One-time (1)
oi9wm1sa,4.82,1,1,4.82,Medium Value,One-time (1)
h8qwg2hi,4.82,1,1,4.82,Medium Value,One-time (1)
llcc911b,4.82,1,2,4.82,Medium Value,One-time (1)
m4ateh4i,4.82,1,2,4.82,Medium Value,One-time (1)
pgo2frwb,4.82,1,1,4.82,Medium Value,One-time (1)
dhvs41lq,4.82,1,1,4.82,Medium Value,One-time (1)
b9c19gtl,4.82,1,1,4.82,Medium Value,One-time (1)
606rlmv7,4.82,1,1,4.82,Medium Value,One-time (1)
ruhqcvnj,4.82,1,1,4.82,Medium Value,One-time (1)
7by37p6p,4.82,1,1,4.82,Medium Value,One-time (1)
serue88b,4.82,1,1,4.82,Medium Value,One-time (1)
zarseuh2,4.82,1,1,4.82,Medium Value,One-time (1)
vr4y8mpw,4.82,1,1,4.82,Medium Value,One-time (1)
2je4s7ty,4.82,1,1,4.82,Medium Value,One-time (1)
whbw70nk,4.82,1,1,4.82,Medium Value,One-time (1)
6gf6irju,4.82,1,1,4.82,Medium Value,One-time (1)
bztip6t1,4.81,1,1,4.81,Medium Value,One-time (1)
xq0co9s1,4.81,1,1,4.81,Medium Value,One-time (1)
7f6bqihc,4.81,1,1,4.81,Medium Value,One-time (1)
f1sj0wam,4.81,1,2,4.81,Medium Value,One-time (1)
w9fntyr5,4.81,1,1,4.81,Medium Value,One-time (1)
vc8hd5zp,4.81,1,1,4.81,Medium Value,One-time (1)
37lsxn4n,4.81,1,1,4.81,Medium Value,One-time (1)
0eta95ne,4.81,1,1,4.81,Medium Value,One-time (1)
6z50odp8,4.81,1,1,4.81,Medium Value,One-time (1)
a5uq45ay,4.81,1,1,4.81,Medium Value,One-time (1)
l99qgabv,4.81,1,1,4.81,Medium Value,One-time (1)
esxcy1l5,4.81,1,1,4.81,Medium Value,One-time (1)
orae66t9,4.81,1,2,4.81,Medium Value,One-time (1)
us359ir4,4.81,1,1,4.81,Medium Value,One-time (1)
r8k7l48h,4.81,1,1,4.81,Medium Value,One-time (1)
ugwubugr,4.81,1,1,4.81,Medium Value,One-time (1)
07nlk64n,4.81,1,2,4.81,Medium Value,One-time (1)
859c4780,4.81,1,1,4.81,Medium Value,One-time (1)
hj0oovov,4.81,1,1,4.81,Medium Value,One-time (1)
i60wysmi,4.81,1,1,4.81,Medium Value,One-time (1)
8087bivv,4.81,1,1,4.81,Medium Value,One-time (1)
zno9c24u,4.81,1,1,4.81,Medium Value,One-time (1)
s8fhoc95,4.8,1,1,4.8,Medium Value,One-time (1)
7u866mrb,4.8,1,1,4.8,Medium Value,One-time (1)
rlbzqz7e,4.8,1,1,4.8,Medium Value,One-time (1)
98kobp5z,4.8,1,1,4.8,Medium Value,One-time (1)
kuwrv2xe,4.8,1,1,4.8,Medium Value,One-time (1)
j8nzrj8k,4.8,1,1,4.8,Medium Value,One-time (1)
08qvtbxv,4.8,1,1,4.8,Medium Value,One-time (1)
owxw5t9j,4.8,1,1,4.8,Medium Value,One-time (1)
r5rup13w,4.8,1,1,4.8,Medium Value,One-time (1)
yymxe9vk,4.8,1,1,4.8,Medium Value,One-time (1)
n6nbyzm2,4.8,1,1,4.8,Medium Value,One-time (1)
1sdpm0vg,4.8,1,1,4.8,Medium Value,One-time (1)
2ci4umz4,4.8,1,1,4.8,Medium Value,One-time (1)
wchj8x7n,4.8,1,3,4.8,Medium Value,One-time (1)
5tjrya89,4.8,1,1,4.8,Medium Value,One-time (1)
1k7lot1k,4.8,1,1,4.8,Medium Value,One-time (1)
q77pal43,4.8,1,1,4.8,Medium Value,One-time (1)
zhwgid7z,4.8,1,1,4.8,Medium Value,One-time (1)
k2etabsf,4.8,1,1,4.8,Medium Value,One-time (1)
k1pbcd6f,4.8,1,1,4.8,Medium Value,One-time (1)
mgibbuap,4.8,1,1,4.8,Medium Value,One-time (1)
amynw0nr,4.8,1,1,4.8,Medium Value,One-time (1)
ioct1ey2,4.8,1,1,4.8,Medium Value,One-time (1)
x9havf76,4.8,1,1,4.8,Medium Value,One-time (1)
b2v8yiw9,4.8,1,1,4.8,Medium Value,One-time (1)
iafql3v3,4.8,1,1,4.8,Medium Value,One-time (1)
o4vtka4y,4.8,1,1,4.8,Medium Value,One-time (1)
5w62mnyg,4.8,1,1,4.8,Medium Value,One-time (1)
qgv37tic,4.8,1,1,4.8,Medium Value,One-time (1)
56em9bn3,4.8,1,1,4.8,Medium Value,One-time (1)
j11nh94a,4.8,1,1,4.8,Medium Value,One-time (1)
ljehqgmt,4.8,1,1,4.8,Medium Value,One-time (1)
7vgl2dui,4.8,1,1,4.8,Medium Value,One-time (1)
j4nuh1za,4.8,1,1,4.8,Medium Value,One-time (1)
zqxker4y,4.8,1,1,4.8,Medium Value,One-time (1)
03ddv2u9,4.8,1,1,4.8,Medium Value,One-time (1)
4v4614x4,4.8,1,1,4.8,Medium Value,One-time (1)
oamd7yic,4.8,1,1,4.8,Medium Value,One-time (1)
i0i1vwgg,4.8,1,1,4.8,Medium Value,One-time (1)
5l79zhng,4.8,1,1,4.8,Medium Value,One-time (1)
0uqaul4r,4.8,1,1,4.8,Medium Value,One-time (1)
ey5f48nr,4.8,1,1,4.8,Medium Value,One-time (1)
ylrxcu9p,4.8,1,1,4.8,Medium Value,One-time (1)
rzzoggry,4.79,1,1,4.79,Medium Value,One-time (1)
v1yhrbvv,4.79,1,1,4.79,Medium Value,One-time (1)
69la811b,4.79,1,1,4.79,Medium Value,One-time (1)
0je6l35y,4.79,1,1,4.79,Medium Value,One-time (1)
tdmh1jtt,4.79,1,1,4.79,Medium Value,One-time (1)
7dn907v3,4.79,1,1,4.79,Medium Value,One-time (1)
424qixy2,4.79,1,2,4.79,Medium Value,One-time (1)
c96blwm2,4.79,1,1,4.79,Medium Value,One-time (1)
b5romtf4,4.79,1,1,4.79,Medium Value,One-time (1)
j97ex7s8,4.79,1,1,4.79,Medium Value,One-time (1)
2lwqv1ur,4.79,1,1,4.79,Medium Value,One-time (1)
oxxw4a0p,4.78,1,1,4.78,Medium Value,One-time (1)
7sjx20bn,4.78,1,1,4.78,Medium Value,One-time (1)
h7tt2djy,4.78,1,2,4.78,Medium Value,One-time (1)
cgh06vas,4.78,1,1,4.78,Medium Value,One-time (1)
n0vepano,4.78,1,1,4.78,Medium Value,One-time (1)
nsg3m0nr,4.78,1,2,4.78,Medium Value,One-time (1)
odug6es7,4.78,1,1,4.78,Medium Value,One-time (1)
m2e790fk,4.78,1,1,4.78,Medium Value,One-time (1)
ba5eeuyl,4.78,1,1,4.78,Medium Value,One-time (1)
dey8jkz0,4.78,1,1,4.78,Medium Value,One-time (1)
jd5uv5eb,4.78,1,2,4.78,Medium Value,One-time (1)
rbnn6q4k,4.78,1,1,4.78,Medium Value,One-time (1)
6xtu0eeu,4.78,1,2,4.78,Medium Value,One-time (1)
4tb76gin,4.78,1,1,4.78,Medium Value,One-time (1)
u4cs6u9d,4.78,1,1,4.78,Medium Value,One-time (1)
9el8hl88,4.78,2,2,2.39,Medium Value,Occasional (2-3)
p1c8dfs3,4.78,1,1,4.78,Medium Value,One-time (1)
dbze3ghv,4.78,1,1,4.78,Medium Value,One-time (1)
qpftokd4,4.78,1,1,4.78,Medium Value,One-time (1)
s5ym8qwz,4.78,1,1,4.78,Medium Value,One-time (1)
9wj1v0p4,4.78,1,1,4.78,Medium Value,One-time (1)
mxicrly5,4.78,1,1,4.78,Medium Value,One-time (1)
4wsmlxgb,4.78,1,1,4.78,Medium Value,One-time (1)
rrogknen,4.78,1,1,4.78,Medium Value,One-time (1)
oo11gtfg,4.78,1,1,4.78,Medium Value,One-time (1)
neimiyzi,4.78,1,1,4.78,Medium Value,One-time (1)
u6flvmal,4.78,1,2,4.78,Medium Value,One-time (1)
se1bab94,4.78,1,1,4.78,Medium Value,One-time (1)
oym66dt6,4.78,1,1,4.78,Medium Value,One-time (1)
y09r54yx,4.78,1,1,4.78,Medium Value,One-time (1)
20pm2v1r,4.78,1,1,4.78,Medium Value,One-time (1)
kfj9l5c8,4.78,1,1,4.78,Medium Value,One-time (1)
9m0011gn,4.78,1,1,4.78,Medium Value,One-time (1)
hssbb3xu,4.78,1,1,4.78,Medium Value,One-time (1)
4zjblrss,4.78,1,1,4.78,Medium Value,One-time (1)
vq77po5s,4.78,1,1,4.78,Medium Value,One-time (1)
ytj9xvgx,4.78,1,1,4.78,Medium Value,One-time (1)
rr49hqwp,4.78,1,1,4.78,Medium Value,One-time (1)
wqa31wmc,4.78,1,1,4.78,Medium Value,One-time (1)
oi47o7dz,4.78,1,1,4.78,Medium Value,One-time (1)
6uh38rap,4.76,1,2,4.76,Medium Value,One-time (1)
3bn96dgv,4.76,1,2,4.76,Medium Value,One-time (1)
1vvz3mij,4.76,1,2,4.76,Medium Value,One-time (1)
vf0jqqnv,4.76,1,2,4.76,Medium Value,One-time (1)
lenv88vz,4.76,1,2,4.76,Medium Value,One-time (1)
bk0yfi22,4.76,1,2,4.76,Medium Value,One-time (1)
2u1puugs,4.76,1,2,4.76,Medium Value,One-time (1)
ycrvgjz3,4.76,1,2,4.76,Medium Value,One-time (1)
4qlejdr6,4.76,1,2,4.76,Medium Value,One-time (1)
odsox2cq,4.76,1,2,4.76,Medium Value,One-time (1)
cgrwji0q,4.76,1,2,4.76,Medium Value,One-time (1)
glg08yvu,4.76,1,2,4.76,Medium Value,One-time (1)
g6mmhzkg,4.76,1,2,4.76,Medium Value,One-time (1)
ypz6pgxg,4.76,1,2,4.76,Medium Value,One-time (1)
bb62hvia,4.76,1,2,4.76,Medium Value,One-time (1)
8uxtr13i,4.76,1,2,4.76,Medium Value,One-time (1)
u2tl0zqd,4.76,1,2,4.76,Medium Value,One-time (1)
cf8h6cq3,4.76,1,2,4.76,Medium Value,One-time (1)
kaihl2lr,4.76,1,2,4.76,Medium Value,One-time (1)
xoby2dwy,4.76,1,2,4.76,Medium Value,One-time (1)
fqswtq3v,4.76,1,2,4.76,Medium Value,One-time (1)
za6c9f6u,4.76,1,2,4.76,Medium Value,One-time (1)
y7o7atl7,4.76,1,2,4.76,Medium Value,One-time (1)
p7bq9hup,4.76,1,2,4.76,Medium Value,One-time (1)
wbtjxm25,4.76,1,2,4.76,Medium Value,One-time (1)
f8vutdbl,4.76,1,2,4.76,Medium Value,One-time (1)
uae3usy1,4.76,1,2,4.76,Medium Value,One-time (1)
tsfh8rgr,4.76,1,2,4.76,Medium Value,One-time (1)
ts4th0se,4.76,1,2,4.76,Medium Value,One-time (1)
63qh50uy,4.76,1,2,4.76,Medium Value,One-time (1)
y6cqn3pd,4.76,1,2,4.76,Medium Value,One-time (1)
y8pdupyf,4.76,1,2,4.76,Medium Value,One-time (1)
y7nesr7m,4.76,1,2,4.76,Medium Value,One-time (1)
wbavrfj7,4.76,1,2,4.76,Medium Value,One-time (1)
jvyf9ako,4.76,1,2,4.76,Medium Value,One-time (1)
uwcx98c3,4.76,1,1,4.76,Medium Value,One-time (1)
fbt5hgxa,4.76,1,2,4.76,Medium Value,One-time (1)
ghta3wxv,4.76,1,2,4.76,Medium Value,One-time (1)
gi9xdp67,4.76,1,1,4.76,Medium Value,One-time (1)
07ye5mzb,4.76,1,2,4.76,Medium Value,One-time (1)
gctw0d2x,4.76,1,2,4.76,Medium Value,One-time (1)
xaj2t3z1,4.76,1,2,4.76,Medium Value,One-time (1)
l1gahy18,4.76,1,2,4.76,Medium Value,One-time (1)
j2qarza2,4.76,1,2,4.76,Medium Value,One-time (1)
673kllzc,4.76,1,2,4.76,Medium Value,One-time (1)
sbrulk9g,4.76,1,2,4.76,Medium Value,One-time (1)
qqrgay09,4.76,1,2,4.76,Medium Value,One-time (1)
f58nlatr,4.76,1,2,4.76,Medium Value,One-time (1)
wpg6xmvb,4.76,1,2,4.76,Medium Value,One-time (1)
lxhio4ys,4.76,1,2,4.76,Medium Value,One-time (1)
718tdpic,4.76,1,2,4.76,Medium Value,One-time (1)
grx4049r,4.76,1,2,4.76,Medium Value,One-time (1)
k7t6gwm0,4.76,1,2,4.76,Medium Value,One-time (1)
qffhr7v2,4.76,1,2,4.76,Medium Value,One-time (1)
b2g8fug9,4.76,1,2,4.76,Medium Value,One-time (1)
n0ee60j3,4.76,1,2,4.76,Medium Value,One-time (1)
btjeeevv,4.76,1,2,4.76,Medium Value,One-time (1)
8ja9l9jo,4.76,1,2,4.76,Medium Value,One-time (1)
rhxeqidh,4.76,1,2,4.76,Medium Value,One-time (1)
uzd2pja7,4.76,1,1,4.76,Medium Value,One-time (1)
rmc6sczm,4.76,1,2,4.76,Medium Value,One-time (1)
nh6sl8e1,4.76,1,2,4.76,Medium Value,One-time (1)
46qbfpiz,4.76,1,2,4.76,Medium Value,One-time (1)
xmsyyxar,4.76,1,2,4.76,Medium Value,One-time (1)
xm6iqak8,4.76,1,2,4.76,Medium Value,One-time (1)
a44fjocn,4.76,1,2,4.76,Medium Value,One-time (1)
3b0aly28,4.76,1,2,4.76,Medium Value,One-time (1)
k4sm8mz1,4.76,1,2,4.76,Medium Value,One-time (1)
xztdnrmq,4.76,1,2,4.76,Medium Value,One-time (1)
p2ktmadv,4.76,1,2,4.76,Medium Value,One-time (1)
pb05ejaj,4.76,1,2,4.76,Medium Value,One-time (1)
tkov2nan,4.76,1,2,4.76,Medium Value,One-time (1)
1z39e7ru,4.76,1,2,4.76,Medium Value,One-time (1)
u1phpebk,4.76,1,2,4.76,Medium Value,One-time (1)
b0qrncq4,4.76,1,2,4.76,Medium Value,One-time (1)
edu2al41,4.76,1,2,4.76,Medium Value,One-time (1)
acgw3ey8,4.76,1,2,4.76,Medium Value,One-time (1)
cx7culoq,4.76,1,2,4.76,Medium Value,One-time (1)
tp09xqj7,4.76,1,2,4.76,Medium Value,One-time (1)
vo3wsnsa,4.76,1,2,4.76,Medium Value,One-time (1)
jeiv6rao,4.76,1,2,4.76,Medium Value,One-time (1)
ukbfw4mc,4.76,1,2,4.76,Medium Value,One-time (1)
7lvswmnr,4.76,1,2,4.76,Medium Value,One-time (1)
hwknp8b9,4.76,1,2,4.76,Medium Value,One-time (1)
8ajf46aj,4.76,1,2,4.76,Medium Value,One-time (1)
l7v54iz8,4.76,1,2,4.76,Medium Value,One-time (1)
g45uos9j,4.76,1,2,4.76,Medium Value,One-time (1)
ydo9mjjq,4.76,1,2,4.76,Medium Value,One-time (1)
nnmumv0c,4.76,1,2,4.76,Medium Value,One-time (1)
re1nptuq,4.76,1,2,4.76,Medium Value,One-time (1)
aampv0bn,4.76,1,2,4.76,Medium Value,One-time (1)
my1nob6x,4.76,1,2,4.76,Medium Value,One-time (1)
h7vwb880,4.76,1,2,4.76,Medium Value,One-time (1)
hte4fwru,4.75,1,1,4.75,Medium Value,One-time (1)
z83k0xsi,4.75,1,1,4.75,Medium Value,One-time (1)
m6b2cqag,4.75,1,1,4.75,Medium Value,One-time (1)
qdnwt5bu,4.75,1,1,4.75,Medium Value,One-time (1)
gdwjbp77,4.75,1,1,4.75,Medium Value,One-time (1)
pf5tmkus,4.75,1,1,4.75,Medium Value,One-time (1)
yfrnyym6,4.75,1,1,4.75,Medium Value,One-time (1)
kp5jlkea,4.75,1,1,4.75,Medium Value,One-time (1)
u1vinfgb,4.75,1,1,4.75,Medium Value,One-time (1)
bfhvc014,4.75,1,1,4.75,Medium Value,One-time (1)
p5bvf53z,4.75,1,1,4.75,Medium Value,One-time (1)
cvck8o9i,4.75,1,1,4.75,Medium Value,One-time (1)
7tndv9mm,4.75,1,1,4.75,Medium Value,One-time (1)
aldf27s1,4.75,1,1,4.75,Medium Value,One-time (1)
y9r49s3u,4.75,1,1,4.75,Medium Value,One-time (1)
xufhb1r1,4.75,1,1,4.75,Medium Value,One-time (1)
yw1warz3,4.75,1,1,4.75,Medium Value,One-time (1)
7hbut83s,4.75,1,1,4.75,Medium Value,One-time (1)
al6za19c,4.75,1,1,4.75,Medium Value,One-time (1)
tef659y8,4.75,1,1,4.75,Medium Value,One-time (1)
8aedanry,4.75,1,1,4.75,Medium Value,One-time (1)
7vxuqdrm,4.75,1,2,4.75,Medium Value,One-time (1)
5n9cmvvz,4.75,1,1,4.75,Medium Value,One-time (1)
jf0jq84q,4.75,1,1,4.75,Medium Value,One-time (1)
kyyij0cv,4.75,1,1,4.75,Medium Value,One-time (1)
qknyboek,4.75,1,2,4.75,Medium Value,One-time (1)
qx5gfcms,4.75,1,1,4.75,Medium Value,One-time (1)
pch0i6as,4.75,1,1,4.75,Medium Value,One-time (1)
3dwx87oc,4.75,1,1,4.75,Medium Value,One-time (1)
pmzpok6v,4.75,1,1,4.75,Medium Value,One-time (1)
wvoqsd9p,4.75,1,1,4.75,Medium Value,One-time (1)
b8bmm45n,4.75,1,1,4.75,Medium Value,One-time (1)
vgycjlcy,4.75,1,1,4.75,Medium Value,One-time (1)
3hzfulw6,4.75,1,1,4.75,Medium Value,One-time (1)
yfrs59ta,4.75,1,1,4.75,Medium Value,One-time (1)
cfkfb29u,4.75,1,1,4.75,Medium Value,One-time (1)
1h0r8qjp,4.75,1,1,4.75,Medium Value,One-time (1)
jg50itdm,4.75,1,1,4.75,Medium Value,One-time (1)
obzxn5hp,4.75,1,1,4.75,Medium Value,One-time (1)
juyhtzor,4.75,1,1,4.75,Medium Value,One-time (1)
1mrkgmxt,4.75,1,1,4.75,Medium Value,One-time (1)
7zgkcqwv,4.75,1,1,4.75,Medium Value,One-time (1)
x5pvf57b,4.75,1,1,4.75,Medium Value,One-time (1)
hg5zmtga,4.75,1,1,4.75,Medium Value,One-time (1)
wi4w8wym,4.75,1,1,4.75,Medium Value,One-time (1)
wjv4oqbi,4.75,1,1,4.75,Medium Value,One-time (1)
yrrwq0ge,4.75,1,1,4.75,Medium Value,One-time (1)
c4bdmspo,4.74,1,1,4.74,Medium Value,One-time (1)
qzukoywf,4.74,1,1,4.74,Medium Value,One-time (1)
tvrpfomq,4.74,1,1,4.74,Medium Value,One-time (1)
tyoej908,4.74,1,1,4.74,Medium Value,One-time (1)
eduh5pnk,4.74,1,1,4.74,Medium Value,One-time (1)
wawtr7yp,4.74,1,1,4.74,Medium Value,One-time (1)
rem5puu6,4.74,1,1,4.74,Medium Value,One-time (1)
0036sytr,4.74,1,1,4.74,Medium Value,One-time (1)
hli5l692,4.73,2,2,2.365,Medium Value,Occasional (2-3)
6cxpw2g8,4.73,1,2,4.73,Medium Value,One-time (1)
6aoktpzf,4.73,1,2,4.73,Medium Value,One-time (1)
gwlwvg73,4.72,1,1,4.72,Medium Value,One-time (1)
yc9gks6z,4.72,1,1,4.72,Medium Value,One-time (1)
ty52q87n,4.72,1,2,4.72,Medium Value,One-time (1)
7rxfamgw,4.71,1,1,4.71,Medium Value,One-time (1)
w3vca6u7,4.71,1,1,4.71,Medium Value,One-time (1)
o0vz89pu,4.71,1,1,4.71,Medium Value,One-time (1)
vpxtk5u5,4.71,1,1,4.71,Medium Value,One-time (1)
s1typbl6,4.71,1,1,4.71,Medium Value,One-time (1)
tjtqxpma,4.71,1,1,4.71,Medium Value,One-time (1)
m4i3zni9,4.71,1,1,4.71,Medium Value,One-time (1)
ak1t05r0,4.71,1,1,4.71,Medium Value,One-time (1)
dbdkyfmb,4.71,1,1,4.71,Medium Value,One-time (1)
gsgx0a8r,4.71,1,1,4.71,Medium Value,One-time (1)
d2mlbt1d,4.71,1,1,4.71,Medium Value,One-time (1)
cpzj66dr,4.71,1,1,4.71,Medium Value,One-time (1)
fwmbarf7,4.71,1,1,4.71,Medium Value,One-time (1)
s04q0m7y,4.71,1,1,4.71,Medium Value,One-time (1)
qzely32m,4.71,1,1,4.71,Medium Value,One-time (1)
snnwoqv0,4.71,1,1,4.71,Medium Value,One-time (1)
rmightk3,4.71,1,1,4.71,Medium Value,One-time (1)
whs2hz18,4.71,1,1,4.71,Medium Value,One-time (1)
tne7s102,4.71,1,1,4.71,Medium Value,One-time (1)
k7d3ujrn,4.71,1,1,4.71,Medium Value,One-time (1)
5llw0ros,4.71,1,1,4.71,Medium Value,One-time (1)
bv2izsfw,4.71,1,1,4.71,Medium Value,One-time (1)
7zc8fnlp,4.71,1,1,4.71,Medium Value,One-time (1)
19d038i0,4.71,1,1,4.71,Medium Value,One-time (1)
hgorx1eu,4.71,1,1,4.71,Medium Value,One-time (1)
s5glgrcd,4.71,1,1,4.71,Medium Value,One-time (1)
653247z9,4.7,1,2,4.7,Medium Value,One-time (1)
2tkwcb3g,4.7,1,2,4.7,Medium Value,One-time (1)
ysgef17m,4.7,1,2,4.7,Medium Value,One-time (1)
3ojxn0up,4.7,1,2,4.7,Medium Value,One-time (1)
eciiyqg3,4.7,1,2,4.7,Medium Value,One-time (1)
pjq50xcx,4.7,1,1,4.7,Medium Value,One-time (1)
lctfcg1u,4.7,1,2,4.7,Medium Value,One-time (1)
dkv54c6p,4.7,1,1,4.7,Medium Value,One-time (1)
fb8qn9oi,4.7,1,1,4.7,Medium Value,One-time (1)
ifxo7xh3,4.7,1,1,4.7,Medium Value,One-time (1)
26am48jg,4.7,1,1,4.7,Medium Value,One-time (1)
v8uhujax,4.7,1,1,4.7,Medium Value,One-time (1)
w8y8zdhj,4.7,1,2,4.7,Medium Value,One-time (1)
hs7ygq3g,4.7,1,2,4.7,Medium Value,One-time (1)
scguvrp9,4.7,1,2,4.7,Medium Value,One-time (1)
8qaykmqm,4.7,1,1,4.7,Medium Value,One-time (1)
pu5kv6ji,4.7,1,2,4.7,Medium Value,One-time (1)
mw00wgpw,4.7,1,1,4.7,Medium Value,One-time (1)
wjjyb0bl,4.7,1,2,4.7,Medium Value,One-time (1)
vubr928p,4.7,1,1,4.7,Medium Value,One-time (1)
kkk5n42b,4.7,1,1,4.7,Medium Value,One-time (1)
f042gihj,4.7,1,1,4.7,Medium Value,One-time (1)
dargftjb,4.7,1,2,4.7,Medium Value,One-time (1)
0g0te3jb,4.7,1,2,4.7,Medium Value,One-time (1)
xc6rce3k,4.7,1,1,4.7,Medium Value,One-time (1)
g5pp1ryl,4.7,1,2,4.7,Medium Value,One-time (1)
qwvduehw,4.7,1,1,4.7,Medium Value,One-time (1)
vzox4p8t,4.7,1,2,4.7,Medium Value,One-time (1)
hcaqgxhb,4.7,1,1,4.7,Medium Value,One-time (1)
qbmdj5jl,4.7,1,2,4.7,Medium Value,One-time (1)
j6fzycb8,4.7,1,1,4.7,Medium Value,One-time (1)
3cbba3r2,4.7,1,2,4.7,Medium Value,One-time (1)
mt08ndq5,4.7,1,2,4.7,Medium Value,One-time (1)
k3k9wf2b,4.7,1,2,4.7,Medium Value,One-time (1)
8ovks91p,4.7,1,2,4.7,Medium Value,One-time (1)
1x191hra,4.7,1,1,4.7,Medium Value,One-time (1)
nnk5peu5,4.7,1,2,4.7,Medium Value,One-time (1)
a9p7imzr,4.7,1,2,4.7,Medium Value,One-time (1)
o7731g1v,4.7,1,2,4.7,Medium Value,One-time (1)
b8mdmrcm,4.7,1,2,4.7,Medium Value,One-time (1)
5ya4kkch,4.7,1,2,4.7,Medium Value,One-time (1)
o2or2hyr,4.7,1,1,4.7,Medium Value,One-time (1)
lja2ekts,4.7,1,1,4.7,Medium Value,One-time (1)
uiyy9h5j,4.7,1,2,4.7,Medium Value,One-time (1)
xjbb592t,4.7,1,2,4.7,Medium Value,One-time (1)
e5q1jd9y,4.7,1,2,4.7,Medium Value,One-time (1)
dfctrm1e,4.7,1,1,4.7,Medium Value,One-time (1)
o28kdm23,4.7,1,1,4.7,Medium Value,One-time (1)
rffm8egh,4.7,1,2,4.7,Medium Value,One-time (1)
utygvbgw,4.7,1,2,4.7,Medium Value,One-time (1)
w5bsspq8,4.7,1,2,4.7,Medium Value,One-time (1)
c3t4h13q,4.7,1,1,4.7,Medium Value,One-time (1)
mfn6mngr,4.7,1,1,4.7,Medium Value,One-time (1)
mhh7p8om,4.7,1,2,4.7,Medium Value,One-time (1)
jicg9ojk,4.7,1,2,4.7,Medium Value,One-time (1)
9upwz0fi,4.7,1,2,4.7,Medium Value,One-time (1)
8qpz89ut,4.7,1,2,4.7,Medium Value,One-time (1)
7lsut436,4.69,1,2,4.69,Medium Value,One-time (1)
n95s2gkf,4.6899999999999995,2,2,2.3449999999999998,Medium Value,Occasional (2-3)
av2p0mdd,4.68,1,1,4.68,Medium Value,One-time (1)
2th9lz2e,4.68,1,1,4.68,Medium Value,One-time (1)
6mi5turp,4.68,1,1,4.68,Medium Value,One-time (1)
y0ip6l8c,4.68,1,1,4.68,Medium Value,One-time (1)
5hx9vvss,4.67,1,1,4.67,Medium Value,One-time (1)
2nwt56h5,4.67,1,1,4.67,Medium Value,One-time (1)
6grjl5ek,4.67,1,1,4.67,Medium Value,One-time (1)
g4pwuyoc,4.67,1,1,4.67,Medium Value,One-time (1)
zvxk6sgk,4.67,1,1,4.67,Medium Value,One-time (1)
bw1cg7en,4.67,1,1,4.67,Medium Value,One-time (1)
nxks1hu5,4.67,1,1,4.67,Medium Value,One-time (1)
rxmx2w0v,4.67,1,1,4.67,Medium Value,One-time (1)
rrhf4abu,4.67,1,1,4.67,Medium Value,One-time (1)
vtqamvrw,4.67,1,1,4.67,Medium Value,One-time (1)
yudip3rq,4.67,1,1,4.67,Medium Value,One-time (1)
x088f8o8,4.67,1,1,4.67,Medium Value,One-time (1)
t1m4xkh7,4.67,1,1,4.67,Medium Value,One-time (1)
3r480gqm,4.67,1,1,4.67,Medium Value,One-time (1)
cc0rekib,4.67,1,1,4.67,Medium Value,One-time (1)
5iu56h67,4.67,1,1,4.67,Medium Value,One-time (1)
m75psz1c,4.67,1,1,4.67,Medium Value,One-time (1)
guubv904,4.67,1,1,4.67,Medium Value,One-time (1)
z3pnbaie,4.67,1,1,4.67,Medium Value,One-time (1)
ji68n45h,4.67,1,1,4.67,Medium Value,One-time (1)
oyi73l1m,4.67,1,1,4.67,Medium Value,One-time (1)
id25owf7,4.67,1,1,4.67,Medium Value,One-time (1)
njn9gbfe,4.67,1,1,4.67,Medium Value,One-time (1)
jkjhz9zv,4.67,1,1,4.67,Medium Value,One-time (1)
qbtwh1aq,4.67,1,1,4.67,Medium Value,One-time (1)
vxbpc9qb,4.67,1,1,4.67,Medium Value,One-time (1)
3lcey1kq,4.67,1,1,4.67,Medium Value,One-time (1)
m36mm7a9,4.67,1,1,4.67,Medium Value,One-time (1)
qg6tgyqd,4.67,1,1,4.67,Medium Value,One-time (1)
57g1g591,4.67,1,1,4.67,Medium Value,One-time (1)
3xbhregm,4.67,1,1,4.67,Medium Value,One-time (1)
q5s23dgo,4.67,1,1,4.67,Medium Value,One-time (1)
2kwghjbd,4.67,1,1,4.67,Medium Value,One-time (1)
6eysiqk9,4.67,1,1,4.67,Medium Value,One-time (1)
nvbzw5ap,4.67,1,1,4.67,Medium Value,One-time (1)
075ohti1,4.67,1,1,4.67,Medium Value,One-time (1)
rkvytqva,4.67,1,1,4.67,Medium Value,One-time (1)
jncuest5,4.67,1,1,4.67,Medium Value,One-time (1)
cwvaso45,4.67,1,1,4.67,Medium Value,One-time (1)
si52zrzh,4.67,1,1,4.67,Medium Value,One-time (1)
4sbl97y6,4.67,1,1,4.67,Medium Value,One-time (1)
1kfpru88,4.67,1,1,4.67,Medium Value,One-time (1)
kiksoehp,4.67,1,1,4.67,Medium Value,One-time (1)
z8tq31mx,4.67,1,1,4.67,Medium Value,One-time (1)
qn1g2vqp,4.67,1,1,4.67,Medium Value,One-time (1)
33hgnhbo,4.67,1,1,4.67,Medium Value,One-time (1)
5d7vl79u,4.67,1,1,4.67,Medium Value,One-time (1)
f3yjezqd,4.67,1,1,4.67,Medium Value,One-time (1)
swku2s61,4.67,1,1,4.67,Medium Value,One-time (1)
8bfs1ldx,4.67,1,1,4.67,Medium Value,One-time (1)
084py7hx,4.67,1,1,4.67,Medium Value,One-time (1)
igmuykq4,4.67,1,1,4.67,Medium Value,One-time (1)
553tc3o6,4.67,1,1,4.67,Medium Value,One-time (1)
ro678ggi,4.66,1,1,4.66,Medium Value,One-time (1)
mynk33wr,4.66,1,1,4.66,Medium Value,One-time (1)
wmqtcwa4,4.66,1,1,4.66,Medium Value,One-time (1)
nbbohwal,4.66,1,1,4.66,Medium Value,One-time (1)
b95kmsnu,4.66,1,1,4.66,Medium Value,One-time (1)
89m68rad,4.66,1,1,4.66,Medium Value,One-time (1)
2k3ekld4,4.66,1,1,4.66,Medium Value,One-time (1)
5urvbihv,4.66,1,1,4.66,Medium Value,One-time (1)
hsmfod5b,4.66,1,1,4.66,Medium Value,One-time (1)
bqeuzm5g,4.66,1,2,4.66,Medium Value,One-time (1)
irnsp12g,4.66,1,1,4.66,Medium Value,One-time (1)
yt13v285,4.66,1,1,4.66,Medium Value,One-time (1)
16nq37dy,4.66,1,2,4.66,Medium Value,One-time (1)
3ddjvyyf,4.66,1,1,4.66,Medium Value,One-time (1)
jg2pbk61,4.66,1,1,4.66,Medium Value,One-time (1)
2ivf3unt,4.66,1,1,4.66,Medium Value,One-time (1)
rxpnwsyk,4.66,1,1,4.66,Medium Value,One-time (1)
ynnm7b7b,4.65,1,1,4.65,Medium Value,One-time (1)
9v0lk614,4.65,1,1,4.65,Medium Value,One-time (1)
xlk8kzq5,4.65,1,1,4.65,Medium Value,One-time (1)
elz7xl03,4.65,1,1,4.65,Medium Value,One-time (1)
pa2cmu9w,4.65,1,1,4.65,Medium Value,One-time (1)
5vb89zwk,4.65,1,1,4.65,Medium Value,One-time (1)
u9eto7sb,4.65,1,1,4.65,Medium Value,One-time (1)
4sl5kbo1,4.65,1,1,4.65,Medium Value,One-time (1)
1hoskdo0,4.65,1,1,4.65,Medium Value,One-time (1)
y7yjr55v,4.65,1,1,4.65,Medium Value,One-time (1)
ml3fg5zb,4.65,1,1,4.65,Medium Value,One-time (1)
hr9qe21u,4.65,1,1,4.65,Medium Value,One-time (1)
da8rh3w6,4.65,1,1,4.65,Medium Value,One-time (1)
l8x2lg5c,4.64,1,1,4.64,Medium Value,One-time (1)
8zt1gvkn,4.64,1,1,4.64,Medium Value,One-time (1)
kiruc4y2,4.64,1,1,4.64,Medium Value,One-time (1)
7ysg8h8t,4.64,1,1,4.64,Medium Value,One-time (1)
8jn57ke9,4.64,1,1,4.64,Medium Value,One-time (1)
qcz0n04o,4.64,1,1,4.64,Medium Value,One-time (1)
wabp302a,4.64,1,1,4.64,Medium Value,One-time (1)
ievyp3qy,4.64,1,2,4.64,Medium Value,One-time (1)
dcuirkgu,4.64,1,1,4.64,Medium Value,One-time (1)
45p7ojic,4.64,1,1,4.64,Medium Value,One-time (1)
knvdu9as,4.64,1,1,4.64,Medium Value,One-time (1)
in2ua72w,4.64,1,1,4.64,Medium Value,One-time (1)
ud2b68xc,4.62,1,2,4.62,Medium Value,One-time (1)
pz67d5ab,4.62,1,2,4.62,Medium Value,One-time (1)
gsq16tkq,4.62,1,2,4.62,Medium Value,One-time (1)
neqgzctc,4.62,1,1,4.62,Medium Value,One-time (1)
jjmgl3q2,4.62,1,1,4.62,Medium Value,One-time (1)
a92bq11u,4.62,1,2,4.62,Medium Value,One-time (1)
rmlquhn7,4.62,1,1,4.62,Medium Value,One-time (1)
x2j5akvg,4.62,1,2,4.62,Medium Value,One-time (1)
r8b008ss,4.62,1,2,4.62,Medium Value,One-time (1)
c0es64zg,4.61,1,1,4.61,Medium Value,One-time (1)
9off2mh9,4.61,1,1,4.61,Medium Value,One-time (1)
1u4pndea,4.61,1,1,4.61,Medium Value,One-time (1)
ox763xyj,4.61,1,1,4.61,Medium Value,One-time (1)
7cweb7ew,4.61,1,1,4.61,Medium Value,One-time (1)
grlvzn3l,4.61,1,1,4.61,Medium Value,One-time (1)
pcmpuz37,4.61,1,1,4.61,Medium Value,One-time (1)
daidectk,4.61,1,1,4.61,Medium Value,One-time (1)
bex6e2p5,4.61,1,1,4.61,Medium Value,One-time (1)
7nufiigw,4.61,1,1,4.61,Medium Value,One-time (1)
nlkym4iw,4.61,1,1,4.61,Medium Value,One-time (1)
3nfzfc85,4.61,1,1,4.61,Medium Value,One-time (1)
47ycpftl,4.61,1,1,4.61,Medium Value,One-time (1)
312lyksw,4.61,1,1,4.61,Medium Value,One-time (1)
4dd0x69k,4.61,1,1,4.61,Medium Value,One-time (1)
8n0tgdnm,4.61,1,1,4.61,Medium Value,One-time (1)
yz9vlu8w,4.61,1,1,4.61,Medium Value,One-time (1)
cu1seha7,4.6,1,2,4.6,Medium Value,One-time (1)
whcdwxsp,4.6,1,2,4.6,Medium Value,One-time (1)
495qvsd7,4.6,1,2,4.6,Medium Value,One-time (1)
6zzkkwkv,4.6,1,1,4.6,Medium Value,One-time (1)
i1hz2nol,4.6,1,2,4.6,Medium Value,One-time (1)
aylqg14q,4.6,1,2,4.6,Medium Value,One-time (1)
q51xd4q9,4.6,1,1,4.6,Medium Value,One-time (1)
c3t32v2h,4.6,1,2,4.6,Medium Value,One-time (1)
vr7zf27p,4.6,1,2,4.6,Medium Value,One-time (1)
34cul1ou,4.6,1,1,4.6,Medium Value,One-time (1)
c37a9vi1,4.6,1,2,4.6,Medium Value,One-time (1)
npbdg0ns,4.6,1,2,4.6,Medium Value,One-time (1)
1u4ypl6k,4.6,1,1,4.6,Medium Value,One-time (1)
of3pogt8,4.6,1,1,4.6,Medium Value,One-time (1)
soed56iz,4.6,1,2,4.6,Medium Value,One-time (1)
crx7xoll,4.6,1,1,4.6,Medium Value,One-time (1)
0tyu5huz,4.6,1,1,4.6,Medium Value,One-time (1)
yl8dkdkl,4.6,1,1,4.6,Medium Value,One-time (1)
o934rrgm,4.6,1,1,4.6,Medium Value,One-time (1)
xt78pdut,4.6,1,2,4.6,Medium Value,One-time (1)
yjoaoejv,4.6,1,1,4.6,Medium Value,One-time (1)
wvuok9rg,4.6,1,1,4.6,Medium Value,One-time (1)
6oizkues,4.6,1,2,4.6,Medium Value,One-time (1)
9mw68m1i,4.6,1,1,4.6,Medium Value,One-time (1)
17mk6h1o,4.6,1,2,4.6,Medium Value,One-time (1)
iz90r31a,4.6,1,2,4.6,Medium Value,One-time (1)
izsxsztv,4.6,1,1,4.6,Medium Value,One-time (1)
5a2y0l03,4.6,1,2,4.6,Medium Value,One-time (1)
hu5zpal1,4.6,1,1,4.6,Medium Value,One-time (1)
cvno5q5l,4.6,1,2,4.6,Medium Value,One-time (1)
lcgsgiio,4.6,1,2,4.6,Medium Value,One-time (1)
mpz75zsl,4.6,1,1,4.6,Medium Value,One-time (1)
yvmp9460,4.6,1,2,4.6,Medium Value,One-time (1)
88hy2a01,4.6,1,2,4.6,Medium Value,One-time (1)
c8aqaf7h,4.6,1,2,4.6,Medium Value,One-time (1)
qec3adih,4.6,1,2,4.6,Medium Value,One-time (1)
enzo85be,4.6,1,2,4.6,Medium Value,One-time (1)
tctecljh,4.6,1,1,4.6,Medium Value,One-time (1)
bjzlcxjm,4.6,1,1,4.6,Medium Value,One-time (1)
m1r5d8q1,4.6,1,2,4.6,Medium Value,One-time (1)
v59sp77e,4.6,1,1,4.6,Medium Value,One-time (1)
v71ph01c,4.6,1,1,4.6,Medium Value,One-time (1)
yb7w8p74,4.6,1,2,4.6,Medium Value,One-time (1)
0ynurd00,4.6,1,1,4.6,Medium Value,One-time (1)
n9saeq8s,4.6,1,2,4.6,Medium Value,One-time (1)
fi0q1i2d,4.6,1,2,4.6,Medium Value,One-time (1)
5ucpm5uy,4.6,1,1,4.6,Medium Value,One-time (1)
0bydaxrz,4.6,1,2,4.6,Medium Value,One-time (1)
7rjnqlp8,4.6,1,1,4.6,Medium Value,One-time (1)
81gbp6kg,4.6,1,1,4.6,Medium Value,One-time (1)
sjbhcp0b,4.6,1,2,4.6,Medium Value,One-time (1)
1m08qdq7,4.6,1,2,4.6,Medium Value,One-time (1)
bwamwsjf,4.6,1,2,4.6,Medium Value,One-time (1)
aq3k95hs,4.6,1,1,4.6,Medium Value,One-time (1)
f391n2o4,4.6,1,1,4.6,Medium Value,One-time (1)
x7alf62q,4.6,1,2,4.6,Medium Value,One-time (1)
zyg2bqxw,4.6,1,2,4.6,Medium Value,One-time (1)
n98xde12,4.6,1,2,4.6,Medium Value,One-time (1)
wnnhj7xv,4.6,1,1,4.6,Medium Value,One-time (1)
4sbxj2dt,4.6,1,1,4.6,Medium Value,One-time (1)
kx2n86vx,4.6,1,1,4.6,Medium Value,One-time (1)
fa1ad511,4.6,1,1,4.6,Medium Value,One-time (1)
kwjp26ij,4.6,1,1,4.6,Medium Value,One-time (1)
96727s0v,4.6,1,2,4.6,Medium Value,One-time (1)
bqkvnqqc,4.6,1,1,4.6,Medium Value,One-time (1)
08gxd0d3,4.6,1,1,4.6,Medium Value,One-time (1)
qomzfopd,4.6,1,2,4.6,Medium Value,One-time (1)
wb5mulf8,4.6,1,1,4.6,Medium Value,One-time (1)
gh30153s,4.6,1,1,4.6,Medium Value,One-time (1)
3guogjqr,4.6,1,1,4.6,Medium Value,One-time (1)
5fahhoir,4.6,1,2,4.6,Medium Value,One-time (1)
psfeqkke,4.6,1,2,4.6,Medium Value,One-time (1)
64pms6fi,4.6,1,2,4.6,Medium Value,One-time (1)
dv2sqv9o,4.6,1,1,4.6,Medium Value,One-time (1)
nga8dfue,4.6,1,2,4.6,Medium Value,One-time (1)
44nr93jp,4.6,1,2,4.6,Medium Value,One-time (1)
oow2frzq,4.6,1,1,4.6,Medium Value,One-time (1)
90qwhaob,4.6,1,1,4.6,Medium Value,One-time (1)
5yi1lnil,4.6,1,1,4.6,Medium Value,One-time (1)
lmwniqi1,4.6,1,2,4.6,Medium Value,One-time (1)
aymia53y,4.6,1,2,4.6,Medium Value,One-time (1)
6zozo0ns,4.6,1,2,4.6,Medium Value,One-time (1)
addcu1y7,4.6,1,2,4.6,Medium Value,One-time (1)
p13erxrh,4.6,1,1,4.6,Medium Value,One-time (1)
8370j7p0,4.6,1,1,4.6,Medium Value,One-time (1)
uiullb00,4.6,1,2,4.6,Medium Value,One-time (1)
qiav211x,4.6,1,2,4.6,Medium Value,One-time (1)
jg9fcswn,4.6,1,2,4.6,Medium Value,One-time (1)
z0mx7f7k,4.6,1,1,4.6,Medium Value,One-time (1)
l8978vxp,4.6,1,1,4.6,Medium Value,One-time (1)
k2pq2317,4.6,1,1,4.6,Medium Value,One-time (1)
rwxghmch,4.6,1,1,4.6,Medium Value,One-time (1)
jk3owj1b,4.6,1,2,4.6,Medium Value,One-time (1)
i6pq2etu,4.6,1,2,4.6,Medium Value,One-time (1)
xysmpp4c,4.6,1,1,4.6,Medium Value,One-time (1)
kjr0516b,4.6,1,2,4.6,Medium Value,One-time (1)
x0as75yt,4.6,1,1,4.6,Medium Value,One-time (1)
6gmdrdsf,4.6,1,1,4.6,Medium Value,One-time (1)
hl02oau4,4.6,1,1,4.6,Medium Value,One-time (1)
v3gnw6pp,4.6,1,2,4.6,Medium Value,One-time (1)
or7h3nzg,4.6,1,2,4.6,Medium Value,One-time (1)
pypll27u,4.6,1,2,4.6,Medium Value,One-time (1)
5u0mdgab,4.6,1,2,4.6,Medium Value,One-time (1)
0gjpwpxu,4.6,1,2,4.6,Medium Value,One-time (1)
ntbv51ae,4.6,1,1,4.6,Medium Value,One-time (1)
zacvq36x,4.6,1,2,4.6,Medium Value,One-time (1)
ezsc4l77,4.6,1,2,4.6,Medium Value,One-time (1)
a2ob3d92,4.59,1,1,4.59,Medium Value,One-time (1)
dlowtpzr,4.59,1,1,4.59,Medium Value,One-time (1)
54nteehk,4.59,1,1,4.59,Medium Value,One-time (1)
w4uimoag,4.59,1,1,4.59,Medium Value,One-time (1)
ems3qrek,4.59,1,1,4.59,Medium Value,One-time (1)
7q41hs9d,4.59,1,1,4.59,Medium Value,One-time (1)
7su0ccyj,4.58,1,2,4.58,Medium Value,One-time (1)
gz9dy06j,4.58,1,2,4.58,Medium Value,One-time (1)
c3ngqemy,4.58,1,2,4.58,Medium Value,One-time (1)
4pc4tqbl,4.58,1,2,4.58,Medium Value,One-time (1)
l91naqs2,4.58,1,1,4.58,Medium Value,One-time (1)
7a8vrt8e,4.58,1,2,4.58,Medium Value,One-time (1)
4snsodfi,4.58,1,2,4.58,Medium Value,One-time (1)
btsb020w,4.58,1,1,4.58,Medium Value,One-time (1)
2kzkrmuh,4.57,1,2,4.57,Medium Value,One-time (1)
ivjsjmds,4.57,1,2,4.57,Medium Value,One-time (1)
4l7jhw7h,4.57,1,2,4.57,Medium Value,One-time (1)
mrwvryj0,4.57,1,1,4.57,Medium Value,One-time (1)
mi6m7u8c,4.57,1,1,4.57,Medium Value,One-time (1)
kzwdt9uk,4.56,1,2,4.56,Medium Value,One-time (1)
csjtlamy,4.56,1,1,4.56,Medium Value,One-time (1)
h1oasd7i,4.56,1,1,4.56,Medium Value,One-time (1)
lll8v7qo,4.56,1,1,4.56,Medium Value,One-time (1)
gj5z57s0,4.56,1,1,4.56,Medium Value,One-time (1)
wb2l6opr,4.56,1,1,4.56,Medium Value,One-time (1)
9yk7vc3o,4.56,1,1,4.56,Medium Value,One-time (1)
yzum65ol,4.56,1,1,4.56,Medium Value,One-time (1)
4225e5js,4.56,1,1,4.56,Medium Value,One-time (1)
4wrsna7w,4.56,1,1,4.56,Medium Value,One-time (1)
p2j45q3f,4.56,1,2,4.56,Medium Value,One-time (1)
nt0himah,4.56,1,1,4.56,Medium Value,One-time (1)
3j5wibzb,4.56,1,1,4.56,Medium Value,One-time (1)
i0nryog1,4.56,1,1,4.56,Medium Value,One-time (1)
b2nkimpc,4.56,1,1,4.56,Medium Value,One-time (1)
elxyb9nd,4.56,1,1,4.56,Medium Value,One-time (1)
fvrym7ok,4.56,1,1,4.56,Medium Value,One-time (1)
83owueux,4.56,1,2,4.56,Medium Value,One-time (1)
p5i9jtbw,4.56,1,1,4.56,Medium Value,One-time (1)
bq5mk9gz,4.56,1,1,4.56,Medium Value,One-time (1)
53ir3uxs,4.56,1,2,4.56,Medium Value,One-time (1)
n1vo805a,4.56,1,1,4.56,Medium Value,One-time (1)
x11cfy2g,4.56,1,2,4.56,Medium Value,One-time (1)
pcdiebzm,4.56,1,2,4.56,Medium Value,One-time (1)
ejeezb7j,4.56,1,1,4.56,Medium Value,One-time (1)
6ut3tfnc,4.56,1,2,4.56,Medium Value,One-time (1)
s1k9ye9o,4.56,1,2,4.56,Medium Value,One-time (1)
y8gyze92,4.56,1,1,4.56,Medium Value,One-time (1)
cj814hut,4.55,1,1,4.55,Medium Value,One-time (1)
2zpmzrbe,4.55,1,1,4.55,Medium Value,One-time (1)
83b6qt3x,4.55,1,1,4.55,Medium Value,One-time (1)
sdgz38rk,4.54,1,1,4.54,Medium Value,One-time (1)
qjjczwcz,4.54,1,1,4.54,Medium Value,One-time (1)
5ujz6yai,4.54,1,1,4.54,Medium Value,One-time (1)
441y8l1s,4.54,1,1,4.54,Medium Value,One-time (1)
jw23ajnq,4.54,1,1,4.54,Medium Value,One-time (1)
kh6t85wk,4.54,1,1,4.54,Medium Value,One-time (1)
nym8485r,4.54,1,1,4.54,Medium Value,One-time (1)
x7ucq4k2,4.54,1,1,4.54,Medium Value,One-time (1)
96kl1zy0,4.54,1,1,4.54,Medium Value,One-time (1)
5ep4cwcd,4.54,1,1,4.54,Medium Value,One-time (1)
777xn4gr,4.54,1,1,4.54,Medium Value,One-time (1)
gpbxgiio,4.54,1,1,4.54,Medium Value,One-time (1)
yywo7dss,4.54,1,1,4.54,Medium Value,One-time (1)
ji2gprat,4.54,1,1,4.54,Medium Value,One-time (1)
h76mryfv,4.54,1,1,4.54,Medium Value,One-time (1)
b1tfqitu,4.54,1,1,4.54,Medium Value,One-time (1)
50yzclo9,4.54,1,1,4.54,Medium Value,One-time (1)
80d7u8cp,4.54,1,1,4.54,Medium Value,One-time (1)
so3mwau3,4.54,1,1,4.54,Medium Value,One-time (1)
oa7m81c0,4.54,1,1,4.54,Medium Value,One-time (1)
p7hqmwti,4.54,1,1,4.54,Medium Value,One-time (1)
4ar24uum,4.54,1,1,4.54,Medium Value,One-time (1)
lfk1nq8h,4.54,1,1,4.54,Medium Value,One-time (1)
809xrxtd,4.54,1,1,4.54,Medium Value,One-time (1)
0oang338,4.53,1,1,4.53,Medium Value,One-time (1)
r8em0u3t,4.53,1,1,4.53,Medium Value,One-time (1)
plhalj4c,4.53,1,1,4.53,Medium Value,One-time (1)
d2h1y15r,4.53,1,1,4.53,Medium Value,One-time (1)
0fpqdpbi,4.53,1,1,4.53,Medium Value,One-time (1)
y5r66sbs,4.53,1,1,4.53,Medium Value,One-time (1)
jpekk13h,4.53,1,1,4.53,Medium Value,One-time (1)
iutzdkf1,4.52,1,2,4.52,Medium Value,One-time (1)
rn54myz0,4.51,1,1,4.51,Medium Value,One-time (1)
ma9zoq66,4.51,1,1,4.51,Medium Value,One-time (1)
4i1cywo0,4.51,1,1,4.51,Medium Value,One-time (1)
8ltnqkdp,4.51,1,1,4.51,Medium Value,One-time (1)
l4plichg,4.51,1,1,4.51,Medium Value,One-time (1)
66d7wdjv,4.51,1,1,4.51,Medium Value,One-time (1)
riutehm6,4.51,1,2,4.51,Medium Value,One-time (1)
ovjq77c7,4.51,1,1,4.51,Medium Value,One-time (1)
qfhhay15,4.51,1,1,4.51,Medium Value,One-time (1)
8a6pptzz,4.51,1,1,4.51,Medium Value,One-time (1)
lfjhavvt,4.51,1,1,4.51,Medium Value,One-time (1)
8qxn30ed,4.51,1,1,4.51,Medium Value,One-time (1)
m56k2zbr,4.51,1,1,4.51,Medium Value,One-time (1)
ss5ybrct,4.51,1,1,4.51,Medium Value,One-time (1)
3yjz9910,4.51,1,1,4.51,Medium Value,One-time (1)
lsqy76zr,4.51,1,1,4.51,Medium Value,One-time (1)
qflh56r7,4.51,1,1,4.51,Medium Value,One-time (1)
4zqitjs2,4.51,1,1,4.51,Medium Value,One-time (1)
ppl7limi,4.51,1,1,4.51,Medium Value,One-time (1)
5dnv67w1,4.51,1,1,4.51,Medium Value,One-time (1)
m1wg2gup,4.51,1,1,4.51,Medium Value,One-time (1)
qsjzs223,4.51,1,1,4.51,Medium Value,One-time (1)
movppel7,4.51,1,1,4.51,Medium Value,One-time (1)
o3sqz7zu,4.51,1,1,4.51,Medium Value,One-time (1)
7fcdj6i7,4.51,1,1,4.51,Medium Value,One-time (1)
pgn26kkj,4.51,1,1,4.51,Medium Value,One-time (1)
sp8hcppf,4.51,1,1,4.51,Medium Value,One-time (1)
6uc87kg5,4.51,1,1,4.51,Medium Value,One-time (1)
mbfdusdh,4.51,1,1,4.51,Medium Value,One-time (1)
sbfi11xm,4.51,1,1,4.51,Medium Value,One-time (1)
otzjw6n7,4.51,1,1,4.51,Medium Value,One-time (1)
mzowyw0z,4.51,1,1,4.51,Medium Value,One-time (1)
4niquqcp,4.51,1,1,4.51,Medium Value,One-time (1)
qyjdqpx1,4.51,1,1,4.51,Medium Value,One-time (1)
q07v6rny,4.51,1,1,4.51,Medium Value,One-time (1)
n9rea189,4.51,1,1,4.51,Medium Value,One-time (1)
lsv0z3ol,4.51,1,1,4.51,Medium Value,One-time (1)
7yeay2e0,4.51,1,1,4.51,Medium Value,One-time (1)
peofhj16,4.51,1,1,4.51,Medium Value,One-time (1)
0u3hhd0f,4.51,1,1,4.51,Medium Value,One-time (1)
ihfoscec,4.51,1,1,4.51,Medium Value,One-time (1)
zcjqdtwy,4.51,1,1,4.51,Medium Value,One-time (1)
yqp14dso,4.51,1,1,4.51,Medium Value,One-time (1)
9fr26x4k,4.51,1,1,4.51,Medium Value,One-time (1)
ag4bwu8k,4.51,1,1,4.51,Medium Value,One-time (1)
wx4z9fo9,4.51,1,1,4.51,Medium Value,One-time (1)
hjsmc6hx,4.51,1,1,4.51,Medium Value,One-time (1)
hj44lnc2,4.51,1,1,4.51,Medium Value,One-time (1)
a24loe5k,4.51,1,1,4.51,Medium Value,One-time (1)
vjbpyllm,4.51,1,1,4.51,Medium Value,One-time (1)
dmmit7kl,4.51,1,1,4.51,Medium Value,One-time (1)
aoc5xtei,4.51,1,1,4.51,Medium Value,One-time (1)
udsa931p,4.51,1,1,4.51,Medium Value,One-time (1)
2o5ryscr,4.51,1,1,4.51,Medium Value,One-time (1)
fl7onbhj,4.51,1,1,4.51,Medium Value,One-time (1)
gmricv9p,4.51,1,1,4.51,Medium Value,One-time (1)
fmojmxzz,4.51,1,1,4.51,Medium Value,One-time (1)
fn4ztner,4.51,1,1,4.51,Medium Value,One-time (1)
gpyyqbdz,4.51,1,1,4.51,Medium Value,One-time (1)
z7co3gkp,4.51,1,1,4.51,Medium Value,One-time (1)
gszmpagi,4.51,1,1,4.51,Medium Value,One-time (1)
e8kyl0fq,4.51,1,1,4.51,Medium Value,One-time (1)
h64lh6z2,4.51,1,1,4.51,Medium Value,One-time (1)
yge6qm8q,4.51,1,1,4.51,Medium Value,One-time (1)
h600gz8h,4.51,1,1,4.51,Medium Value,One-time (1)
aow09pud,4.51,1,1,4.51,Medium Value,One-time (1)
yj4645yu,4.51,1,1,4.51,Medium Value,One-time (1)
f15jh9ev,4.51,1,1,4.51,Medium Value,One-time (1)
0y0j5gri,4.51,1,1,4.51,Medium Value,One-time (1)
u1388h8p,4.51,1,1,4.51,Medium Value,One-time (1)
z6hg50jp,4.51,1,1,4.51,Medium Value,One-time (1)
ybzs60dn,4.51,1,1,4.51,Medium Value,One-time (1)
002t8sb3,4.51,1,1,4.51,Medium Value,One-time (1)
wncaclq8,4.51,1,1,4.51,Medium Value,One-time (1)
3l1n7ddq,4.51,1,1,4.51,Medium Value,One-time (1)
i07o558q,4.51,1,1,4.51,Medium Value,One-time (1)
0jron69g,4.51,1,1,4.51,Medium Value,One-time (1)
wofphls8,4.51,1,1,4.51,Medium Value,One-time (1)
xxhtq01s,4.51,1,1,4.51,Medium Value,One-time (1)
y23a5rs3,4.51,1,1,4.51,Medium Value,One-time (1)
3b3cih0b,4.51,1,1,4.51,Medium Value,One-time (1)
x25qbrmq,4.51,1,1,4.51,Medium Value,One-time (1)
1p2detpm,4.51,1,1,4.51,Medium Value,One-time (1)
90bc0806,4.51,1,3,4.51,Medium Value,One-time (1)
jwwd947w,4.51,1,1,4.51,Medium Value,One-time (1)
057mkwkk,4.51,1,1,4.51,Medium Value,One-time (1)
v8738jy3,4.51,1,1,4.51,Medium Value,One-time (1)
epuguiuo,4.51,1,1,4.51,Medium Value,One-time (1)
zojqvq0u,4.51,1,1,4.51,Medium Value,One-time (1)
zoe8yp7u,4.51,1,1,4.51,Medium Value,One-time (1)
cx7m9jin,4.51,1,1,4.51,Medium Value,One-time (1)
jx5aj0ic,4.51,1,1,4.51,Medium Value,One-time (1)
ubq5hwbo,4.51,1,1,4.51,Medium Value,One-time (1)
ctodl3hy,4.51,1,1,4.51,Medium Value,One-time (1)
gjy7hs3y,4.51,1,1,4.51,Medium Value,One-time (1)
yosulaak,4.51,1,1,4.51,Medium Value,One-time (1)
gbfnkb3i,4.51,1,1,4.51,Medium Value,One-time (1)
dh4lr48a,4.51,1,1,4.51,Medium Value,One-time (1)
97ccl4be,4.51,1,1,4.51,Medium Value,One-time (1)
d8adlfum,4.51,1,1,4.51,Medium Value,One-time (1)
eoozhzsf,4.51,1,1,4.51,Medium Value,One-time (1)
3yrobq4v,4.5,1,1,4.5,Medium Value,One-time (1)
gcazrmu1,4.5,1,1,4.5,Medium Value,One-time (1)
o92epz1h,4.5,1,1,4.5,Medium Value,One-time (1)
jrs2944y,4.5,1,1,4.5,Medium Value,One-time (1)
11jcn85a,4.5,1,2,4.5,Medium Value,One-time (1)
xludz0f3,4.5,1,1,4.5,Medium Value,One-time (1)
ngcplu87,4.5,1,1,4.5,Medium Value,One-time (1)
lkmsitnc,4.5,1,1,4.5,Medium Value,One-time (1)
o2sjojbn,4.5,1,1,4.5,Medium Value,One-time (1)
pz4pzeaf,4.5,1,1,4.5,Medium Value,One-time (1)
0tue4kml,4.5,1,1,4.5,Medium Value,One-time (1)
v6mawssi,4.5,1,2,4.5,Medium Value,One-time (1)
ox96b308,4.5,1,1,4.5,Medium Value,One-time (1)
v7x8e9uo,4.5,1,1,4.5,Medium Value,One-time (1)
sdmdkk4c,4.5,1,1,4.5,Medium Value,One-time (1)
wd3ri5pi,4.5,1,1,4.5,Medium Value,One-time (1)
vwtvyxcy,4.5,1,1,4.5,Medium Value,One-time (1)
8fdudpg9,4.5,1,1,4.5,Medium Value,One-time (1)
f4g9tj03,4.5,1,1,4.5,Medium Value,One-time (1)
kat9hcg2,4.5,1,1,4.5,Medium Value,One-time (1)
b3x76541,4.5,1,1,4.5,Medium Value,One-time (1)
wxyis73h,4.5,1,1,4.5,Medium Value,One-time (1)
4kiwkn1q,4.5,1,1,4.5,Medium Value,One-time (1)
hxucv4hz,4.5,1,1,4.5,Medium Value,One-time (1)
gzfx89xp,4.48,1,1,4.48,Medium Value,One-time (1)
vtcrvqbr,4.48,1,1,4.48,Medium Value,One-time (1)
c6vujd8j,4.48,1,1,4.48,Medium Value,One-time (1)
64ov85jk,4.48,1,1,4.48,Medium Value,One-time (1)
g97ca6m6,4.48,1,1,4.48,Medium Value,One-time (1)
ek4aegvf,4.48,1,1,4.48,Medium Value,One-time (1)
mit7kp2x,4.48,1,1,4.48,Medium Value,One-time (1)
zk4kzxmr,4.48,1,1,4.48,Medium Value,One-time (1)
37jfqmor,4.48,1,1,4.48,Medium Value,One-time (1)
pscdra0m,4.48,1,1,4.48,Medium Value,One-time (1)
ofbs27s7,4.48,1,1,4.48,Medium Value,One-time (1)
y857nz3a,4.48,1,1,4.48,Medium Value,One-time (1)
r19bu6jn,4.47,1,1,4.47,Medium Value,One-time (1)
u5ebtrj9,4.47,1,1,4.47,Medium Value,One-time (1)
1aiifglz,4.47,1,1,4.47,Medium Value,One-time (1)
1w6n0ia7,4.47,1,1,4.47,Medium Value,One-time (1)
i0d77jyp,4.47,1,1,4.47,Medium Value,One-time (1)
b7nvesfe,4.47,1,1,4.47,Medium Value,One-time (1)
4nsxnmnp,4.47,1,1,4.47,Medium Value,One-time (1)
7l1fzf32,4.47,1,1,4.47,Medium Value,One-time (1)
0818yvn0,4.47,1,1,4.47,Medium Value,One-time (1)
l4oyx5y1,4.46,1,2,4.46,Medium Value,One-time (1)
wdf7hunt,4.46,1,1,4.46,Medium Value,One-time (1)
7odqh3ny,4.46,1,2,4.46,Medium Value,One-time (1)
heaq8gng,4.46,1,1,4.46,Medium Value,One-time (1)
r3f950to,4.46,1,1,4.46,Medium Value,One-time (1)
uh4b1bi2,4.46,1,1,4.46,Medium Value,One-time (1)
fm4r9eul,4.46,1,1,4.46,Medium Value,One-time (1)
g7yqal2v,4.46,1,1,4.46,Medium Value,One-time (1)
gcala6rj,4.46,1,1,4.46,Medium Value,One-time (1)
nmbfzud0,4.46,1,1,4.46,Medium Value,One-time (1)
1bbpx8xf,4.46,1,2,4.46,Medium Value,One-time (1)
x4oy2n2n,4.46,1,1,4.46,Medium Value,One-time (1)
nocqvzpk,4.46,1,1,4.46,Medium Value,One-time (1)
kzrdupkl,4.46,1,2,4.46,Medium Value,One-time (1)
rdx3r7io,4.46,1,2,4.46,Medium Value,One-time (1)
8i2zfsvk,4.46,1,1,4.46,Medium Value,One-time (1)
mrxlgu2l,4.46,1,1,4.46,Medium Value,One-time (1)
y4vz2frk,4.46,1,1,4.46,Medium Value,One-time (1)
rqrkg1j8,4.46,1,1,4.46,Medium Value,One-time (1)
k0mpof9r,4.46,1,2,4.46,Medium Value,One-time (1)
rftmttql,4.46,1,2,4.46,Medium Value,One-time (1)
wqudlhmb,4.46,1,1,4.46,Medium Value,One-time (1)
gwxkh5w7,4.46,1,1,4.46,Medium Value,One-time (1)
uf07g1b9,4.46,1,1,4.46,Medium Value,One-time (1)
mui11cyj,4.46,1,2,4.46,Medium Value,One-time (1)
u4fsrn3d,4.46,1,1,4.46,Medium Value,One-time (1)
2crgmns7,4.46,1,1,4.46,Medium Value,One-time (1)
m18o1bj9,4.46,1,1,4.46,Medium Value,One-time (1)
s2rejkgz,4.46,1,1,4.46,Medium Value,One-time (1)
8y4r21v3,4.46,1,1,4.46,Medium Value,One-time (1)
z50qihky,4.46,1,2,4.46,Medium Value,One-time (1)
2iuy74cy,4.46,1,1,4.46,Medium Value,One-time (1)
pywi0up9,4.46,1,1,4.46,Medium Value,One-time (1)
i4o3illi,4.46,1,1,4.46,Medium Value,One-time (1)
096zl3ll,4.46,1,2,4.46,Medium Value,One-time (1)
vidj0490,4.46,1,1,4.46,Medium Value,One-time (1)
la9icozk,4.46,1,1,4.46,Medium Value,One-time (1)
8vyjo9zr,4.46,1,1,4.46,Medium Value,One-time (1)
6avvwet5,4.46,1,1,4.46,Medium Value,One-time (1)
ppyr4p6d,4.46,1,1,4.46,Medium Value,One-time (1)
cqkiauu3,4.46,1,2,4.46,Medium Value,One-time (1)
zngco4c6,4.46,1,1,4.46,Medium Value,One-time (1)
sgpxoi8a,4.46,1,1,4.46,Medium Value,One-time (1)
2tzbf6nr,4.46,1,1,4.46,Medium Value,One-time (1)
9s8h9h3y,4.46,1,1,4.46,Medium Value,One-time (1)
zpay479i,4.46,1,1,4.46,Medium Value,One-time (1)
2z0ljch2,4.46,1,1,4.46,Medium Value,One-time (1)
4ay7lg4j,4.46,1,1,4.46,Medium Value,One-time (1)
9nvquzg6,4.46,1,1,4.46,Medium Value,One-time (1)
cvo6ocxn,4.46,1,1,4.46,Medium Value,One-time (1)
zvz62cc2,4.46,1,1,4.46,Medium Value,One-time (1)
j17hyz7h,4.46,1,1,4.46,Medium Value,One-time (1)
cclksy9q,4.46,1,1,4.46,Medium Value,One-time (1)
76nq0rux,4.46,1,2,4.46,Medium Value,One-time (1)
og8yteue,4.46,1,1,4.46,Medium Value,One-time (1)
c66bylrf,4.46,1,1,4.46,Medium Value,One-time (1)
ab4h8y2y,4.46,1,1,4.46,Medium Value,One-time (1)
0qdggkcc,4.46,1,1,4.46,Medium Value,One-time (1)
q7zynuln,4.46,1,1,4.46,Medium Value,One-time (1)
rx22v8lw,4.46,1,1,4.46,Medium Value,One-time (1)
mb4zbpyg,4.46,1,1,4.46,Medium Value,One-time (1)
8z7soait,4.46,1,1,4.46,Medium Value,One-time (1)
eczw3ynd,4.46,1,1,4.46,Medium Value,One-time (1)
e8p3z23r,4.46,1,1,4.46,Medium Value,One-time (1)
x7ptx63c,4.45,1,1,4.45,Medium Value,One-time (1)
891dwixy,4.45,1,1,4.45,Medium Value,One-time (1)
doeuusu7,4.45,1,1,4.45,Medium Value,One-time (1)
nldwwmev,4.45,1,1,4.45,Medium Value,One-time (1)
juz9n0cb,4.45,1,1,4.45,Medium Value,One-time (1)
98jnoyqu,4.45,1,1,4.45,Medium Value,One-time (1)
d4wlrhvl,4.45,1,1,4.45,Medium Value,One-time (1)
yt6jba8e,4.45,1,1,4.45,Medium Value,One-time (1)
e78f8fli,4.45,1,1,4.45,Medium Value,One-time (1)
hext8y8k,4.45,1,1,4.45,Medium Value,One-time (1)
91bey0uk,4.45,1,1,4.45,Medium Value,One-time (1)
v4tmcmmr,4.44,1,1,4.44,Medium Value,One-time (1)
zkbd2cmw,4.44,1,1,4.44,Medium Value,One-time (1)
nne3jtxk,4.43,1,2,4.43,Medium Value,One-time (1)
2bcchbfx,4.43,1,2,4.43,Medium Value,One-time (1)
opn491jj,4.43,1,2,4.43,Medium Value,One-time (1)
t498yspm,4.43,1,3,4.43,Medium Value,One-time (1)
rnflgbsk,4.43,1,2,4.43,Medium Value,One-time (1)
p73eoenl,4.43,1,1,4.43,Medium Value,One-time (1)
kltrmhgq,4.43,1,1,4.43,Medium Value,One-time (1)
m2yrquo7,4.43,1,2,4.43,Medium Value,One-time (1)
ohpl1xm5,4.43,1,2,4.43,Medium Value,One-time (1)
i0swv2ln,4.42,1,1,4.42,Medium Value,One-time (1)
uss8fexx,4.42,1,1,4.42,Medium Value,One-time (1)
1z8up1wr,4.42,1,1,4.42,Medium Value,One-time (1)
i1u0it6r,4.42,1,1,4.42,Medium Value,One-time (1)
t1eqc37r,4.42,1,2,4.42,Medium Value,One-time (1)
9ko99lqw,4.42,1,2,4.42,Medium Value,One-time (1)
r7pi54lm,4.42,1,1,4.42,Medium Value,One-time (1)
982qkh9k,4.42,1,1,4.42,Medium Value,One-time (1)
m7gg09t1,4.42,1,1,4.42,Medium Value,One-time (1)
j089dmkp,4.42,1,1,4.42,Medium Value,One-time (1)
j21hht92,4.42,1,1,4.42,Medium Value,One-time (1)
aprj2793,4.42,1,1,4.42,Medium Value,One-time (1)
nf3zf5zs,4.42,1,2,4.42,Medium Value,One-time (1)
26qz6twf,4.42,1,1,4.42,Medium Value,One-time (1)
naozxywa,4.42,1,1,4.42,Medium Value,One-time (1)
uvhk1ld3,4.42,1,1,4.42,Medium Value,One-time (1)
293zezgt,4.42,1,1,4.42,Medium Value,One-time (1)
guqt6vej,4.42,1,1,4.42,Medium Value,One-time (1)
sgew9u62,4.42,1,1,4.42,Medium Value,One-time (1)
s01rt3yu,4.42,1,1,4.42,Medium Value,One-time (1)
i98xhdy2,4.42,1,1,4.42,Medium Value,One-time (1)
ie555ts0,4.42,1,1,4.42,Medium Value,One-time (1)
9wwl1j1k,4.42,1,1,4.42,Medium Value,One-time (1)
ihbcvj37,4.42,1,1,4.42,Medium Value,One-time (1)
l7daet25,4.42,1,1,4.42,Medium Value,One-time (1)
a4zrvbrt,4.42,1,1,4.42,Medium Value,One-time (1)
9cog9t32,4.42,1,1,4.42,Medium Value,One-time (1)
smwpq82k,4.42,1,2,4.42,Medium Value,One-time (1)
7vi2ztx1,4.42,1,1,4.42,Medium Value,One-time (1)
vopdwp7j,4.42,1,1,4.42,Medium Value,One-time (1)
9htw6dld,4.42,1,1,4.42,Medium Value,One-time (1)
jqhs4eic,4.42,1,1,4.42,Medium Value,One-time (1)
ip2tdvpp,4.42,1,1,4.42,Medium Value,One-time (1)
m1d98qfq,4.42,1,1,4.42,Medium Value,One-time (1)
1pbr8kty,4.42,1,1,4.42,Medium Value,One-time (1)
7msnrdop,4.42,1,2,4.42,Medium Value,One-time (1)
j42rl1eh,4.42,1,2,4.42,Medium Value,One-time (1)
o38fbdkf,4.42,1,1,4.42,Medium Value,One-time (1)
nl5m5nzx,4.42,1,1,4.42,Medium Value,One-time (1)
tm1zyx6p,4.42,1,1,4.42,Medium Value,One-time (1)
omg7zt9m,4.42,1,1,4.42,Medium Value,One-time (1)
3fvnekvj,4.42,1,2,4.42,Medium Value,One-time (1)
foy4dd1v,4.42,1,1,4.42,Medium Value,One-time (1)
pmcz1ios,4.42,1,2,4.42,Medium Value,One-time (1)
kqi58nyi,4.42,1,1,4.42,Medium Value,One-time (1)
ol9s1wtl,4.42,1,1,4.42,Medium Value,One-time (1)
u2tl08at,4.42,1,1,4.42,Medium Value,One-time (1)
6j3rtxym,4.42,1,2,4.42,Medium Value,One-time (1)
16lucmus,4.42,1,1,4.42,Medium Value,One-time (1)
68ba32od,4.42,1,1,4.42,Medium Value,One-time (1)
nut7dzqx,4.42,1,1,4.42,Medium Value,One-time (1)
bq48gy88,4.42,1,2,4.42,Medium Value,One-time (1)
125mfo66,4.42,1,1,4.42,Medium Value,One-time (1)
nxfjsfnn,4.42,1,1,4.42,Medium Value,One-time (1)
zpane1oz,4.42,1,1,4.42,Medium Value,One-time (1)
ezgf2omw,4.42,1,1,4.42,Medium Value,One-time (1)
toy6w2n7,4.42,1,1,4.42,Medium Value,One-time (1)
zjod23ps,4.42,1,1,4.42,Medium Value,One-time (1)
bqtyhaeb,4.42,1,1,4.42,Medium Value,One-time (1)
ohh56kr4,4.42,1,1,4.42,Medium Value,One-time (1)
broiy0lz,4.42,1,1,4.42,Medium Value,One-time (1)
k1kpa0d0,4.42,1,2,4.42,Medium Value,One-time (1)
bhwtgdk4,4.42,1,2,4.42,Medium Value,One-time (1)
6logyy90,4.42,1,2,4.42,Medium Value,One-time (1)
1isvu29r,4.42,1,1,4.42,Medium Value,One-time (1)
eu21t28p,4.42,1,1,4.42,Medium Value,One-time (1)
ymzv31d2,4.42,1,1,4.42,Medium Value,One-time (1)
eo3jbyss,4.42,1,1,4.42,Medium Value,One-time (1)
z6uvutba,4.42,1,1,4.42,Medium Value,One-time (1)
0jc5jsxi,4.42,1,2,4.42,Medium Value,One-time (1)
0jl4mz7z,4.42,1,1,4.42,Medium Value,One-time (1)
c7vcxajm,4.41,1,1,4.41,Medium Value,One-time (1)
1156spsw,4.41,1,1,4.41,Medium Value,One-time (1)
22chh9ix,4.41,1,1,4.41,Medium Value,One-time (1)
9bctb8z5,4.41,1,1,4.41,Medium Value,One-time (1)
ayvbfkoa,4.41,1,1,4.41,Medium Value,One-time (1)
8w8630v6,4.41,1,1,4.41,Medium Value,One-time (1)
n0hb8xbc,4.41,1,1,4.41,Medium Value,One-time (1)
oennmob2,4.41,1,1,4.41,Medium Value,One-time (1)
vwlqrv7e,4.41,1,2,4.41,Medium Value,One-time (1)
4yz98310,4.41,1,1,4.41,Medium Value,One-time (1)
8mt3dmu3,4.41,1,1,4.41,Medium Value,One-time (1)
lsin5qgm,4.41,1,1,4.41,Medium Value,One-time (1)
k5wrsjw5,4.41,1,1,4.41,Medium Value,One-time (1)
lueq598f,4.41,1,1,4.41,Medium Value,One-time (1)
fbd96skc,4.41,1,1,4.41,Medium Value,One-time (1)
gwsjrr76,4.41,1,1,4.41,Medium Value,One-time (1)
mwlv9nqh,4.41,1,1,4.41,Medium Value,One-time (1)
zmy6xfv7,4.41,1,1,4.41,Medium Value,One-time (1)
gdv44cm6,4.41,1,1,4.41,Medium Value,One-time (1)
dllsps7u,4.41,1,1,4.41,Medium Value,One-time (1)
sk8n5ijb,4.41,1,1,4.41,Medium Value,One-time (1)
b1tzoeuv,4.41,1,1,4.41,Medium Value,One-time (1)
bzz3z84r,4.41,1,1,4.41,Medium Value,One-time (1)
ctgabi5b,4.41,1,1,4.41,Medium Value,One-time (1)
jwy4el1g,4.41,1,1,4.41,Medium Value,One-time (1)
exa4jy36,4.41,1,1,4.41,Medium Value,One-time (1)
4jr805ge,4.41,1,1,4.41,Medium Value,One-time (1)
xin6y8qn,4.41,1,1,4.41,Medium Value,One-time (1)
v29xld76,4.41,1,1,4.41,Medium Value,One-time (1)
82708vqg,4.41,1,1,4.41,Medium Value,One-time (1)
u7a0sfnc,4.41,1,1,4.41,Medium Value,One-time (1)
1tt7v4ii,4.41,1,1,4.41,Medium Value,One-time (1)
kami2rm6,4.41,1,1,4.41,Medium Value,One-time (1)
lvxmr26t,4.4,1,1,4.4,Medium Value,One-time (1)
c1582xau,4.4,1,1,4.4,Medium Value,One-time (1)
con1xaux,4.4,1,2,4.4,Medium Value,One-time (1)
hspjm0ks,4.4,1,1,4.4,Medium Value,One-time (1)
0qych9pw,4.4,1,1,4.4,Medium Value,One-time (1)
3vq1ybeu,4.4,1,1,4.4,Medium Value,One-time (1)
5yhha9e0,4.4,1,1,4.4,Medium Value,One-time (1)
yfjk69t0,4.4,1,2,4.4,Medium Value,One-time (1)
prx05h3k,4.4,1,1,4.4,Medium Value,One-time (1)
0rb9fln6,4.4,1,1,4.4,Medium Value,One-time (1)
we9fnv7j,4.4,1,1,4.4,Medium Value,One-time (1)
qb6n0yhy,4.4,1,1,4.4,Medium Value,One-time (1)
t4qbh64x,4.4,1,1,4.4,Medium Value,One-time (1)
0vzwbgxl,4.4,1,1,4.4,Medium Value,One-time (1)
ahx67gcu,4.4,1,2,4.4,Medium Value,One-time (1)
wkpu0krl,4.4,1,1,4.4,Medium Value,One-time (1)
jhd1h00f,4.4,1,1,4.4,Medium Value,One-time (1)
oahwdfgu,4.4,1,1,4.4,Medium Value,One-time (1)
ezfvvhjv,4.4,1,1,4.4,Medium Value,One-time (1)
7gokjijw,4.4,1,1,4.4,Medium Value,One-time (1)
f3ptyjdk,4.4,1,1,4.4,Medium Value,One-time (1)
x9ch5g94,4.4,1,1,4.4,Medium Value,One-time (1)
q129huhy,4.4,1,1,4.4,Medium Value,One-time (1)
ximuu1ks,4.4,1,1,4.4,Medium Value,One-time (1)
1mme501b,4.4,1,1,4.4,Medium Value,One-time (1)
r6wb1dsy,4.4,1,1,4.4,Medium Value,One-time (1)
56zlll86,4.4,1,1,4.4,Medium Value,One-time (1)
g3fye4hq,4.4,1,1,4.4,Medium Value,One-time (1)
tq4089hu,4.4,1,1,4.4,Medium Value,One-time (1)
pvakdiaf,4.4,1,1,4.4,Medium Value,One-time (1)
xtgde43d,4.4,1,2,4.4,Medium Value,One-time (1)
m3crmgd3,4.4,1,1,4.4,Medium Value,One-time (1)
61co5qzr,4.4,1,1,4.4,Medium Value,One-time (1)
01u4jqsz,4.4,1,1,4.4,Medium Value,One-time (1)
7z0cb1fb,4.4,1,1,4.4,Medium Value,One-time (1)
g45z5wfr,4.4,1,1,4.4,Medium Value,One-time (1)
czudzcfb,4.4,1,1,4.4,Medium Value,One-time (1)
ua7c8iko,4.4,1,1,4.4,Medium Value,One-time (1)
vn2ungrz,4.4,1,1,4.4,Medium Value,One-time (1)
8cplsut0,4.4,1,1,4.4,Medium Value,One-time (1)
rajz305s,4.4,1,1,4.4,Medium Value,One-time (1)
a2wbnvmq,4.4,1,1,4.4,Medium Value,One-time (1)
cqzan9o2,4.4,1,1,4.4,Medium Value,One-time (1)
9atls7wg,4.4,1,1,4.4,Medium Value,One-time (1)
11a16ghn,4.4,1,1,4.4,Medium Value,One-time (1)
wpk081sg,4.4,1,1,4.4,Medium Value,One-time (1)
9asahjwi,4.4,1,2,4.4,Medium Value,One-time (1)
mb137s81,4.4,1,1,4.4,Medium Value,One-time (1)
ywk9hmbi,4.4,1,1,4.4,Medium Value,One-time (1)
blaper9t,4.4,1,1,4.4,Medium Value,One-time (1)
n0ah21op,4.4,1,1,4.4,Medium Value,One-time (1)
ayu0g5xu,4.4,1,1,4.4,Medium Value,One-time (1)
1u8rj3g2,4.4,1,1,4.4,Medium Value,One-time (1)
7epz7tkh,4.4,1,1,4.4,Medium Value,One-time (1)
tkvkb823,4.4,1,2,4.4,Medium Value,One-time (1)
e73mwbq4,4.4,1,2,4.4,Medium Value,One-time (1)
s7cn69kp,4.38,1,1,4.38,Medium Value,One-time (1)
4k7bpgyv,4.37,1,1,4.37,Medium Value,One-time (1)
5us8pnsl,4.37,1,1,4.37,Medium Value,One-time (1)
zgcr0w8t,4.37,1,1,4.37,Medium Value,One-time (1)
psjj8w6b,4.37,1,1,4.37,Medium Value,One-time (1)
dnwzrwv3,4.37,1,1,4.37,Medium Value,One-time (1)
r39szwbl,4.37,1,1,4.37,Medium Value,One-time (1)
lzwr6pus,4.37,1,1,4.37,Medium Value,One-time (1)
lmndt471,4.37,1,1,4.37,Medium Value,One-time (1)
stimcmgm,4.37,1,1,4.37,Medium Value,One-time (1)
d02do62g,4.37,1,1,4.37,Medium Value,One-time (1)
pb3m5xum,4.37,1,1,4.37,Medium Value,One-time (1)
pilmzazu,4.37,1,1,4.37,Medium Value,One-time (1)
uvow82a1,4.37,1,1,4.37,Medium Value,One-time (1)
srhtwncg,4.37,1,1,4.37,Medium Value,One-time (1)
zqppoau8,4.37,1,1,4.37,Medium Value,One-time (1)
dc4u4cbl,4.37,1,1,4.37,Medium Value,One-time (1)
iu2fvzs0,4.37,1,1,4.37,Medium Value,One-time (1)
dcoh5wyz,4.37,1,1,4.37,Medium Value,One-time (1)
it7o2cvp,4.37,1,1,4.37,Medium Value,One-time (1)
9piwo4oc,4.37,1,1,4.37,Medium Value,One-time (1)
v15ru4cm,4.37,1,1,4.37,Medium Value,One-time (1)
2xvoroci,4.37,1,1,4.37,Medium Value,One-time (1)
2xoo3ys1,4.37,1,1,4.37,Medium Value,One-time (1)
sa3af0ni,4.37,1,1,4.37,Medium Value,One-time (1)
zqb1xi62,4.37,1,1,4.37,Medium Value,One-time (1)
sjztxhti,4.37,1,1,4.37,Medium Value,One-time (1)
si6tj87z,4.37,1,1,4.37,Medium Value,One-time (1)
06nkwfg3,4.37,1,1,4.37,Medium Value,One-time (1)
ikjswyih,4.37,1,1,4.37,Medium Value,One-time (1)
poyipk0q,4.37,1,1,4.37,Medium Value,One-time (1)
84yw528p,4.37,1,1,4.37,Medium Value,One-time (1)
cpu8pcu2,4.37,1,1,4.37,Medium Value,One-time (1)
ozffuxdx,4.37,1,1,4.37,Medium Value,One-time (1)
oze8ysqw,4.37,1,1,4.37,Medium Value,One-time (1)
cph3sag4,4.37,1,1,4.37,Medium Value,One-time (1)
prasljua,4.37,1,1,4.37,Medium Value,One-time (1)
6bc21zwl,4.37,1,1,4.37,Medium Value,One-time (1)
ib5v6jbr,4.37,1,1,4.37,Medium Value,One-time (1)
5uaj0m47,4.37,1,1,4.37,Medium Value,One-time (1)
es4rv1oe,4.37,1,1,4.37,Medium Value,One-time (1)
pwzttxmi,4.37,1,1,4.37,Medium Value,One-time (1)
nqdiv787,4.37,1,1,4.37,Medium Value,One-time (1)
x4t8r3gq,4.37,1,1,4.37,Medium Value,One-time (1)
blcolg67,4.37,1,1,4.37,Medium Value,One-time (1)
n5r8ks0e,4.37,1,2,4.37,Medium Value,One-time (1)
1s4pk1vy,4.37,1,1,4.37,Medium Value,One-time (1)
n5eetuyx,4.37,1,1,4.37,Medium Value,One-time (1)
gkm0snfd,4.37,1,1,4.37,Medium Value,One-time (1)
ntp8ak8s,4.37,1,1,4.37,Medium Value,One-time (1)
yclaky4d,4.37,1,1,4.37,Medium Value,One-time (1)
req90dqh,4.37,1,1,4.37,Medium Value,One-time (1)
fh9105ig,4.37,1,1,4.37,Medium Value,One-time (1)
1wb4c1ks,4.37,1,1,4.37,Medium Value,One-time (1)
6waar8u2,4.37,1,1,4.37,Medium Value,One-time (1)
1yjrhbwh,4.37,1,1,4.37,Medium Value,One-time (1)
y6u8sk73,4.37,1,1,4.37,Medium Value,One-time (1)
r9589fwq,4.37,1,1,4.37,Medium Value,One-time (1)
gfvm3kfz,4.37,1,1,4.37,Medium Value,One-time (1)
fv6sadnh,4.37,1,1,4.37,Medium Value,One-time (1)
niy3fssr,4.37,1,1,4.37,Medium Value,One-time (1)
1njytc3l,4.37,1,1,4.37,Medium Value,One-time (1)
xkynypzt,4.37,1,1,4.37,Medium Value,One-time (1)
bf3urckt,4.37,1,1,4.37,Medium Value,One-time (1)
bdrg5h8b,4.37,1,1,4.37,Medium Value,One-time (1)
ngbteu4v,4.37,1,1,4.37,Medium Value,One-time (1)
b8tmau0s,4.37,1,1,4.37,Medium Value,One-time (1)
g441ig0h,4.37,1,1,4.37,Medium Value,One-time (1)
xbw9rxkd,4.37,1,1,4.37,Medium Value,One-time (1)
xdx10dhf,4.37,1,1,4.37,Medium Value,One-time (1)
nep97h5m,4.37,1,1,4.37,Medium Value,One-time (1)
r49ak0iz,4.37,1,1,4.37,Medium Value,One-time (1)
xfftem6g,4.37,1,1,4.37,Medium Value,One-time (1)
bdhar2hq,4.37,1,1,4.37,Medium Value,One-time (1)
atjz073t,4.37,1,1,4.37,Medium Value,One-time (1)
h29fxkic,4.37,1,1,4.37,Medium Value,One-time (1)
oqomldti,4.37,1,1,4.37,Medium Value,One-time (1)
ehkdkele,4.37,1,1,4.37,Medium Value,One-time (1)
w1w8vryq,4.37,1,1,4.37,Medium Value,One-time (1)
5q5qclb2,4.37,1,1,4.37,Medium Value,One-time (1)
vz282tbk,4.37,1,1,4.37,Medium Value,One-time (1)
6n6kcq7t,4.37,1,1,4.37,Medium Value,One-time (1)
mdibv83p,4.37,1,1,4.37,Medium Value,One-time (1)
acen5pte,4.37,1,1,4.37,Medium Value,One-time (1)
efmk1d70,4.37,1,1,4.37,Medium Value,One-time (1)
6tzelqu9,4.37,1,1,4.37,Medium Value,One-time (1)
2fn4rlyf,4.37,1,1,4.37,Medium Value,One-time (1)
ombue1o4,4.37,1,1,4.37,Medium Value,One-time (1)
vqefcfj3,4.37,1,1,4.37,Medium Value,One-time (1)
vqan4ll0,4.37,1,1,4.37,Medium Value,One-time (1)
e2r92lo4,4.37,1,1,4.37,Medium Value,One-time (1)
2jc8v8ux,4.37,1,1,4.37,Medium Value,One-time (1)
hj0c8occ,4.37,1,1,4.37,Medium Value,One-time (1)
mig9f7pw,4.37,1,1,4.37,Medium Value,One-time (1)
8a2vpzl5,4.37,1,1,4.37,Medium Value,One-time (1)
mldtstke,4.37,1,1,4.37,Medium Value,One-time (1)
ykmgobnf,4.37,1,1,4.37,Medium Value,One-time (1)
amtkekhx,4.37,1,1,4.37,Medium Value,One-time (1)
ykdtlyq8,4.37,1,1,4.37,Medium Value,One-time (1)
we97166o,4.37,1,1,4.37,Medium Value,One-time (1)
bzhqoxr7,4.37,1,1,4.37,Medium Value,One-time (1)
eyerbl6s,4.37,1,1,4.37,Medium Value,One-time (1)
whvnzh13,4.37,1,1,4.37,Medium Value,One-time (1)
wiovok1h,4.37,1,1,4.37,Medium Value,One-time (1)
h2ohhmv6,4.37,1,1,4.37,Medium Value,One-time (1)
5jrnd83k,4.37,1,1,4.37,Medium Value,One-time (1)
h2lo3ka2,4.37,1,1,4.37,Medium Value,One-time (1)
qix3u6f0,4.37,1,1,4.37,Medium Value,One-time (1)
ye78hebi,4.37,1,1,4.37,Medium Value,One-time (1)
wqpo8fsl,4.37,1,1,4.37,Medium Value,One-time (1)
czfxagmu,4.37,1,1,4.37,Medium Value,One-time (1)
k4nnekl2,4.37,1,1,4.37,Medium Value,One-time (1)
u50ru6tx,4.37,1,1,4.37,Medium Value,One-time (1)
tt9e23uj,4.37,1,1,4.37,Medium Value,One-time (1)
kihpr8cv,4.37,1,1,4.37,Medium Value,One-time (1)
3p8p702a,4.37,1,1,4.37,Medium Value,One-time (1)
t4bi8u0j,4.37,1,1,4.37,Medium Value,One-time (1)
uk7z7yfv,4.37,1,1,4.37,Medium Value,One-time (1)
jh51il0c,4.37,1,1,4.37,Medium Value,One-time (1)
swrdq69x,4.37,1,1,4.37,Medium Value,One-time (1)
3f68ovrg,4.37,1,1,4.37,Medium Value,One-time (1)
l79jvtwv,4.37,1,1,4.37,Medium Value,One-time (1)
ukb8da8g,4.37,1,1,4.37,Medium Value,One-time (1)
jaxittc6,4.37,1,1,4.37,Medium Value,One-time (1)
ufiuycpx,4.37,1,1,4.37,Medium Value,One-time (1)
91dnun39,4.37,1,1,4.37,Medium Value,One-time (1)
thm1hy5q,4.37,1,1,4.37,Medium Value,One-time (1)
3kxc486f,4.37,1,1,4.37,Medium Value,One-time (1)
jsucw55f,4.37,1,1,4.37,Medium Value,One-time (1)
jna16q9p,4.37,1,1,4.37,Medium Value,One-time (1)
thihpmx7,4.37,1,1,4.37,Medium Value,One-time (1)
k80qout5,4.37,1,1,4.37,Medium Value,One-time (1)
e5nmhkqc,4.36,1,2,4.36,Medium Value,One-time (1)
px5i4bve,4.36,1,1,4.36,Medium Value,One-time (1)
hqlpqtoi,4.36,1,2,4.36,Medium Value,One-time (1)
p0zr514j,4.35,1,1,4.35,Medium Value,One-time (1)
3zxv0xkk,4.34,1,1,4.34,Medium Value,One-time (1)
7zono6qr,4.34,1,1,4.34,Medium Value,One-time (1)
4kxpnx2h,4.34,1,2,4.34,Medium Value,One-time (1)
kr1ifsi1,4.34,2,2,2.17,Medium Value,Occasional (2-3)
vwe4ugh9,4.34,1,1,4.34,Medium Value,One-time (1)
l8yn8qgy,4.33,1,1,4.33,Medium Value,One-time (1)
mxzcywds,4.33,1,1,4.33,Medium Value,One-time (1)
gerbvh1r,4.33,1,1,4.33,Medium Value,One-time (1)
7k3y3eed,4.33,1,1,4.33,Medium Value,One-time (1)
g8gh38y7,4.33,1,1,4.33,Medium Value,One-time (1)
hhb02o9e,4.33,1,1,4.33,Medium Value,One-time (1)
5mhgxolp,4.32,1,2,4.32,Medium Value,One-time (1)
mwaypu8p,4.32,1,1,4.32,Medium Value,One-time (1)
mmqdy1p8,4.32,1,2,4.32,Medium Value,One-time (1)
o90vosw8,4.32,1,1,4.32,Medium Value,One-time (1)
y9skgnom,4.32,1,1,4.32,Medium Value,One-time (1)
y9wdp8ie,4.32,1,2,4.32,Medium Value,One-time (1)
0z8w5vvh,4.32,1,1,4.32,Medium Value,One-time (1)
o9zft2e2,4.32,1,2,4.32,Medium Value,One-time (1)
6sdomht0,4.32,1,1,4.32,Medium Value,One-time (1)
smpd9tyd,4.32,1,1,4.32,Medium Value,One-time (1)
mqeida9b,4.32,1,1,4.32,Medium Value,One-time (1)
o8us4484,4.32,1,1,4.32,Medium Value,One-time (1)
qnnts8f6,4.32,1,1,4.32,Medium Value,One-time (1)
7nrvryzn,4.32,1,1,4.32,Medium Value,One-time (1)
ro3x8rii,4.32,1,1,4.32,Medium Value,One-time (1)
9pf8pa8i,4.32,1,1,4.32,Medium Value,One-time (1)
o3pcsh9l,4.32,1,1,4.32,Medium Value,One-time (1)
f2yfvlmu,4.32,1,1,4.32,Medium Value,One-time (1)
0y3w37bp,4.32,1,1,4.32,Medium Value,One-time (1)
22r5ikpf,4.32,1,1,4.32,Medium Value,One-time (1)
8o5ed2wm,4.32,1,1,4.32,Medium Value,One-time (1)
is0wggwg,4.32,1,1,4.32,Medium Value,One-time (1)
k1ouba2a,4.32,1,1,4.32,Medium Value,One-time (1)
yfre8vcu,4.32,1,1,4.32,Medium Value,One-time (1)
isfxzicu,4.32,1,1,4.32,Medium Value,One-time (1)
rmmzxz9c,4.32,1,1,4.32,Medium Value,One-time (1)
o5fgum3d,4.32,1,2,4.32,Medium Value,One-time (1)
np04bvsm,4.32,1,1,4.32,Medium Value,One-time (1)
y6phbpqb,4.32,1,1,4.32,Medium Value,One-time (1)
x80214xp,4.32,1,1,4.32,Medium Value,One-time (1)
x5mhu82m,4.32,1,1,4.32,Medium Value,One-time (1)
5ad1yed0,4.32,1,1,4.32,Medium Value,One-time (1)
xope8a06,4.32,1,1,4.32,Medium Value,One-time (1)
95g3v23g,4.32,1,1,4.32,Medium Value,One-time (1)
b5tademk,4.32,1,1,4.32,Medium Value,One-time (1)
3fhycl2u,4.32,1,1,4.32,Medium Value,One-time (1)
fzq1w09y,4.32,1,1,4.32,Medium Value,One-time (1)
jutxw7vu,4.32,1,1,4.32,Medium Value,One-time (1)
96v1fdit,4.32,1,1,4.32,Medium Value,One-time (1)
n80n63jw,4.32,1,1,4.32,Medium Value,One-time (1)
g46keotz,4.32,1,1,4.32,Medium Value,One-time (1)
xg0ruhmb,4.32,1,1,4.32,Medium Value,One-time (1)
bd34jm2a,4.32,1,1,4.32,Medium Value,One-time (1)
9sfydm1v,4.32,1,1,4.32,Medium Value,One-time (1)
g5qudvt4,4.32,1,1,4.32,Medium Value,One-time (1)
lbrie194,4.32,1,1,4.32,Medium Value,One-time (1)
86thuqm5,4.32,1,1,4.32,Medium Value,One-time (1)
r614e3mi,4.32,1,1,4.32,Medium Value,One-time (1)
ucll3oux,4.32,1,1,4.32,Medium Value,One-time (1)
qyb8zj8x,4.32,1,1,4.32,Medium Value,One-time (1)
wps69dlm,4.32,1,1,4.32,Medium Value,One-time (1)
fl5gybex,4.32,1,1,4.32,Medium Value,One-time (1)
fdeidpg3,4.32,1,1,4.32,Medium Value,One-time (1)
12629c6j,4.32,1,1,4.32,Medium Value,One-time (1)
nwfg29w0,4.32,1,1,4.32,Medium Value,One-time (1)
5dxp8j8p,4.32,1,1,4.32,Medium Value,One-time (1)
avg4uimp,4.32,1,1,4.32,Medium Value,One-time (1)
qsbgv1ny,4.32,1,1,4.32,Medium Value,One-time (1)
2z801fh1,4.32,1,1,4.32,Medium Value,One-time (1)
u4xszjnv,4.32,1,1,4.32,Medium Value,One-time (1)
l1qep10y,4.32,1,1,4.32,Medium Value,One-time (1)
x1xcesvl,4.32,1,2,4.32,Medium Value,One-time (1)
t7ham2jw,4.32,1,1,4.32,Medium Value,One-time (1)
nroy3zxm,4.32,1,1,4.32,Medium Value,One-time (1)
t8b81usw,4.32,1,1,4.32,Medium Value,One-time (1)
vi7iplma,4.32,1,1,4.32,Medium Value,One-time (1)
fs95110l,4.32,1,1,4.32,Medium Value,One-time (1)
fsite7wo,4.32,1,1,4.32,Medium Value,One-time (1)
j9tsjgwo,4.32,1,1,4.32,Medium Value,One-time (1)
bijp92uz,4.32,1,1,4.32,Medium Value,One-time (1)
he8r6tim,4.32,1,1,4.32,Medium Value,One-time (1)
3jczucqm,4.32,1,1,4.32,Medium Value,One-time (1)
0famwqlv,4.32,1,1,4.32,Medium Value,One-time (1)
066jof3v,4.32,1,2,4.32,Medium Value,One-time (1)
lh8zs31l,4.32,1,1,4.32,Medium Value,One-time (1)
0bmxjtg1,4.32,1,1,4.32,Medium Value,One-time (1)
mcjjc8ji,4.32,1,2,4.32,Medium Value,One-time (1)
osc2e8cx,4.32,1,1,4.32,Medium Value,One-time (1)
66i2bs1f,4.32,1,1,4.32,Medium Value,One-time (1)
5u136ksr,4.32,1,1,4.32,Medium Value,One-time (1)
a0nhgioc,4.32,1,2,4.32,Medium Value,One-time (1)
6fii8jdx,4.32,1,1,4.32,Medium Value,One-time (1)
ci85h6ui,4.32,1,1,4.32,Medium Value,One-time (1)
ci3aectk,4.32,1,1,4.32,Medium Value,One-time (1)
oqpe3cmy,4.32,1,1,4.32,Medium Value,One-time (1)
0i6q24qy,4.32,1,2,4.32,Medium Value,One-time (1)
k8fl2ofw,4.32,1,1,4.32,Medium Value,One-time (1)
hq6zs1hb,4.32,1,2,4.32,Medium Value,One-time (1)
39tk3g3b,4.32,1,1,4.32,Medium Value,One-time (1)
5uiaqpax,4.32,1,1,4.32,Medium Value,One-time (1)
0bisjhb7,4.32,1,1,4.32,Medium Value,One-time (1)
j0obbixt,4.32,1,1,4.32,Medium Value,One-time (1)
zkep7aod,4.32,1,1,4.32,Medium Value,One-time (1)
keyt9ibc,4.32,1,1,4.32,Medium Value,One-time (1)
m8a43fts,4.32,1,1,4.32,Medium Value,One-time (1)
steil3cj,4.32,1,1,4.32,Medium Value,One-time (1)
06qisg0m,4.32,1,1,4.32,Medium Value,One-time (1)
8d191vcq,4.32,1,1,4.32,Medium Value,One-time (1)
03qzyc82,4.32,1,1,4.32,Medium Value,One-time (1)
s17ufuu6,4.32,1,1,4.32,Medium Value,One-time (1)
zsk3ctzk,4.32,1,2,4.32,Medium Value,One-time (1)
tuuinvzt,4.32,1,1,4.32,Medium Value,One-time (1)
ma9k0byz,4.32,1,2,4.32,Medium Value,One-time (1)
sbb3vtc1,4.32,1,1,4.32,Medium Value,One-time (1)
s0gu54sd,4.32,1,1,4.32,Medium Value,One-time (1)
9kl43w41,4.32,1,1,4.32,Medium Value,One-time (1)
hsj0swbc,4.32,1,1,4.32,Medium Value,One-time (1)
z2ho6d5m,4.32,1,1,4.32,Medium Value,One-time (1)
65r96khu,4.32,1,2,4.32,Medium Value,One-time (1)
q446jjqt,4.32,1,1,4.32,Medium Value,One-time (1)
iuid09e4,4.32,1,1,4.32,Medium Value,One-time (1)
ig0txi0c,4.32,1,1,4.32,Medium Value,One-time (1)
yp2079p3,4.32,1,1,4.32,Medium Value,One-time (1)
enoyrwia,4.32,1,1,4.32,Medium Value,One-time (1)
29nq4gou,4.32,1,1,4.32,Medium Value,One-time (1)
308fih4z,4.32,1,1,4.32,Medium Value,One-time (1)
0st5fwc2,4.32,1,1,4.32,Medium Value,One-time (1)
29kstuci,4.32,1,1,4.32,Medium Value,One-time (1)
3jrb42xj,4.32,1,1,4.32,Medium Value,One-time (1)
6p07cvde,4.32,1,1,4.32,Medium Value,One-time (1)
ynskv0c5,4.32,1,1,4.32,Medium Value,One-time (1)
rs6884x6,4.32,1,1,4.32,Medium Value,One-time (1)
ermi9f7w,4.32,1,1,4.32,Medium Value,One-time (1)
erooqypd,4.32,1,1,4.32,Medium Value,One-time (1)
8p60rw0z,4.32,1,1,4.32,Medium Value,One-time (1)
uysr66zt,4.32,1,1,4.32,Medium Value,One-time (1)
qb5o6rgx,4.32,1,1,4.32,Medium Value,One-time (1)
9xl3ttvf,4.32,1,1,4.32,Medium Value,One-time (1)
pcl0315e,4.32,1,1,4.32,Medium Value,One-time (1)
82r1abbu,4.32,1,1,4.32,Medium Value,One-time (1)
654qu5uf,4.32,1,2,4.32,Medium Value,One-time (1)
6lmyxl7o,4.32,1,1,4.32,Medium Value,One-time (1)
edoywtqx,4.32,1,1,4.32,Medium Value,One-time (1)
afzc5f7q,4.32,1,1,4.32,Medium Value,One-time (1)
d4uuljnu,4.32,1,1,4.32,Medium Value,One-time (1)
pnxuxn9n,4.32,1,2,4.32,Medium Value,One-time (1)
5p8racym,4.32,1,2,4.32,Medium Value,One-time (1)
knxqw6lq,4.32,1,2,4.32,Medium Value,One-time (1)
t2cemine,4.32,1,1,4.32,Medium Value,One-time (1)
c57q2vcb,4.32,1,1,4.32,Medium Value,One-time (1)
zzrjo7vb,4.32,1,1,4.32,Medium Value,One-time (1)
9di2ubtp,4.32,1,1,4.32,Medium Value,One-time (1)
oedyj3k0,4.32,1,1,4.32,Medium Value,One-time (1)
a2iz5p3v,4.31,1,1,4.31,Medium Value,One-time (1)
5n3a6s8d,4.31,1,1,4.31,Medium Value,One-time (1)
2unolcik,4.31,1,1,4.31,Medium Value,One-time (1)
2cuw5ym2,4.31,1,1,4.31,Medium Value,One-time (1)
rw65nh72,4.31,1,1,4.31,Medium Value,One-time (1)
h1h5i4db,4.31,1,1,4.31,Medium Value,One-time (1)
4ndqvsez,4.31,1,1,4.31,Medium Value,One-time (1)
ybqsamou,4.31,1,1,4.31,Medium Value,One-time (1)
bw3bibsj,4.3,1,1,4.3,Medium Value,One-time (1)
wbuq0uiv,4.3,1,1,4.3,Medium Value,One-time (1)
ab2cxpk0,4.3,1,1,4.3,Medium Value,One-time (1)
jgn6wp8m,4.3,1,1,4.3,Medium Value,One-time (1)
4miqtkfc,4.3,1,1,4.3,Medium Value,One-time (1)
b10sl5th,4.29,1,1,4.29,Medium Value,One-time (1)
gu8l2skf,4.29,1,1,4.29,Medium Value,One-time (1)
8jgkk61r,4.29,1,1,4.29,Medium Value,One-time (1)
1keh7p7r,4.29,1,1,4.29,Medium Value,One-time (1)
hmvr7nds,4.29,1,1,4.29,Medium Value,One-time (1)
i0tfvx8o,4.29,1,1,4.29,Medium Value,One-time (1)
umn48yd7,4.29,1,1,4.29,Medium Value,One-time (1)
80jwxda8,4.29,1,1,4.29,Medium Value,One-time (1)
s5u11i7w,4.29,1,1,4.29,Medium Value,One-time (1)
xbtwhzll,4.29,1,1,4.29,Medium Value,One-time (1)
4j3iyqbu,4.29,1,1,4.29,Medium Value,One-time (1)
yzg2acfz,4.29,1,1,4.29,Medium Value,One-time (1)
5dngss5a,4.29,1,1,4.29,Medium Value,One-time (1)
0sso707c,4.29,1,1,4.29,Medium Value,One-time (1)
u24co5ko,4.29,1,1,4.29,Medium Value,One-time (1)
xxgqzmbi,4.29,1,1,4.29,Medium Value,One-time (1)
fucj862g,4.29,1,1,4.29,Medium Value,One-time (1)
odm9hrrl,4.29,1,1,4.29,Medium Value,One-time (1)
0qk0a914,4.29,1,1,4.29,Medium Value,One-time (1)
3ud1ozfl,4.29,1,1,4.29,Medium Value,One-time (1)
638riftn,4.29,1,1,4.29,Medium Value,One-time (1)
outm79gw,4.28,1,1,4.28,Medium Value,One-time (1)
zf8adf7p,4.28,1,2,4.28,Medium Value,One-time (1)
mudks6y2,4.28,1,1,4.28,Medium Value,One-time (1)
ltqh06rj,4.28,1,1,4.28,Medium Value,One-time (1)
8o2nke81,4.28,1,1,4.28,Medium Value,One-time (1)
0x0kd1n5,4.28,1,1,4.28,Medium Value,One-time (1)
so7fuhvm,4.28,1,1,4.28,Medium Value,One-time (1)
7nfcdi3e,4.28,1,2,4.28,Medium Value,One-time (1)
iii6859y,4.28,1,1,4.28,Medium Value,One-time (1)
mozknhpv,4.28,1,1,4.28,Medium Value,One-time (1)
xdoutlez,4.28,1,1,4.28,Medium Value,One-time (1)
ak64jc5i,4.28,1,1,4.28,Medium Value,One-time (1)
qdqzynrv,4.28,1,1,4.28,Medium Value,One-time (1)
m1z0sp48,4.28,1,2,4.28,Medium Value,One-time (1)
zotkgm34,4.28,1,1,4.28,Medium Value,One-time (1)
vt3ti3wc,4.28,1,2,4.28,Medium Value,One-time (1)
5ykq2yhu,4.28,1,1,4.28,Medium Value,One-time (1)
8vfdp08t,4.28,1,1,4.28,Medium Value,One-time (1)
w5vjv5le,4.28,1,1,4.28,Medium Value,One-time (1)
y7ecm12b,4.28,1,2,4.28,Medium Value,One-time (1)
hx532dcv,4.28,1,1,4.28,Medium Value,One-time (1)
rwqrlqsg,4.28,1,1,4.28,Medium Value,One-time (1)
tnv77eo1,4.28,1,2,4.28,Medium Value,One-time (1)
listcp6j,4.28,1,1,4.28,Medium Value,One-time (1)
adv785pd,4.28,1,1,4.28,Medium Value,One-time (1)
z3fl8de7,4.28,1,1,4.28,Medium Value,One-time (1)
li6978v0,4.28,1,1,4.28,Medium Value,One-time (1)
zemg57ev,4.28,1,1,4.28,Medium Value,One-time (1)
k1gnwbv6,4.28,1,1,4.28,Medium Value,One-time (1)
uai2zvbz,4.28,1,1,4.28,Medium Value,One-time (1)
c2f3fbje,4.28,1,1,4.28,Medium Value,One-time (1)
wty2d4z7,4.28,1,1,4.28,Medium Value,One-time (1)
bfkrb7r9,4.28,1,1,4.28,Medium Value,One-time (1)
gvbhtt1h,4.28,1,1,4.28,Medium Value,One-time (1)
4dkgk0zs,4.28,1,1,4.28,Medium Value,One-time (1)
fw9eh3bf,4.28,1,1,4.28,Medium Value,One-time (1)
u8jeyqd8,4.28,1,1,4.28,Medium Value,One-time (1)
x2iwhwl4,4.28,1,2,4.28,Medium Value,One-time (1)
fuzitwxg,4.28,1,1,4.28,Medium Value,One-time (1)
50jwxsbu,4.28,1,1,4.28,Medium Value,One-time (1)
9t54zhug,4.28,1,1,4.28,Medium Value,One-time (1)
ubu8dkur,4.28,1,1,4.28,Medium Value,One-time (1)
jzk2veyx,4.28,1,1,4.28,Medium Value,One-time (1)
wwt45r4l,4.28,1,1,4.28,Medium Value,One-time (1)
59i5594l,4.28,1,1,4.28,Medium Value,One-time (1)
u4n63640,4.28,1,1,4.28,Medium Value,One-time (1)
ipumo6u3,4.28,1,1,4.28,Medium Value,One-time (1)
dn75lllj,4.27,1,1,4.27,Medium Value,One-time (1)
64x018qk,4.27,1,1,4.27,Medium Value,One-time (1)
3qkrbpen,4.27,1,1,4.27,Medium Value,One-time (1)
g39bd2ee,4.27,1,1,4.27,Medium Value,One-time (1)
zj7j2lau,4.27,1,1,4.27,Medium Value,One-time (1)
dmmcmxnl,4.27,1,1,4.27,Medium Value,One-time (1)
i6l71qrg,4.27,1,1,4.27,Medium Value,One-time (1)
p61l3bsb,4.27,1,1,4.27,Medium Value,One-time (1)
p5r344jl,4.27,1,1,4.27,Medium Value,One-time (1)
psz8u4gz,4.27,1,1,4.27,Medium Value,One-time (1)
006knpvo,4.27,1,1,4.27,Medium Value,One-time (1)
ov50ew25,4.27,1,1,4.27,Medium Value,One-time (1)
g6np2ltf,4.27,1,1,4.27,Medium Value,One-time (1)
5410xo0v,4.27,1,1,4.27,Medium Value,One-time (1)
kyijt8n3,4.27,1,1,4.27,Medium Value,One-time (1)
hu5pfsmh,4.27,1,1,4.27,Medium Value,One-time (1)
djm5gh2i,4.27,1,1,4.27,Medium Value,One-time (1)
p9znhfdg,4.27,1,1,4.27,Medium Value,One-time (1)
t00vexgh,4.27,1,1,4.27,Medium Value,One-time (1)
8tlbldi7,4.27,1,1,4.27,Medium Value,One-time (1)
616m3sm4,4.27,1,1,4.27,Medium Value,One-time (1)
p5e1qg14,4.27,1,1,4.27,Medium Value,One-time (1)
i14x75hb,4.27,1,1,4.27,Medium Value,One-time (1)
pljisaqc,4.27,1,1,4.27,Medium Value,One-time (1)
dei7oykd,4.27,1,1,4.27,Medium Value,One-time (1)
9f53cq1d,4.27,1,1,4.27,Medium Value,One-time (1)
a9pnmhl3,4.27,1,1,4.27,Medium Value,One-time (1)
b6717lzb,4.27,1,1,4.27,Medium Value,One-time (1)
a8lc1kxb,4.27,1,1,4.27,Medium Value,One-time (1)
s4mmovfc,4.27,1,1,4.27,Medium Value,One-time (1)
65qqyg9b,4.27,1,1,4.27,Medium Value,One-time (1)
xj9sodxz,4.27,1,1,4.27,Medium Value,One-time (1)
4kvvdrqz,4.27,1,1,4.27,Medium Value,One-time (1)
nbwmz1gm,4.27,1,1,4.27,Medium Value,One-time (1)
bqwdq6lp,4.27,1,1,4.27,Medium Value,One-time (1)
oom03xlh,4.27,1,1,4.27,Medium Value,One-time (1)
u39gx6pt,4.27,1,1,4.27,Medium Value,One-time (1)
wchb4qbi,4.27,1,1,4.27,Medium Value,One-time (1)
yheab8ve,4.27,1,1,4.27,Medium Value,One-time (1)
7nqk1i5j,4.27,1,1,4.27,Medium Value,One-time (1)
qh4pcy8m,4.27,1,1,4.27,Medium Value,One-time (1)
6yjt0dk8,4.27,1,1,4.27,Medium Value,One-time (1)
26b3b28h,4.27,1,1,4.27,Medium Value,One-time (1)
fipftas7,4.27,1,1,4.27,Medium Value,One-time (1)
qiry7piz,4.27,1,1,4.27,Medium Value,One-time (1)
c0kcyqdw,4.27,1,1,4.27,Medium Value,One-time (1)
23oktz7p,4.27,1,1,4.27,Medium Value,One-time (1)
7ibyawki,4.27,1,1,4.27,Medium Value,One-time (1)
o2wet1rc,4.27,1,1,4.27,Medium Value,One-time (1)
wlkbjre6,4.27,1,1,4.27,Medium Value,One-time (1)
tes4n1tb,4.27,1,1,4.27,Medium Value,One-time (1)
mvi5cucc,4.27,1,1,4.27,Medium Value,One-time (1)
f8s2zge2,4.27,1,1,4.27,Medium Value,One-time (1)
aly7jx7k,4.27,1,1,4.27,Medium Value,One-time (1)
n21iezzi,4.27,1,1,4.27,Medium Value,One-time (1)
b5p23bvb,4.27,1,1,4.27,Medium Value,One-time (1)
c4ykiu3g,4.27,1,1,4.27,Medium Value,One-time (1)
1oqvl785,4.27,1,1,4.27,Medium Value,One-time (1)
e78kcj81,4.27,1,1,4.27,Medium Value,One-time (1)
xo4j604k,4.27,1,1,4.27,Medium Value,One-time (1)
yux1xkvk,4.27,1,1,4.27,Medium Value,One-time (1)
q71skl5m,4.27,1,1,4.27,Medium Value,One-time (1)
w3d8tcz3,4.27,1,1,4.27,Medium Value,One-time (1)
1di0ubda,4.27,1,1,4.27,Medium Value,One-time (1)
jjh8vyxo,4.27,1,1,4.27,Medium Value,One-time (1)
5mwpes0c,4.27,1,1,4.27,Medium Value,One-time (1)
4rg01ls8,4.27,1,1,4.27,Medium Value,One-time (1)
glycj7gs,4.27,1,1,4.27,Medium Value,One-time (1)
5okomxd1,4.27,1,1,4.27,Medium Value,One-time (1)
hgz02jxx,4.27,1,1,4.27,Medium Value,One-time (1)
99qz1s23,4.27,1,1,4.27,Medium Value,One-time (1)
6zxu29ow,4.27,1,1,4.27,Medium Value,One-time (1)
hf335r1x,4.27,1,1,4.27,Medium Value,One-time (1)
gf3w1qf0,4.27,1,1,4.27,Medium Value,One-time (1)
8sw5ut91,4.27,1,1,4.27,Medium Value,One-time (1)
upj53az0,4.27,1,1,4.27,Medium Value,One-time (1)
smkdsn30,4.27,1,1,4.27,Medium Value,One-time (1)
v3ya9mq1,4.27,1,1,4.27,Medium Value,One-time (1)
9vbw1i8j,4.27,1,1,4.27,Medium Value,One-time (1)
jcmdx7dp,4.27,1,1,4.27,Medium Value,One-time (1)
9v49s663,4.27,1,1,4.27,Medium Value,One-time (1)
v5slr4h3,4.27,1,1,4.27,Medium Value,One-time (1)
j4wh6kr3,4.27,1,1,4.27,Medium Value,One-time (1)
uuaa3kjj,4.27,1,1,4.27,Medium Value,One-time (1)
vd4jetgf,4.27,1,1,4.27,Medium Value,One-time (1)
labghu9q,4.27,1,1,4.27,Medium Value,One-time (1)
2vpfmzkd,4.27,1,1,4.27,Medium Value,One-time (1)
j5xtlydy,4.27,1,1,4.27,Medium Value,One-time (1)
9z33maw8,4.27,1,1,4.27,Medium Value,One-time (1)
8a4xme05,4.27,1,1,4.27,Medium Value,One-time (1)
ilabasjk,4.27,1,1,4.27,Medium Value,One-time (1)
tufrdmwr,4.26,1,1,4.26,Medium Value,One-time (1)
j27es0rg,4.26,1,1,4.26,Medium Value,One-time (1)
szgnpjoi,4.26,1,1,4.26,Medium Value,One-time (1)
om6600sb,4.26,1,1,4.26,Medium Value,One-time (1)
mmxixv6c,4.26,1,1,4.26,Medium Value,One-time (1)
s3ikcx53,4.26,1,2,4.26,Medium Value,One-time (1)
1lvfrvkl,4.26,1,1,4.26,Medium Value,One-time (1)
k5t16qbn,4.26,1,1,4.26,Medium Value,One-time (1)
sdweyvik,4.26,1,2,4.26,Medium Value,One-time (1)
99vwiivm,4.26,1,1,4.26,Medium Value,One-time (1)
suff6m2u,4.26,1,1,4.26,Medium Value,One-time (1)
72pwgewl,4.26,1,1,4.26,Medium Value,One-time (1)
mjrwf547,4.26,1,1,4.26,Medium Value,One-time (1)
bo389gkj,4.26,1,1,4.26,Medium Value,One-time (1)
rspurdfm,4.26,1,1,4.26,Medium Value,One-time (1)
oess9ues,4.26,1,1,4.26,Medium Value,One-time (1)
8kj0qbh9,4.26,1,1,4.26,Medium Value,One-time (1)
983bsq9n,4.26,1,1,4.26,Medium Value,One-time (1)
jthbmnxc,4.26,1,1,4.26,Medium Value,One-time (1)
if7kdlsg,4.26,1,1,4.26,Medium Value,One-time (1)
5yrz5ukx,4.26,1,1,4.26,Medium Value,One-time (1)
fh68wr5w,4.26,1,2,4.26,Medium Value,One-time (1)
sjejdmhh,4.26,1,1,4.26,Medium Value,One-time (1)
kg4xk2sh,4.26,1,2,4.26,Medium Value,One-time (1)
u2octb9r,4.26,1,1,4.26,Medium Value,One-time (1)
usdih2hj,4.26,1,1,4.26,Medium Value,One-time (1)
6rwut8vo,4.26,1,1,4.26,Medium Value,One-time (1)
x53k1x7v,4.26,1,1,4.26,Medium Value,One-time (1)
rwrci7xs,4.26,1,1,4.26,Medium Value,One-time (1)
7neyhkn7,4.26,1,1,4.26,Medium Value,One-time (1)
jp7wxl07,4.26,1,1,4.26,Medium Value,One-time (1)
wlz6hujt,4.26,1,1,4.26,Medium Value,One-time (1)
kr80prm0,4.26,1,1,4.26,Medium Value,One-time (1)
497sf2mn,4.26,1,2,4.26,Medium Value,One-time (1)
lm2h782v,4.26,1,2,4.26,Medium Value,One-time (1)
wsi0bklp,4.26,1,1,4.26,Medium Value,One-time (1)
5o8a29lz,4.26,1,1,4.26,Medium Value,One-time (1)
5bwaen7y,4.26,1,2,4.26,Medium Value,One-time (1)
0f3mh65z,4.26,1,1,4.26,Medium Value,One-time (1)
8r36bmqy,4.26,1,1,4.26,Medium Value,One-time (1)
pdqrf2cd,4.26,1,1,4.26,Medium Value,One-time (1)
aseog0up,4.26,1,1,4.26,Medium Value,One-time (1)
osfc2n4e,4.26,1,1,4.26,Medium Value,One-time (1)
2pmsvrz2,4.26,1,1,4.26,Medium Value,One-time (1)
ihx7slfb,4.26,1,2,4.26,Medium Value,One-time (1)
n5lfocrx,4.26,1,2,4.26,Medium Value,One-time (1)
e653nup3,4.26,1,1,4.26,Medium Value,One-time (1)
9mvfmku4,4.26,1,1,4.26,Medium Value,One-time (1)
falhc0cd,4.26,1,1,4.26,Medium Value,One-time (1)
wd4st6ft,4.26,1,2,4.26,Medium Value,One-time (1)
ijc1ydmt,4.26,2,2,2.13,Medium Value,Occasional (2-3)
4x2c1dt1,4.26,1,1,4.26,Medium Value,One-time (1)
v1t8f98v,4.26,1,2,4.26,Medium Value,One-time (1)
s4934ums,4.25,1,1,4.25,Medium Value,One-time (1)
uwdt8fqt,4.25,1,1,4.25,Medium Value,One-time (1)
ytvz1cbh,4.25,1,1,4.25,Medium Value,One-time (1)
hv3m1g9a,4.25,1,1,4.25,Medium Value,One-time (1)
1bisaskx,4.25,1,1,4.25,Medium Value,One-time (1)
ef9cvq1a,4.25,1,1,4.25,Medium Value,One-time (1)
u04nbh92,4.25,1,2,4.25,Medium Value,One-time (1)
yl5b0g0z,4.25,1,1,4.25,Medium Value,One-time (1)
f8667dr3,4.25,1,1,4.25,Medium Value,One-time (1)
sk2a9p8i,4.25,1,1,4.25,Medium Value,One-time (1)
mdysihw8,4.24,1,1,4.24,Medium Value,One-time (1)
inxuqv1d,4.24,1,1,4.24,Medium Value,One-time (1)
g26hw4aj,4.24,1,1,4.24,Medium Value,One-time (1)
1bva12ta,4.24,1,1,4.24,Medium Value,One-time (1)
3yzg79gu,4.24,1,1,4.24,Medium Value,One-time (1)
4puzvuu8,4.24,1,2,4.24,Medium Value,One-time (1)
3k15qsjc,4.24,1,2,4.24,Medium Value,One-time (1)
4ply8ab7,4.24,1,2,4.24,Medium Value,One-time (1)
tsvptr8j,4.24,1,1,4.24,Medium Value,One-time (1)
plq7rr99,4.24,1,1,4.24,Medium Value,One-time (1)
nhtk2vep,4.24,1,1,4.24,Medium Value,One-time (1)
adf1687k,4.24,1,2,4.24,Medium Value,One-time (1)
db2uuijn,4.24,1,1,4.24,Medium Value,One-time (1)
koi8fwjf,4.24,1,1,4.24,Medium Value,One-time (1)
03o4gkww,4.24,1,2,4.24,Medium Value,One-time (1)
hh5lf6a4,4.24,1,2,4.24,Medium Value,One-time (1)
9sav0v7f,4.24,1,2,4.24,Medium Value,One-time (1)
z6s3nybr,4.24,1,1,4.24,Medium Value,One-time (1)
6ijtckyl,4.24,1,2,4.24,Medium Value,One-time (1)
rpbooz3v,4.24,1,2,4.24,Medium Value,One-time (1)
jqk1f6b3,4.24,1,2,4.24,Medium Value,One-time (1)
t3rhhyf5,4.24,1,2,4.24,Medium Value,One-time (1)
x1b2qj9w,4.24,1,1,4.24,Medium Value,One-time (1)
857vfs8n,4.24,1,1,4.24,Medium Value,One-time (1)
l43xlxsa,4.24,1,1,4.24,Medium Value,One-time (1)
u0iwhv83,4.24,1,2,4.24,Medium Value,One-time (1)
sessa120,4.24,1,1,4.24,Medium Value,One-time (1)
22pcaj6n,4.24,1,1,4.24,Medium Value,One-time (1)
k9qwswx6,4.24,1,2,4.24,Medium Value,One-time (1)
gv4x2enh,4.24,1,2,4.24,Medium Value,One-time (1)
upmanqy0,4.24,1,1,4.24,Medium Value,One-time (1)
gwtuain7,4.24,1,2,4.24,Medium Value,One-time (1)
6islmdjp,4.24,1,1,4.24,Medium Value,One-time (1)
x8csuf15,4.24,1,1,4.24,Medium Value,One-time (1)
c8qtteef,4.24,1,2,4.24,Medium Value,One-time (1)
w8jmhjpn,4.24,1,1,4.24,Medium Value,One-time (1)
jshzkbrh,4.24,1,2,4.24,Medium Value,One-time (1)
0u0bkxzu,4.24,1,1,4.24,Medium Value,One-time (1)
3kbmyejq,4.24,1,1,4.24,Medium Value,One-time (1)
4rtar903,4.24,1,2,4.24,Medium Value,One-time (1)
w69c31b0,4.24,1,1,4.24,Medium Value,One-time (1)
2b20uwbo,4.24,1,1,4.24,Medium Value,One-time (1)
u0dwhl94,4.24,1,1,4.24,Medium Value,One-time (1)
xf3h3lro,4.24,1,2,4.24,Medium Value,One-time (1)
86y4jtj1,4.24,1,2,4.24,Medium Value,One-time (1)
zo3d9zlm,4.24,1,2,4.24,Medium Value,One-time (1)
nfbt9ob1,4.24,1,1,4.24,Medium Value,One-time (1)
8s2qmleq,4.24,1,2,4.24,Medium Value,One-time (1)
mgk4u4zd,4.24,1,1,4.24,Medium Value,One-time (1)
vtlzcyoj,4.24,1,2,4.24,Medium Value,One-time (1)
hlm5ch5y,4.24,1,2,4.24,Medium Value,One-time (1)
iqeuumxn,4.24,1,2,4.24,Medium Value,One-time (1)
vrfemztr,4.24,1,2,4.24,Medium Value,One-time (1)
9k9k9khk,4.24,1,1,4.24,Medium Value,One-time (1)
ex08xzbq,4.24,1,2,4.24,Medium Value,One-time (1)
fdn2jzpm,4.24,1,1,4.24,Medium Value,One-time (1)
c031n4eb,4.24,1,1,4.24,Medium Value,One-time (1)
evzs1zdf,4.24,1,2,4.24,Medium Value,One-time (1)
0v303e3w,4.24,1,2,4.24,Medium Value,One-time (1)
p931tlyc,4.24,1,2,4.24,Medium Value,One-time (1)
0uqctg90,4.24,1,1,4.24,Medium Value,One-time (1)
lymai69t,4.24,1,2,4.24,Medium Value,One-time (1)
4kjpcp4a,4.24,1,1,4.24,Medium Value,One-time (1)
oaqtxofj,4.24,1,1,4.24,Medium Value,One-time (1)
tr7ig7hu,4.24,1,1,4.24,Medium Value,One-time (1)
f20sxcfd,4.24,1,2,4.24,Medium Value,One-time (1)
2xsv88py,4.24,1,2,4.24,Medium Value,One-time (1)
33zolc8m,4.24,1,1,4.24,Medium Value,One-time (1)
p9ii3do9,4.24,1,2,4.24,Medium Value,One-time (1)
v3roprqv,4.24,1,1,4.24,Medium Value,One-time (1)
sw2292mt,4.24,1,1,4.24,Medium Value,One-time (1)
nb108wki,4.23,1,1,4.23,Medium Value,One-time (1)
uxryd348,4.23,1,1,4.23,Medium Value,One-time (1)
ndxjn7de,4.23,1,1,4.23,Medium Value,One-time (1)
iluf3h9s,4.23,1,1,4.23,Medium Value,One-time (1)
sbf2mye3,4.23,1,1,4.23,Medium Value,One-time (1)
oifnez78,4.23,1,1,4.23,Medium Value,One-time (1)
kt970n9x,4.23,1,1,4.23,Medium Value,One-time (1)
mk6vwwv9,4.23,1,1,4.23,Medium Value,One-time (1)
81yv7lti,4.23,1,1,4.23,Medium Value,One-time (1)
xxm8io68,4.23,1,2,4.23,Medium Value,One-time (1)
vfakyw8b,4.23,1,1,4.23,Medium Value,One-time (1)
07rlb13m,4.23,1,1,4.23,Medium Value,One-time (1)
yxydbca7,4.23,1,1,4.23,Medium Value,One-time (1)
6quwbnmi,4.23,1,1,4.23,Medium Value,One-time (1)
r4pk4loq,4.23,1,1,4.23,Medium Value,One-time (1)
9xh9288c,4.23,1,1,4.23,Medium Value,One-time (1)
lg05sl6k,4.23,1,1,4.23,Medium Value,One-time (1)
8e6pxuwi,4.23,1,1,4.23,Medium Value,One-time (1)
82i8hkpx,4.23,1,1,4.23,Medium Value,One-time (1)
lnj9kdui,4.23,1,1,4.23,Medium Value,One-time (1)
ehxqyus1,4.23,1,2,4.23,Medium Value,One-time (1)
8m3j56vi,4.23,1,1,4.23,Medium Value,One-time (1)
9atcqt61,4.23,1,1,4.23,Medium Value,One-time (1)
lqa6f00t,4.23,1,1,4.23,Medium Value,One-time (1)
q6fmcw4x,4.23,1,1,4.23,Medium Value,One-time (1)
75xvcmpt,4.23,1,1,4.23,Medium Value,One-time (1)
8upkxdxc,4.23,1,1,4.23,Medium Value,One-time (1)
uhoqrrw7,4.23,1,1,4.23,Medium Value,One-time (1)
v0wf4hgn,4.23,1,1,4.23,Medium Value,One-time (1)
t35exmnn,4.23,1,1,4.23,Medium Value,One-time (1)
ttna81j2,4.23,1,1,4.23,Medium Value,One-time (1)
xekljy5b,4.23,1,1,4.23,Medium Value,One-time (1)
qgkvitzl,4.23,1,1,4.23,Medium Value,One-time (1)
e6tvle5m,4.23,1,1,4.23,Medium Value,One-time (1)
x7mzt3tp,4.23,1,1,4.23,Medium Value,One-time (1)
ap318sr0,4.23,1,1,4.23,Medium Value,One-time (1)
dz9o5pxv,4.23,1,1,4.23,Medium Value,One-time (1)
tws6gfly,4.23,1,1,4.23,Medium Value,One-time (1)
h3kg8c1y,4.23,1,1,4.23,Medium Value,One-time (1)
wx3we5br,4.23,1,1,4.23,Medium Value,One-time (1)
t4mhexv1,4.23,1,1,4.23,Medium Value,One-time (1)
or0f9uv4,4.23,1,1,4.23,Medium Value,One-time (1)
9jxq9qse,4.23,1,1,4.23,Medium Value,One-time (1)
pfupetn8,4.23,1,1,4.23,Medium Value,One-time (1)
iiwxrwya,4.23,1,1,4.23,Medium Value,One-time (1)
4170rzer,4.23,1,1,4.23,Medium Value,One-time (1)
wkyclvvs,4.23,1,1,4.23,Medium Value,One-time (1)
o2dilyzw,4.23,1,1,4.23,Medium Value,One-time (1)
pyc68nhi,4.23,1,1,4.23,Medium Value,One-time (1)
dq3tqv1g,4.23,1,1,4.23,Medium Value,One-time (1)
wqpxh91x,4.23,1,1,4.23,Medium Value,One-time (1)
asbcgozc,4.23,1,1,4.23,Medium Value,One-time (1)
otyuay7v,4.23,1,1,4.23,Medium Value,One-time (1)
wmw58yru,4.23,1,1,4.23,Medium Value,One-time (1)
rhqzfzhd,4.23,1,1,4.23,Medium Value,One-time (1)
t4g5kklt,4.23,1,1,4.23,Medium Value,One-time (1)
rephh5ni,4.23,1,1,4.23,Medium Value,One-time (1)
om9ls9ul,4.23,1,1,4.23,Medium Value,One-time (1)
ur0d3tgz,4.23,1,1,4.23,Medium Value,One-time (1)
5q0kha1c,4.23,1,1,4.23,Medium Value,One-time (1)
b5nmyn42,4.23,1,1,4.23,Medium Value,One-time (1)
ilan0q7w,4.23,1,1,4.23,Medium Value,One-time (1)
8w5mwt1p,4.23,1,1,4.23,Medium Value,One-time (1)
gg3ehbpo,4.23,1,1,4.23,Medium Value,One-time (1)
k0sy5gva,4.23,1,1,4.23,Medium Value,One-time (1)
lailpkmz,4.23,1,1,4.23,Medium Value,One-time (1)
on55z0dh,4.23,1,1,4.23,Medium Value,One-time (1)
5sljfbh4,4.23,1,1,4.23,Medium Value,One-time (1)
5t24rdab,4.23,1,1,4.23,Medium Value,One-time (1)
1s0gcdjo,4.23,1,1,4.23,Medium Value,One-time (1)
3n4jaki9,4.23,1,1,4.23,Medium Value,One-time (1)
snwim3c7,4.23,1,1,4.23,Medium Value,One-time (1)
8851fbcg,4.23,1,1,4.23,Medium Value,One-time (1)
d1yn7js7,4.23,1,1,4.23,Medium Value,One-time (1)
3cd351k1,4.23,1,1,4.23,Medium Value,One-time (1)
5wbqefqv,4.23,1,1,4.23,Medium Value,One-time (1)
re3dcums,4.23,1,1,4.23,Medium Value,One-time (1)
zi2rbrl7,4.23,1,1,4.23,Medium Value,One-time (1)
rxbfqe8s,4.23,1,1,4.23,Medium Value,One-time (1)
zej2ahdh,4.23,1,1,4.23,Medium Value,One-time (1)
qyta73u9,4.23,1,1,4.23,Medium Value,One-time (1)
vvao1b5g,4.23,1,1,4.23,Medium Value,One-time (1)
bn3wj7ee,4.23,1,1,4.23,Medium Value,One-time (1)
308qu7vd,4.23,1,1,4.23,Medium Value,One-time (1)
nrcqblsd,4.23,1,1,4.23,Medium Value,One-time (1)
pj4lxtub,4.23,1,1,4.23,Medium Value,One-time (1)
8pevvyji,4.23,1,1,4.23,Medium Value,One-time (1)
qxt55p3d,4.23,1,1,4.23,Medium Value,One-time (1)
xona1e6y,4.23,1,1,4.23,Medium Value,One-time (1)
fn3ip4t5,4.23,1,1,4.23,Medium Value,One-time (1)
sq36s2qm,4.23,1,1,4.23,Medium Value,One-time (1)
sjzewigc,4.23,1,1,4.23,Medium Value,One-time (1)
m9ua0bb3,4.23,1,1,4.23,Medium Value,One-time (1)
ynvavt6l,4.23,1,1,4.23,Medium Value,One-time (1)
oaljvh9t,4.23,1,1,4.23,Medium Value,One-time (1)
8lifwrlp,4.23,1,1,4.23,Medium Value,One-time (1)
3ydvl5ct,4.23,1,1,4.23,Medium Value,One-time (1)
9qq8ddiq,4.23,1,1,4.23,Medium Value,One-time (1)
rxtb62np,4.23,1,1,4.23,Medium Value,One-time (1)
louve7w9,4.23,1,1,4.23,Medium Value,One-time (1)
eiwu3es7,4.23,1,1,4.23,Medium Value,One-time (1)
iva79q2s,4.23,1,1,4.23,Medium Value,One-time (1)
iui9kkhz,4.21,1,1,4.21,Medium Value,One-time (1)
z23w8gwo,4.2,1,2,4.2,Medium Value,One-time (1)
k8c9m47v,4.2,1,2,4.2,Medium Value,One-time (1)
9j144epc,4.2,1,1,4.2,Medium Value,One-time (1)
srueyt8n,4.2,1,2,4.2,Medium Value,One-time (1)
s7bngbhw,4.2,1,1,4.2,Medium Value,One-time (1)
0l4he3dv,4.2,1,1,4.2,Medium Value,One-time (1)
k3ga28hl,4.2,1,1,4.2,Medium Value,One-time (1)
d2bickk3,4.2,1,2,4.2,Medium Value,One-time (1)
vxw9nfg7,4.2,1,1,4.2,Medium Value,One-time (1)
rtr2w9wi,4.2,1,1,4.2,Medium Value,One-time (1)
sdec4lav,4.2,1,1,4.2,Medium Value,One-time (1)
28qhl889,4.2,1,1,4.2,Medium Value,One-time (1)
qljqg5fp,4.2,1,1,4.2,Medium Value,One-time (1)
tb3lulvf,4.2,1,2,4.2,Medium Value,One-time (1)
19cvrs6w,4.2,1,1,4.2,Medium Value,One-time (1)
km031zjt,4.2,1,2,4.2,Medium Value,One-time (1)
fyldmjds,4.2,1,1,4.2,Medium Value,One-time (1)
8l9iunc2,4.2,1,1,4.2,Medium Value,One-time (1)
god1zjtk,4.2,1,1,4.2,Medium Value,One-time (1)
7060lc17,4.2,1,1,4.2,Medium Value,One-time (1)
7fb7gi0x,4.2,1,1,4.2,Medium Value,One-time (1)
mqq21htq,4.2,1,1,4.2,Medium Value,One-time (1)
7bug4kt8,4.2,1,1,4.2,Medium Value,One-time (1)
dafmnaw1,4.19,1,1,4.19,Medium Value,One-time (1)
1oazuj6f,4.19,1,1,4.19,Medium Value,One-time (1)
zkg3jff3,4.19,1,1,4.19,Medium Value,One-time (1)
szblnfk3,4.19,1,1,4.19,Medium Value,One-time (1)
7iemylcx,4.19,1,1,4.19,Medium Value,One-time (1)
5bba1805,4.19,1,1,4.19,Medium Value,One-time (1)
vxbib2gr,4.19,1,1,4.19,Medium Value,One-time (1)
21oo3l29,4.19,1,2,4.19,Medium Value,One-time (1)
jcx2q7c5,4.19,1,1,4.19,Medium Value,One-time (1)
fdkuuzvd,4.19,1,1,4.19,Medium Value,One-time (1)
tujrt2m7,4.19,1,1,4.19,Medium Value,One-time (1)
engwyx9t,4.19,1,1,4.19,Medium Value,One-time (1)
i3r8smcn,4.19,1,1,4.19,Medium Value,One-time (1)
4i81yw9c,4.19,1,1,4.19,Medium Value,One-time (1)
rfsty5ph,4.19,1,1,4.19,Medium Value,One-time (1)
94dbst6v,4.19,1,1,4.19,Medium Value,One-time (1)
qtr8sb3o,4.19,1,1,4.19,Medium Value,One-time (1)
lxsoawpt,4.19,1,1,4.19,Medium Value,One-time (1)
uzmshfhh,4.19,1,1,4.19,Medium Value,One-time (1)
mryv39f7,4.19,1,1,4.19,Medium Value,One-time (1)
ibysbuuk,4.19,1,1,4.19,Medium Value,One-time (1)
2gcjuas9,4.19,1,1,4.19,Medium Value,One-time (1)
e032fyvw,4.19,1,1,4.19,Medium Value,One-time (1)
s8fr6qhn,4.19,1,1,4.19,Medium Value,One-time (1)
do67jg9o,4.19,1,1,4.19,Medium Value,One-time (1)
ophfqbvw,4.19,1,1,4.19,Medium Value,One-time (1)
re9w4q6k,4.19,1,1,4.19,Medium Value,One-time (1)
frtpuvgq,4.19,1,1,4.19,Medium Value,One-time (1)
52alunqr,4.19,1,1,4.19,Medium Value,One-time (1)
mzkqaxec,4.19,1,1,4.19,Medium Value,One-time (1)
ocpiotco,4.19,1,1,4.19,Medium Value,One-time (1)
t3vzc83l,4.19,1,1,4.19,Medium Value,One-time (1)
qbrsmm66,4.19,1,1,4.19,Medium Value,One-time (1)
gjngflwm,4.19,1,1,4.19,Medium Value,One-time (1)
vm84hn1v,4.19,1,1,4.19,Medium Value,One-time (1)
kzvtsgiq,4.19,1,1,4.19,Medium Value,One-time (1)
clio5gox,4.19,1,1,4.19,Medium Value,One-time (1)
kzmd41s0,4.19,1,1,4.19,Medium Value,One-time (1)
dvwuws08,4.19,1,1,4.19,Medium Value,One-time (1)
hc1jj51o,4.19,1,1,4.19,Medium Value,One-time (1)
terwrv8s,4.19,1,1,4.19,Medium Value,One-time (1)
8cfesp9o,4.19,1,1,4.19,Medium Value,One-time (1)
1ed1673z,4.19,1,1,4.19,Medium Value,One-time (1)
g2qzw3c1,4.19,1,1,4.19,Medium Value,One-time (1)
3q105377,4.19,1,1,4.19,Medium Value,One-time (1)
14bi65bm,4.19,1,1,4.19,Medium Value,One-time (1)
06o8ewwz,4.19,1,1,4.19,Medium Value,One-time (1)
bnkwkxcd,4.19,1,1,4.19,Medium Value,One-time (1)
00490evt,4.19,1,1,4.19,Medium Value,One-time (1)
fhd1h4kl,4.19,1,1,4.19,Medium Value,One-time (1)
p46t3ul8,4.19,1,1,4.19,Medium Value,One-time (1)
w60ef489,4.19,1,1,4.19,Medium Value,One-time (1)
ua213wfr,4.19,1,1,4.19,Medium Value,One-time (1)
d5ivxwwn,4.19,1,1,4.19,Medium Value,One-time (1)
au3zw36r,4.19,1,1,4.19,Medium Value,One-time (1)
fjj4yxt7,4.19,1,1,4.19,Medium Value,One-time (1)
euvwmpfj,4.19,1,1,4.19,Medium Value,One-time (1)
73gua62q,4.19,1,1,4.19,Medium Value,One-time (1)
g5zi8zvd,4.19,1,1,4.19,Medium Value,One-time (1)
2bxlbyw9,4.19,1,1,4.19,Medium Value,One-time (1)
j6cmzwu6,4.19,1,1,4.19,Medium Value,One-time (1)
nczpjdjk,4.19,1,1,4.19,Medium Value,One-time (1)
dgtdlmn9,4.19,1,1,4.19,Medium Value,One-time (1)
3oys5fou,4.19,1,1,4.19,Medium Value,One-time (1)
nul2jwa3,4.19,1,1,4.19,Medium Value,One-time (1)
n7s3hmo1,4.18,1,2,4.18,Medium Value,One-time (1)
l775s9y8,4.18,1,1,4.18,Medium Value,One-time (1)
u3r1nq52,4.18,1,1,4.18,Medium Value,One-time (1)
8edrma7d,4.18,1,1,4.18,Medium Value,One-time (1)
s31th1p8,4.18,1,2,4.18,Medium Value,One-time (1)
oy2jstj2,4.18,1,2,4.18,Medium Value,One-time (1)
n7grcp27,4.18,1,1,4.18,Medium Value,One-time (1)
mbltzsti,4.18,1,2,4.18,Medium Value,One-time (1)
qwajvick,4.18,1,2,4.18,Medium Value,One-time (1)
h8yvk2hy,4.18,1,2,4.18,Medium Value,One-time (1)
1gz1j4wi,4.18,1,2,4.18,Medium Value,One-time (1)
vvolgtf8,4.18,1,1,4.18,Medium Value,One-time (1)
4qjj74xt,4.18,1,1,4.18,Medium Value,One-time (1)
nmk6ds1f,4.18,1,1,4.18,Medium Value,One-time (1)
wxo25mcu,4.18,1,1,4.18,Medium Value,One-time (1)
mismke86,4.18,1,2,4.18,Medium Value,One-time (1)
5ernkdn5,4.18,1,1,4.18,Medium Value,One-time (1)
sckny2ug,4.18,1,1,4.18,Medium Value,One-time (1)
ujbhi0ms,4.18,1,2,4.18,Medium Value,One-time (1)
0lvsnujz,4.18,1,2,4.18,Medium Value,One-time (1)
hi5ljukt,4.18,1,2,4.18,Medium Value,One-time (1)
ocbdmr3a,4.18,1,1,4.18,Medium Value,One-time (1)
wjtimtlv,4.18,1,2,4.18,Medium Value,One-time (1)
208uh7f8,4.18,1,2,4.18,Medium Value,One-time (1)
5uu034nc,4.18,1,2,4.18,Medium Value,One-time (1)
d0v2g0rm,4.18,1,2,4.18,Medium Value,One-time (1)
mvds7g7w,4.18,1,2,4.18,Medium Value,One-time (1)
unlpaih0,4.18,1,2,4.18,Medium Value,One-time (1)
voshhd03,4.18,1,1,4.18,Medium Value,One-time (1)
83koosvy,4.17,1,1,4.17,Medium Value,One-time (1)
4p229niv,4.16,1,1,4.16,Medium Value,One-time (1)
rdy92oki,4.16,1,2,4.16,Medium Value,One-time (1)
kh3d8p59,4.16,1,1,4.16,Medium Value,One-time (1)
wdis5ox7,4.16,1,1,4.16,Medium Value,One-time (1)
jp66743p,4.16,1,1,4.16,Medium Value,One-time (1)
978phxuh,4.15,1,1,4.15,Medium Value,One-time (1)
m7zyn02k,4.15,1,1,4.15,Medium Value,One-time (1)
p340sd3i,4.15,1,1,4.15,Medium Value,One-time (1)
n4zmj9ky,4.15,1,1,4.15,Medium Value,One-time (1)
h86qb2yz,4.15,1,1,4.15,Medium Value,One-time (1)
udm9k7sf,4.15,1,1,4.15,Medium Value,One-time (1)
z56apl6a,4.15,1,1,4.15,Medium Value,One-time (1)
km8gf2ma,4.15,1,1,4.15,Medium Value,One-time (1)
bfjr8wb9,4.15,1,1,4.15,Medium Value,One-time (1)
99jxr1p1,4.15,1,1,4.15,Medium Value,One-time (1)
zhyk4gnt,4.15,1,1,4.15,Medium Value,One-time (1)
unv7896u,4.15,1,1,4.15,Medium Value,One-time (1)
92j38svc,4.15,1,1,4.15,Medium Value,One-time (1)
ftol8hag,4.15,1,1,4.15,Medium Value,One-time (1)
0z56vw7v,4.15,1,1,4.15,Medium Value,One-time (1)
wwl3gymo,4.15,1,1,4.15,Medium Value,One-time (1)
bsrpv19b,4.15,1,1,4.15,Medium Value,One-time (1)
qjt3kbxq,4.15,1,1,4.15,Medium Value,One-time (1)
9q44dvvp,4.15,1,1,4.15,Medium Value,One-time (1)
o22427py,4.15,1,1,4.15,Medium Value,One-time (1)
ym0wbglm,4.15,1,1,4.15,Medium Value,One-time (1)
n61meywk,4.15,1,1,4.15,Medium Value,One-time (1)
8s5a3isq,4.15,1,1,4.15,Medium Value,One-time (1)
zvs5b89m,4.14,1,2,4.14,Medium Value,One-time (1)
mfgv5piy,4.14,1,2,4.14,Medium Value,One-time (1)
mexay4ja,4.14,1,1,4.14,Medium Value,One-time (1)
dw5t5cxw,4.14,1,1,4.14,Medium Value,One-time (1)
rf6sc2sb,4.14,1,1,4.14,Medium Value,One-time (1)
44lrs8nd,4.14,1,1,4.14,Medium Value,One-time (1)
18d0t0e3,4.14,1,2,4.14,Medium Value,One-time (1)
5025cnl7,4.14,1,1,4.14,Medium Value,One-time (1)
gmzak393,4.14,1,1,4.14,Medium Value,One-time (1)
eukc8uqn,4.14,1,1,4.14,Medium Value,One-time (1)
a9vv31ym,4.14,1,2,4.14,Medium Value,One-time (1)
pz3uk6yi,4.14,1,1,4.14,Medium Value,One-time (1)
0adfpan0,4.14,1,1,4.14,Medium Value,One-time (1)
7jzeoy9i,4.14,1,1,4.14,Medium Value,One-time (1)
zhdv5ojz,4.14,1,1,4.14,Medium Value,One-time (1)
5ctvi8bc,4.14,1,1,4.14,Medium Value,One-time (1)
izzzk3m3,4.14,1,1,4.14,Medium Value,One-time (1)
0tj97d6a,4.14,1,1,4.14,Medium Value,One-time (1)
y98wzb0z,4.14,1,1,4.14,Medium Value,One-time (1)
q9715fl4,4.14,1,1,4.14,Medium Value,One-time (1)
wkljltav,4.14,1,1,4.14,Medium Value,One-time (1)
yx2gu7yr,4.14,1,1,4.14,Medium Value,One-time (1)
t81pn1ah,4.14,1,1,4.14,Medium Value,One-time (1)
lph8dqop,4.14,1,2,4.14,Medium Value,One-time (1)
gywylq6c,4.14,1,1,4.14,Medium Value,One-time (1)
rjvaxqu0,4.14,1,1,4.14,Medium Value,One-time (1)
i0y1551y,4.14,1,2,4.14,Medium Value,One-time (1)
q20184iw,4.14,1,1,4.14,Medium Value,One-time (1)
in451ygh,4.14,1,1,4.14,Medium Value,One-time (1)
iqijktc8,4.14,1,2,4.14,Medium Value,One-time (1)
g5q1ksp2,4.14,1,1,4.14,Medium Value,One-time (1)
363abjyl,4.14,1,1,4.14,Medium Value,One-time (1)
b5wpsx9e,4.14,1,1,4.14,Medium Value,One-time (1)
364vjaot,4.14,1,1,4.14,Medium Value,One-time (1)
cu1exas6,4.14,1,1,4.14,Medium Value,One-time (1)
5mm0c2p3,4.14,1,1,4.14,Medium Value,One-time (1)
fltkv5c1,4.14,1,2,4.14,Medium Value,One-time (1)
hxce0d4s,4.14,1,1,4.14,Medium Value,One-time (1)
j5l1cdny,4.14,1,1,4.14,Medium Value,One-time (1)
5rkh8ptr,4.14,1,2,4.14,Medium Value,One-time (1)
gakoe4vd,4.14,1,2,4.14,Medium Value,One-time (1)
s6ioytek,4.14,1,2,4.14,Medium Value,One-time (1)
j6npmfpz,4.14,1,1,4.14,Medium Value,One-time (1)
ouhylu6k,4.14,1,1,4.14,Medium Value,One-time (1)
omqgd3ny,4.14,1,1,4.14,Medium Value,One-time (1)
0pafv5wg,4.14,1,1,4.14,Medium Value,One-time (1)
9vwcscfn,4.14,1,1,4.14,Medium Value,One-time (1)
dngv39dx,4.14,1,1,4.14,Medium Value,One-time (1)
6dlgjvmr,4.14,1,1,4.14,Medium Value,One-time (1)
sh283zcg,4.14,1,2,4.14,Medium Value,One-time (1)
o98bv78h,4.14,1,2,4.14,Medium Value,One-time (1)
ldeq8jhs,4.14,1,1,4.14,Medium Value,One-time (1)
76mn4vl9,4.14,1,1,4.14,Medium Value,One-time (1)
y4grv8am,4.14,1,1,4.14,Medium Value,One-time (1)
1qdawju5,4.14,1,1,4.14,Medium Value,One-time (1)
64xsu6ll,4.14,1,1,4.14,Medium Value,One-time (1)
lje3tgws,4.14,1,1,4.14,Medium Value,One-time (1)
ueu03pic,4.14,1,2,4.14,Medium Value,One-time (1)
6fc4w408,4.14,1,1,4.14,Medium Value,One-time (1)
bm4lz9m7,4.14,1,1,4.14,Medium Value,One-time (1)
a8vbtvrg,4.14,1,1,4.14,Medium Value,One-time (1)
mbfhdp64,4.14,1,2,4.14,Medium Value,One-time (1)
le2jasfq,4.14,1,1,4.14,Medium Value,One-time (1)
gxva9j7n,4.12,1,2,4.12,Medium Value,One-time (1)
sf7bxnj5,4.12,1,1,4.12,Medium Value,One-time (1)
mz8x4nyq,4.12,1,2,4.12,Medium Value,One-time (1)
2lqbmiej,4.12,1,1,4.12,Medium Value,One-time (1)
1zvflilu,4.12,1,1,4.12,Medium Value,One-time (1)
zcwh00sc,4.12,1,1,4.12,Medium Value,One-time (1)
1xp574r7,4.12,1,2,4.12,Medium Value,One-time (1)
0363g5ry,4.12,1,2,4.12,Medium Value,One-time (1)
s1ujrs4d,4.12,1,1,4.12,Medium Value,One-time (1)
3m1naz3t,4.12,1,1,4.12,Medium Value,One-time (1)
2ot1ejez,4.12,1,2,4.12,Medium Value,One-time (1)
okx3g06r,4.12,1,1,4.12,Medium Value,One-time (1)
7t6qqulw,4.12,1,2,4.12,Medium Value,One-time (1)
ies12nt1,4.12,1,2,4.12,Medium Value,One-time (1)
c1w6rsp1,4.12,1,1,4.12,Medium Value,One-time (1)
idt5h6nn,4.12,1,1,4.12,Medium Value,One-time (1)
baa2cqva,4.12,1,1,4.12,Medium Value,One-time (1)
xeu19v6g,4.12,1,1,4.12,Medium Value,One-time (1)
xitu1jx2,4.12,1,2,4.12,Medium Value,One-time (1)
ofqqjlj1,4.12,1,1,4.12,Medium Value,One-time (1)
ehjefnok,4.12,1,1,4.12,Medium Value,One-time (1)
v4x0guug,4.12,1,1,4.12,Medium Value,One-time (1)
jelfqja1,4.12,1,1,4.12,Medium Value,One-time (1)
nvjac9fs,4.12,1,1,4.12,Medium Value,One-time (1)
egzaz3h6,4.12,1,2,4.12,Medium Value,One-time (1)
zxi48l6p,4.12,1,1,4.12,Medium Value,One-time (1)
akm9g6nx,4.12,1,2,4.12,Medium Value,One-time (1)
9s2ko58m,4.12,1,1,4.12,Medium Value,One-time (1)
z3y2em9z,4.12,1,2,4.12,Medium Value,One-time (1)
8fc0s9v6,4.12,1,1,4.12,Medium Value,One-time (1)
4nukc660,4.12,1,1,4.12,Medium Value,One-time (1)
2539z5bh,4.12,1,1,4.12,Medium Value,One-time (1)
t87yml0x,4.12,1,1,4.12,Medium Value,One-time (1)
2zwsednp,4.12,1,1,4.12,Medium Value,One-time (1)
vm70p4tf,4.12,1,1,4.12,Medium Value,One-time (1)
zuxmqiu0,4.12,1,1,4.12,Medium Value,One-time (1)
lro1ullq,4.12,1,1,4.12,Medium Value,One-time (1)
u3nfkqke,4.12,1,1,4.12,Medium Value,One-time (1)
7cmngrmm,4.12,1,1,4.12,Medium Value,One-time (1)
sb6gbcuy,4.12,1,1,4.12,Medium Value,One-time (1)
9oyfnj31,4.12,1,1,4.12,Medium Value,One-time (1)
121608lo,4.12,1,1,4.12,Medium Value,One-time (1)
vf190i89,4.12,1,2,4.12,Medium Value,One-time (1)
g4hva7ia,4.12,1,1,4.12,Medium Value,One-time (1)
e8e5tnlz,4.11,1,1,4.11,Medium Value,One-time (1)
nexfd90l,4.11,1,1,4.11,Medium Value,One-time (1)
f3twa36y,4.11,1,1,4.11,Medium Value,One-time (1)
fwrnj162,4.11,1,1,4.11,Medium Value,One-time (1)
fdjiyfig,4.11,1,1,4.11,Medium Value,One-time (1)
dx0bfajg,4.11,1,1,4.11,Medium Value,One-time (1)
x7zkv7tm,4.11,1,1,4.11,Medium Value,One-time (1)
ys1j2gn8,4.11,1,1,4.11,Medium Value,One-time (1)
f3dysf1w,4.11,1,1,4.11,Medium Value,One-time (1)
ditnevoa,4.11,1,1,4.11,Medium Value,One-time (1)
d5qg6x90,4.11,1,1,4.11,Medium Value,One-time (1)
zz2pshd5,4.11,1,1,4.11,Medium Value,One-time (1)
ke2ojb5u,4.11,1,1,4.11,Medium Value,One-time (1)
cz1wj2ib,4.11,1,1,4.11,Medium Value,One-time (1)
7dqg2d7p,4.1,1,1,4.1,Medium Value,One-time (1)
09pxwj9y,4.1,1,2,4.1,Medium Value,One-time (1)
oospbp38,4.1,1,2,4.1,Medium Value,One-time (1)
coanpjll,4.1,1,2,4.1,Medium Value,One-time (1)
04jo8wt1,4.1,1,1,4.1,Medium Value,One-time (1)
d5twrqly,4.1,1,2,4.1,Medium Value,One-time (1)
52i36lme,4.1,1,1,4.1,Medium Value,One-time (1)
8a762cka,4.1,1,2,4.1,Medium Value,One-time (1)
glti1mmb,4.1,1,1,4.1,Medium Value,One-time (1)
th7sg2e6,4.1,1,2,4.1,Medium Value,One-time (1)
0nzoevvd,4.1,1,2,4.1,Medium Value,One-time (1)
j3tg80qn,4.1,1,2,4.1,Medium Value,One-time (1)
l48297gb,4.1,1,2,4.1,Medium Value,One-time (1)
26objr13,4.1,1,1,4.1,Medium Value,One-time (1)
aozveumr,4.1,1,1,4.1,Medium Value,One-time (1)
01erjace,4.1,1,1,4.1,Medium Value,One-time (1)
te92srl3,4.1,1,1,4.1,Medium Value,One-time (1)
dgdbrnid,4.1,1,1,4.1,Medium Value,One-time (1)
goenjx1k,4.1,1,2,4.1,Medium Value,One-time (1)
4uy9nxg6,4.1,1,2,4.1,Medium Value,One-time (1)
lsnm3t1x,4.1,1,2,4.1,Medium Value,One-time (1)
2jz9rc2m,4.1,1,1,4.1,Medium Value,One-time (1)
kesm2l1d,4.1,1,2,4.1,Medium Value,One-time (1)
tpq8fkzr,4.1,1,1,4.1,Medium Value,One-time (1)
ms4yvogg,4.1,1,2,4.1,Medium Value,One-time (1)
zfqkidca,4.1,1,2,4.1,Medium Value,One-time (1)
vgr99v1t,4.1,1,1,4.1,Medium Value,One-time (1)
o9lywpdl,4.1,1,1,4.1,Medium Value,One-time (1)
em0lmpr5,4.1,1,2,4.1,Medium Value,One-time (1)
sn01gk0b,4.1,1,2,4.1,Medium Value,One-time (1)
030wpsg9,4.1,1,2,4.1,Medium Value,One-time (1)
uqa97kku,4.1,1,2,4.1,Medium Value,One-time (1)
jgrec3ki,4.1,1,1,4.1,Medium Value,One-time (1)
ocxq1brj,4.1,1,2,4.1,Medium Value,One-time (1)
huryx61o,4.1,1,1,4.1,Medium Value,One-time (1)
qd10zz3n,4.1,1,2,4.1,Medium Value,One-time (1)
d9v14ctr,4.1,1,1,4.1,Medium Value,One-time (1)
hcrg7zsi,4.1,1,2,4.1,Medium Value,One-time (1)
kuqbkl6r,4.1,1,1,4.1,Medium Value,One-time (1)
dhgh2twq,4.1,1,1,4.1,Medium Value,One-time (1)
wc878f2c,4.1,1,1,4.1,Medium Value,One-time (1)
hxcbl04g,4.1,1,1,4.1,Medium Value,One-time (1)
iv91bvcz,4.1,1,1,4.1,Medium Value,One-time (1)
b7rbg7ug,4.1,1,1,4.1,Medium Value,One-time (1)
kzbpn3wc,4.1,1,2,4.1,Medium Value,One-time (1)
hgh5xw6t,4.1,1,1,4.1,Medium Value,One-time (1)
08vurm0x,4.1,1,1,4.1,Medium Value,One-time (1)
2yl3iesf,4.1,1,1,4.1,Medium Value,One-time (1)
x4b8kkjw,4.1,1,2,4.1,Medium Value,One-time (1)
fm9vgdq4,4.1,1,1,4.1,Medium Value,One-time (1)
yyjn819n,4.1,1,2,4.1,Medium Value,One-time (1)
oas4d4ir,4.1,1,1,4.1,Medium Value,One-time (1)
uxgveget,4.1,1,1,4.1,Medium Value,One-time (1)
m84pp45n,4.1,1,2,4.1,Medium Value,One-time (1)
c1z7b2lp,4.1,1,2,4.1,Medium Value,One-time (1)
7dm2d1uv,4.1,1,1,4.1,Medium Value,One-time (1)
15le936x,4.1,1,1,4.1,Medium Value,One-time (1)
s3sxjfgb,4.1,1,2,4.1,Medium Value,One-time (1)
yq8mwoiq,4.1,1,2,4.1,Medium Value,One-time (1)
fknk7rpv,4.1,1,2,4.1,Medium Value,One-time (1)
kjamd7pg,4.1,1,2,4.1,Medium Value,One-time (1)
hiawb73b,4.1,1,1,4.1,Medium Value,One-time (1)
7an4cr0w,4.1,1,1,4.1,Medium Value,One-time (1)
2d1y6sqt,4.1,1,1,4.1,Medium Value,One-time (1)
buwnpsos,4.1,1,1,4.1,Medium Value,One-time (1)
sdezp6wd,4.1,1,2,4.1,Medium Value,One-time (1)
7ilgl7gs,4.1,1,1,4.1,Medium Value,One-time (1)
4jrau6yd,4.1,1,1,4.1,Medium Value,One-time (1)
5iv86zp1,4.1,1,1,4.1,Medium Value,One-time (1)
zchoz2u2,4.1,1,1,4.1,Medium Value,One-time (1)
zf1xrr4g,4.1,1,1,4.1,Medium Value,One-time (1)
d28sp8dt,4.1,1,1,4.1,Medium Value,One-time (1)
g0deb0iw,4.1,1,1,4.1,Medium Value,One-time (1)
rg4x0j7z,4.1,1,2,4.1,Medium Value,One-time (1)
j87391o3,4.1,1,2,4.1,Medium Value,One-time (1)
sgkkt3te,4.1,1,2,4.1,Medium Value,One-time (1)
o4kw0fv2,4.1,1,2,4.1,Medium Value,One-time (1)
gypblv1q,4.1,1,2,4.1,Medium Value,One-time (1)
0099kdgx,4.1,1,1,4.1,Medium Value,One-time (1)
3w7crykw,4.1,1,1,4.1,Medium Value,One-time (1)
pwsef6y4,4.1,1,1,4.1,Medium Value,One-time (1)
5pt6ywk7,4.1,1,1,4.1,Medium Value,One-time (1)
7js6nygz,4.1,1,2,4.1,Medium Value,One-time (1)
6ui898jb,4.1,1,1,4.1,Medium Value,One-time (1)
ogh9avy8,4.1,1,2,4.1,Medium Value,One-time (1)
o030p8bw,4.1,1,2,4.1,Medium Value,One-time (1)
sxsrfqt2,4.1,1,1,4.1,Medium Value,One-time (1)
4dkkwces,4.1,1,1,4.1,Medium Value,One-time (1)
r05i50qq,4.1,1,1,4.1,Medium Value,One-time (1)
7lpcb1yj,4.1,1,1,4.1,Medium Value,One-time (1)
mg0c7w6x,4.1,1,1,4.1,Medium Value,One-time (1)
qpsb4nih,4.09,1,1,4.09,Medium Value,One-time (1)
wetuosmu,4.08,1,1,4.08,Medium Value,One-time (1)
o94qs20c,4.08,1,1,4.08,Medium Value,One-time (1)
9iy0ea05,4.08,1,1,4.08,Medium Value,One-time (1)
fmld087o,4.08,1,2,4.08,Medium Value,One-time (1)
cgy9hic4,4.07,1,1,4.07,Medium Value,One-time (1)
zxygave1,4.07,1,1,4.07,Medium Value,One-time (1)
cpnp8pfz,4.07,1,1,4.07,Medium Value,One-time (1)
6kt8nomt,4.07,1,1,4.07,Medium Value,One-time (1)
sj26m1uc,4.07,1,1,4.07,Medium Value,One-time (1)
9np3tew6,4.07,1,1,4.07,Medium Value,One-time (1)
84am7fl9,4.07,1,1,4.07,Medium Value,One-time (1)
avu0l6uh,4.06,1,1,4.06,Medium Value,One-time (1)
d52dnv69,4.06,1,1,4.06,Medium Value,One-time (1)
1ml1xfk7,4.06,1,1,4.06,Medium Value,One-time (1)
2qrf0tza,4.06,1,1,4.06,Medium Value,One-time (1)
a2wq0giv,4.06,1,2,4.06,Medium Value,One-time (1)
538o0cwm,4.06,1,1,4.06,Medium Value,One-time (1)
7ddhum8g,4.06,1,1,4.06,Medium Value,One-time (1)
z6d86zch,4.06,1,1,4.06,Medium Value,One-time (1)
y3lxp4ud,4.06,1,1,4.06,Medium Value,One-time (1)
ygiggvcr,4.06,1,1,4.06,Medium Value,One-time (1)
aif3z45o,4.06,1,1,4.06,Medium Value,One-time (1)
cm60064w,4.06,1,2,4.06,Medium Value,One-time (1)
ln9zcadn,4.06,1,1,4.06,Medium Value,One-time (1)
jel49vy9,4.05,1,1,4.05,Medium Value,One-time (1)
1f6f7byx,4.05,1,1,4.05,Medium Value,One-time (1)
ajjhppak,4.05,1,1,4.05,Medium Value,One-time (1)
sjpoyncc,4.05,1,1,4.05,Medium Value,One-time (1)
u9ah69wz,4.05,1,2,4.05,Medium Value,One-time (1)
oqpry2nn,4.05,1,1,4.05,Medium Value,One-time (1)
rhflndgk,4.05,1,1,4.05,Medium Value,One-time (1)
rotwfox9,4.05,1,1,4.05,Medium Value,One-time (1)
xm0izxt1,4.05,1,1,4.05,Medium Value,One-time (1)
33qfztob,4.05,1,1,4.05,Medium Value,One-time (1)
qlrym98c,4.05,1,1,4.05,Medium Value,One-time (1)
7zuzkxxw,4.05,1,1,4.05,Medium Value,One-time (1)
xnzmu732,4.05,1,1,4.05,Medium Value,One-time (1)
0n1agzwc,4.05,1,1,4.05,Medium Value,One-time (1)
6zqopy7u,4.05,1,1,4.05,Medium Value,One-time (1)
rpuyd6i5,4.05,1,1,4.05,Medium Value,One-time (1)
otvjhi3y,4.05,1,1,4.05,Medium Value,One-time (1)
qss2lwt7,4.05,1,1,4.05,Medium Value,One-time (1)
s1mwqoit,4.05,1,1,4.05,Medium Value,One-time (1)
rke0acvb,4.05,1,1,4.05,Medium Value,One-time (1)
vwrfe2f5,4.05,1,1,4.05,Medium Value,One-time (1)
kij7u53f,4.05,1,1,4.05,Medium Value,One-time (1)
xenln215,4.05,1,1,4.05,Medium Value,One-time (1)
8ynkbda5,4.05,1,1,4.05,Medium Value,One-time (1)
fxudk6ma,4.05,1,1,4.05,Medium Value,One-time (1)
jro111i4,4.05,1,1,4.05,Medium Value,One-time (1)
5gaxxsac,4.05,1,1,4.05,Medium Value,One-time (1)
7jxxnu2f,4.05,1,1,4.05,Medium Value,One-time (1)
18wltvtw,4.05,1,1,4.05,Medium Value,One-time (1)
p0kp3u5j,4.05,1,1,4.05,Medium Value,One-time (1)
lga3yajg,4.05,1,1,4.05,Medium Value,One-time (1)
e5ezdqvs,4.05,1,1,4.05,Medium Value,One-time (1)
yyerm9e4,4.05,1,1,4.05,Medium Value,One-time (1)
wdf1d1o0,4.05,1,1,4.05,Medium Value,One-time (1)
mqz5yo5k,4.05,1,1,4.05,Medium Value,One-time (1)
lea626ob,4.05,1,1,4.05,Medium Value,One-time (1)
1dzoestz,4.05,1,1,4.05,Medium Value,One-time (1)
cwpv3tib,4.05,1,1,4.05,Medium Value,One-time (1)
0r1s8def,4.05,1,1,4.05,Medium Value,One-time (1)
wtm7vmq0,4.05,1,1,4.05,Medium Value,One-time (1)
m6v5e365,4.05,1,1,4.05,Medium Value,One-time (1)
mczavyf8,4.05,1,1,4.05,Medium Value,One-time (1)
e4k4id4p,4.05,1,1,4.05,Medium Value,One-time (1)
kgxp7jk9,4.05,1,1,4.05,Medium Value,One-time (1)
qnw8uvtz,4.04,1,2,4.04,Medium Value,One-time (1)
7mvmqf4c,4.04,1,2,4.04,Medium Value,One-time (1)
i22mftjr,4.04,1,2,4.04,Medium Value,One-time (1)
56iger0u,4.04,1,2,4.04,Medium Value,One-time (1)
5d3nmyb4,4.03,1,1,4.03,Medium Value,One-time (1)
85n0ej6g,4.03,1,1,4.03,Medium Value,One-time (1)
gdmd2jw9,4.03,1,1,4.03,Medium Value,One-time (1)
48phe60c,4.03,1,1,4.03,Medium Value,One-time (1)
fr0jtpap,4.02,1,1,4.02,Medium Value,One-time (1)
wa0vltrs,4.02,1,1,4.02,Medium Value,One-time (1)
2dtyd7w9,4.02,1,2,4.02,Medium Value,One-time (1)
vyc6issr,4.02,1,1,4.02,Medium Value,One-time (1)
yey25s44,4.02,1,1,4.02,Medium Value,One-time (1)
v8qd1aph,4.02,1,1,4.02,Medium Value,One-time (1)
5gro9x49,4.02,1,1,4.02,Medium Value,One-time (1)
44k2srqf,4.02,1,1,4.02,Medium Value,One-time (1)
ndhmpzf7,4.02,1,1,4.02,Medium Value,One-time (1)
s3dz3vym,4.02,1,1,4.02,Medium Value,One-time (1)
05b7sx06,4.02,1,1,4.02,Medium Value,One-time (1)
6jnnuglc,4.02,1,1,4.02,Medium Value,One-time (1)
7wu5s3tr,4.02,1,1,4.02,Medium Value,One-time (1)
fwbeby4u,4.02,1,2,4.02,Medium Value,One-time (1)
3meb8ckz,4.02,1,1,4.02,Medium Value,One-time (1)
22oyvxpa,4.02,1,1,4.02,Medium Value,One-time (1)
7sw2qj7y,4.02,1,1,4.02,Medium Value,One-time (1)
gxryso6i,4.01,1,1,4.01,Medium Value,One-time (1)
tp1uvxw2,4.01,1,1,4.01,Medium Value,One-time (1)
tsujt70y,4.01,1,1,4.01,Medium Value,One-time (1)
6i5nfmp3,4.01,1,1,4.01,Medium Value,One-time (1)
57r8ljib,4.01,1,1,4.01,Medium Value,One-time (1)
dedl6p23,4.01,1,1,4.01,Medium Value,One-time (1)
hzoxej6e,4.01,1,1,4.01,Medium Value,One-time (1)
734ys2dg,4.0,1,1,4.0,Medium Value,One-time (1)
hew7qk9x,4.0,1,1,4.0,Medium Value,One-time (1)
hj99b8be,4.0,1,1,4.0,Medium Value,One-time (1)
30p8z5er,4.0,1,1,4.0,Medium Value,One-time (1)
c6fi6ou0,4.0,1,2,4.0,Medium Value,One-time (1)
7v0795hl,4.0,1,2,4.0,Medium Value,One-time (1)
1frzie5i,4.0,1,1,4.0,Medium Value,One-time (1)
hh0d65b6,4.0,1,1,4.0,Medium Value,One-time (1)
u9hofa3s,4.0,1,1,4.0,Medium Value,One-time (1)
czu2zrmn,4.0,1,2,4.0,Medium Value,One-time (1)
88mfwgrc,4.0,1,1,4.0,Medium Value,One-time (1)
zppep69n,4.0,1,1,4.0,Medium Value,One-time (1)
ctmljnfh,4.0,1,1,4.0,Medium Value,One-time (1)
1g9c38hs,4.0,1,1,4.0,Medium Value,One-time (1)
bd9d425w,4.0,1,1,4.0,Medium Value,One-time (1)
oifzhrtn,4.0,1,1,4.0,Medium Value,One-time (1)
g4yewklr,4.0,1,2,4.0,Medium Value,One-time (1)
adg9tmwb,4.0,1,1,4.0,Medium Value,One-time (1)
t2071h6q,4.0,1,1,4.0,Medium Value,One-time (1)
atpqoe0e,4.0,1,1,4.0,Medium Value,One-time (1)
d3nr62hg,4.0,1,2,4.0,Medium Value,One-time (1)
zfbz0r9q,4.0,1,1,4.0,Medium Value,One-time (1)
vt6kaci4,4.0,1,2,4.0,Medium Value,One-time (1)
8flmss4a,4.0,1,1,4.0,Medium Value,One-time (1)
oxgmmlny,4.0,1,1,4.0,Medium Value,One-time (1)
e5ghplcg,4.0,1,1,4.0,Medium Value,One-time (1)
wmqzahct,4.0,1,1,4.0,Medium Value,One-time (1)
yll7gwgi,4.0,1,1,4.0,Medium Value,One-time (1)
ybui8olk,4.0,1,1,4.0,Medium Value,One-time (1)
uhfz8g4w,4.0,1,1,4.0,Medium Value,One-time (1)
cdq5ks66,4.0,1,1,4.0,Medium Value,One-time (1)
wrkrd4m0,4.0,1,1,4.0,Medium Value,One-time (1)
s1za1gee,4.0,1,1,4.0,Medium Value,One-time (1)
1xwkz2ie,4.0,1,1,4.0,Medium Value,One-time (1)
h4tsyo5g,4.0,1,1,4.0,Medium Value,One-time (1)
frl9keda,4.0,1,1,4.0,Medium Value,One-time (1)
38tki3ar,4.0,1,1,4.0,Medium Value,One-time (1)
bx7xum81,4.0,1,1,4.0,Medium Value,One-time (1)
ik31qggx,4.0,1,1,4.0,Medium Value,One-time (1)
6v9tjnsl,4.0,1,1,4.0,Medium Value,One-time (1)
qit0ehfq,4.0,1,1,4.0,Medium Value,One-time (1)
wvzp0j36,4.0,1,1,4.0,Medium Value,One-time (1)
rhax4wkt,4.0,1,1,4.0,Medium Value,One-time (1)
x2czeqfc,4.0,1,1,4.0,Medium Value,One-time (1)
ja7rr1mb,4.0,1,1,4.0,Medium Value,One-time (1)
yce5f2mi,4.0,1,1,4.0,Medium Value,One-time (1)
jzfyjfp9,4.0,1,1,4.0,Medium Value,One-time (1)
kk71pt3a,4.0,1,1,4.0,Medium Value,One-time (1)
08aduei0,4.0,1,1,4.0,Medium Value,One-time (1)
i887vb5u,4.0,1,1,4.0,Medium Value,One-time (1)
mm5o04v3,4.0,1,1,4.0,Medium Value,One-time (1)
lv5gdwfq,4.0,1,1,4.0,Medium Value,One-time (1)
2p5ic0m3,4.0,1,1,4.0,Medium Value,One-time (1)
otroo7fb,4.0,1,1,4.0,Medium Value,One-time (1)
dtamhitp,4.0,1,1,4.0,Medium Value,One-time (1)
0ydmsm7t,4.0,1,1,4.0,Medium Value,One-time (1)
mm3pxv5v,4.0,1,1,4.0,Medium Value,One-time (1)
zcrv21om,4.0,1,1,4.0,Medium Value,One-time (1)
jr7yt3hs,4.0,1,2,4.0,Medium Value,One-time (1)
tl4vcjuf,4.0,1,2,4.0,Medium Value,One-time (1)
h5vpj52s,3.99,1,1,3.99,Medium Value,One-time (1)
qhwm4fnq,3.99,1,1,3.99,Medium Value,One-time (1)
7z8o5xjn,3.99,1,1,3.99,Medium Value,One-time (1)
brwtgx7y,3.99,1,1,3.99,Medium Value,One-time (1)
exv18znj,3.99,1,1,3.99,Medium Value,One-time (1)
yr6iagy9,3.99,1,1,3.99,Medium Value,One-time (1)
r4ea9bxx,3.99,1,1,3.99,Medium Value,One-time (1)
vzs9hysv,3.99,1,1,3.99,Medium Value,One-time (1)
tjbhn8pu,3.99,1,1,3.99,Medium Value,One-time (1)
8ylegt5u,3.99,1,1,3.99,Medium Value,One-time (1)
tgpv4hmr,3.99,1,1,3.99,Medium Value,One-time (1)
re4ld95o,3.99,1,1,3.99,Medium Value,One-time (1)
82esvxys,3.99,1,1,3.99,Medium Value,One-time (1)
1gfd1ti1,3.99,1,1,3.99,Medium Value,One-time (1)
d0w646aw,3.99,1,1,3.99,Medium Value,One-time (1)
w3p459kg,3.99,1,1,3.99,Medium Value,One-time (1)
kvqywj85,3.99,1,1,3.99,Medium Value,One-time (1)
hlo7g4sf,3.99,1,1,3.99,Medium Value,One-time (1)
omgmyfs6,3.99,1,1,3.99,Medium Value,One-time (1)
ibjzp97b,3.99,1,1,3.99,Medium Value,One-time (1)
6tepwxfy,3.99,1,1,3.99,Medium Value,One-time (1)
4welin3i,3.99,1,1,3.99,Medium Value,One-time (1)
hr9t9cd1,3.99,1,1,3.99,Medium Value,One-time (1)
jb4ed80o,3.99,1,1,3.99,Medium Value,One-time (1)
mcrc4x2l,3.99,1,1,3.99,Medium Value,One-time (1)
5jhgxqll,3.98,1,1,3.98,Medium Value,One-time (1)
jm4b5z41,3.98,1,1,3.98,Medium Value,One-time (1)
tqvchwwo,3.98,1,1,3.98,Medium Value,One-time (1)
pfibkusp,3.98,1,1,3.98,Medium Value,One-time (1)
c6pf8qob,3.98,1,1,3.98,Medium Value,One-time (1)
gujfbmgm,3.98,1,1,3.98,Medium Value,One-time (1)
49nc9a1x,3.98,1,1,3.98,Medium Value,One-time (1)
3e5e45bz,3.98,1,1,3.98,Medium Value,One-time (1)
5jtls5ng,3.98,1,1,3.98,Medium Value,One-time (1)
hcenhikh,3.98,1,1,3.98,Medium Value,One-time (1)
i50fg0nt,3.98,1,1,3.98,Medium Value,One-time (1)
5wus3yku,3.98,1,1,3.98,Medium Value,One-time (1)
had7dezw,3.98,1,1,3.98,Medium Value,One-time (1)
mo90ijom,3.98,1,1,3.98,Medium Value,One-time (1)
7d2dey5x,3.98,1,1,3.98,Medium Value,One-time (1)
a915kxsx,3.98,1,1,3.98,Medium Value,One-time (1)
alra1a35,3.98,1,1,3.98,Medium Value,One-time (1)
j80h8se5,3.98,1,1,3.98,Medium Value,One-time (1)
c317m3si,3.98,1,1,3.98,Medium Value,One-time (1)
uo3q500h,3.98,1,1,3.98,Medium Value,One-time (1)
0372i8vb,3.98,1,1,3.98,Medium Value,One-time (1)
t33bnrkw,3.98,1,1,3.98,Medium Value,One-time (1)
2fdlahgr,3.98,1,1,3.98,Medium Value,One-time (1)
9ee9x07a,3.98,1,1,3.98,Medium Value,One-time (1)
jf427r74,3.98,1,1,3.98,Medium Value,One-time (1)
lzsgert5,3.98,1,1,3.98,Medium Value,One-time (1)
weaf9wkn,3.98,1,1,3.98,Medium Value,One-time (1)
va81fswe,3.98,1,1,3.98,Medium Value,One-time (1)
tmrfdi4j,3.98,1,1,3.98,Medium Value,One-time (1)
40mpoxo2,3.98,1,1,3.98,Medium Value,One-time (1)
5ta10tl5,3.98,1,1,3.98,Medium Value,One-time (1)
aq6glpgu,3.98,1,1,3.98,Medium Value,One-time (1)
i2k7mb72,3.98,1,1,3.98,Medium Value,One-time (1)
k0vgz6t0,3.98,1,1,3.98,Medium Value,One-time (1)
d5u2nkmb,3.98,1,1,3.98,Medium Value,One-time (1)
n1lg0t9n,3.98,1,1,3.98,Medium Value,One-time (1)
3334i2lw,3.98,1,1,3.98,Medium Value,One-time (1)
xuh5rwu8,3.97,1,1,3.97,Medium Value,One-time (1)
2g6emjw2,3.97,1,1,3.97,Medium Value,One-time (1)
o42q4oeb,3.97,1,1,3.97,Medium Value,One-time (1)
tcp4oyxr,3.97,1,1,3.97,Medium Value,One-time (1)
g0v69kc0,3.97,1,2,3.97,Medium Value,One-time (1)
87zvaubs,3.97,1,1,3.97,Medium Value,One-time (1)
3q1cjbjl,3.97,1,1,3.97,Medium Value,One-time (1)
nx2gsizd,3.97,1,1,3.97,Medium Value,One-time (1)
dc3y53zb,3.97,1,1,3.97,Medium Value,One-time (1)
innc8r0w,3.97,1,1,3.97,Medium Value,One-time (1)
0cd46xts,3.97,1,1,3.97,Medium Value,One-time (1)
ywp2poyk,3.97,1,1,3.97,Medium Value,One-time (1)
1zcjxfxv,3.97,1,1,3.97,Medium Value,One-time (1)
h68doz2k,3.97,1,1,3.97,Medium Value,One-time (1)
oxhzq8iw,3.97,1,1,3.97,Medium Value,One-time (1)
r8emy0ty,3.97,1,1,3.97,Medium Value,One-time (1)
4qqvwst5,3.97,1,1,3.97,Medium Value,One-time (1)
q5vz3twr,3.97,1,1,3.97,Medium Value,One-time (1)
pwvcyp84,3.97,1,1,3.97,Medium Value,One-time (1)
ol0qxv71,3.97,1,1,3.97,Medium Value,One-time (1)
mwyzao8u,3.97,1,1,3.97,Medium Value,One-time (1)
mx1xqzee,3.97,1,1,3.97,Medium Value,One-time (1)
g8u0d1t5,3.97,1,1,3.97,Medium Value,One-time (1)
wodo8p2b,3.97,1,1,3.97,Medium Value,One-time (1)
2v8gh1s6,3.96,1,1,3.96,Medium Value,One-time (1)
534cmfnp,3.96,1,1,3.96,Medium Value,One-time (1)
c2f0fvuy,3.96,1,1,3.96,Medium Value,One-time (1)
6po0m24u,3.96,1,1,3.96,Medium Value,One-time (1)
27haaw7v,3.96,1,1,3.96,Medium Value,One-time (1)
j8yinrvr,3.96,1,1,3.96,Medium Value,One-time (1)
bigapbsu,3.96,1,1,3.96,Medium Value,One-time (1)
fpwidfsr,3.96,1,2,3.96,Medium Value,One-time (1)
oi5yftgd,3.96,1,1,3.96,Medium Value,One-time (1)
3zzy4d8e,3.96,1,1,3.96,Medium Value,One-time (1)
v5lngc6d,3.96,1,1,3.96,Medium Value,One-time (1)
ol4iispa,3.96,1,1,3.96,Medium Value,One-time (1)
kvfejy2y,3.96,1,1,3.96,Medium Value,One-time (1)
6aic1dw3,3.96,1,1,3.96,Medium Value,One-time (1)
zs9mthd3,3.96,2,2,1.98,Medium Value,Occasional (2-3)
ajtpw0jj,3.96,1,2,3.96,Medium Value,One-time (1)
6z3a8w3g,3.96,1,1,3.96,Medium Value,One-time (1)
b481ur0r,3.96,1,1,3.96,Medium Value,One-time (1)
15abzua3,3.96,1,1,3.96,Medium Value,One-time (1)
aufvlvdr,3.96,1,1,3.96,Medium Value,One-time (1)
9g2c2350,3.96,1,1,3.96,Medium Value,One-time (1)
ci4oqytl,3.96,1,1,3.96,Medium Value,One-time (1)
4uw2aww7,3.96,1,1,3.96,Medium Value,One-time (1)
3ca2nox8,3.96,1,1,3.96,Medium Value,One-time (1)
fcb77t9i,3.96,1,1,3.96,Medium Value,One-time (1)
1isruvjx,3.96,1,1,3.96,Medium Value,One-time (1)
mtwgbe23,3.96,1,1,3.96,Medium Value,One-time (1)
4jouk9s4,3.96,1,1,3.96,Medium Value,One-time (1)
43wy12g4,3.96,1,1,3.96,Medium Value,One-time (1)
e30h2dmn,3.96,1,1,3.96,Medium Value,One-time (1)
37d8fglk,3.96,1,1,3.96,Medium Value,One-time (1)
lmhwh5b3,3.96,1,1,3.96,Medium Value,One-time (1)
2xwgog79,3.95,1,1,3.95,Medium Value,One-time (1)
end1ba9d,3.95,1,1,3.95,Medium Value,One-time (1)
okypggnx,3.95,1,1,3.95,Medium Value,One-time (1)
emiv9zwk,3.95,1,1,3.95,Medium Value,One-time (1)
k1nqmis1,3.95,1,1,3.95,Medium Value,One-time (1)
0bcpegtc,3.95,1,1,3.95,Medium Value,One-time (1)
fqrdi9wl,3.95,1,1,3.95,Medium Value,One-time (1)
6e0fnams,3.95,1,1,3.95,Medium Value,One-time (1)
zswvl3kj,3.95,1,1,3.95,Medium Value,One-time (1)
7od9q5tn,3.95,1,1,3.95,Medium Value,One-time (1)
3lxv90vc,3.95,1,1,3.95,Medium Value,One-time (1)
omklqvnr,3.95,1,1,3.95,Medium Value,One-time (1)
prxgz58p,3.95,1,1,3.95,Medium Value,One-time (1)
a6r7eii2,3.95,1,1,3.95,Medium Value,One-time (1)
4biobcjx,3.95,1,1,3.95,Medium Value,One-time (1)
rnrwgde2,3.95,1,1,3.95,Medium Value,One-time (1)
pjb4ip9y,3.95,1,1,3.95,Medium Value,One-time (1)
9dzhjloy,3.95,1,1,3.95,Medium Value,One-time (1)
tp99dz4c,3.95,1,1,3.95,Medium Value,One-time (1)
6p57veb6,3.94,1,1,3.94,Medium Value,One-time (1)
urid3u94,3.93,1,1,3.93,Medium Value,One-time (1)
el8mwob4,3.93,1,1,3.93,Medium Value,One-time (1)
9z6pahxe,3.93,1,1,3.93,Medium Value,One-time (1)
dfwg52h2,3.93,1,1,3.93,Medium Value,One-time (1)
ero3t54m,3.93,1,1,3.93,Medium Value,One-time (1)
z9fwna2o,3.93,1,1,3.93,Medium Value,One-time (1)
1vyw5rww,3.93,1,1,3.93,Medium Value,One-time (1)
gqhq319u,3.93,1,1,3.93,Medium Value,One-time (1)
qh9a5zjk,3.93,1,1,3.93,Medium Value,One-time (1)
ggpxgn7s,3.93,1,1,3.93,Medium Value,One-time (1)
o6wrxyl8,3.93,1,1,3.93,Medium Value,One-time (1)
kl6wvoqv,3.93,1,1,3.93,Medium Value,One-time (1)
4589d1hq,3.93,1,1,3.93,Medium Value,One-time (1)
bz0uemsk,3.93,1,1,3.93,Medium Value,One-time (1)
92f2cnzm,3.93,1,1,3.93,Medium Value,One-time (1)
4llutbgj,3.93,1,1,3.93,Medium Value,One-time (1)
zjln758x,3.93,1,1,3.93,Medium Value,One-time (1)
06ms0nj7,3.93,1,1,3.93,Medium Value,One-time (1)
v3xcs8ce,3.93,1,1,3.93,Medium Value,One-time (1)
jq3d8kgj,3.93,1,1,3.93,Medium Value,One-time (1)
xkpkeloy,3.93,1,1,3.93,Medium Value,One-time (1)
7m9igt0e,3.93,1,1,3.93,Medium Value,One-time (1)
li3rep5r,3.93,1,1,3.93,Medium Value,One-time (1)
64e4o5lo,3.93,1,1,3.93,Medium Value,One-time (1)
z5bk7f62,3.93,1,1,3.93,Medium Value,One-time (1)
ivbig5m1,3.93,1,1,3.93,Medium Value,One-time (1)
krltaat0,3.93,1,1,3.93,Medium Value,One-time (1)
7jwjr1cb,3.93,1,1,3.93,Medium Value,One-time (1)
lg9w3877,3.93,1,1,3.93,Medium Value,One-time (1)
686ofj5p,3.93,1,1,3.93,Medium Value,One-time (1)
idmgu4sw,3.93,1,1,3.93,Medium Value,One-time (1)
fvhvd0g6,3.93,1,1,3.93,Medium Value,One-time (1)
wxa5x7hv,3.92,1,1,3.92,Medium Value,One-time (1)
9esmhkn4,3.92,1,1,3.92,Medium Value,One-time (1)
n0j8i3t1,3.92,1,2,3.92,Medium Value,One-time (1)
cdrrnkpn,3.92,1,1,3.92,Medium Value,One-time (1)
mchcvlcr,3.92,1,2,3.92,Medium Value,One-time (1)
s1yq6t0o,3.92,1,1,3.92,Medium Value,One-time (1)
pgc2puzu,3.92,1,1,3.92,Medium Value,One-time (1)
nq881zs6,3.92,1,1,3.92,Medium Value,One-time (1)
9iy8g4du,3.92,1,1,3.92,Medium Value,One-time (1)
9qwrfeg7,3.92,1,1,3.92,Medium Value,One-time (1)
6mpavg8h,3.92,1,1,3.92,Medium Value,One-time (1)
8z58b7sv,3.92,1,1,3.92,Medium Value,One-time (1)
p8bkv3e6,3.92,1,2,3.92,Medium Value,One-time (1)
6g0t2td1,3.92,1,1,3.92,Medium Value,One-time (1)
ip1r9bdg,3.92,1,1,3.92,Medium Value,One-time (1)
gfzyo6wc,3.92,1,1,3.92,Medium Value,One-time (1)
23b707rm,3.92,1,1,3.92,Medium Value,One-time (1)
uml5ahfj,3.92,1,1,3.92,Medium Value,One-time (1)
wx25jr0e,3.92,1,1,3.92,Medium Value,One-time (1)
fyaeua9x,3.92,1,1,3.92,Medium Value,One-time (1)
r421u7kb,3.92,1,1,3.92,Medium Value,One-time (1)
hb55bqab,3.92,1,2,3.92,Medium Value,One-time (1)
crgqo3bx,3.92,1,1,3.92,Medium Value,One-time (1)
dahwblpw,3.92,1,1,3.92,Medium Value,One-time (1)
clavbgqm,3.92,1,1,3.92,Medium Value,One-time (1)
5zjaucyh,3.92,1,1,3.92,Medium Value,One-time (1)
xhdw371s,3.92,1,1,3.92,Medium Value,One-time (1)
b1udug40,3.92,1,1,3.92,Medium Value,One-time (1)
w7nbv72i,3.92,1,1,3.92,Medium Value,One-time (1)
gb21pi8m,3.92,1,1,3.92,Medium Value,One-time (1)
0v2weo8e,3.92,1,1,3.92,Medium Value,One-time (1)
0di4c5ez,3.92,1,1,3.92,Medium Value,One-time (1)
kalqhjts,3.92,1,1,3.92,Medium Value,One-time (1)
3kuzx235,3.92,1,1,3.92,Medium Value,One-time (1)
mqw79f7s,3.92,1,1,3.92,Medium Value,One-time (1)
ircvcz8p,3.92,1,1,3.92,Medium Value,One-time (1)
md41wp0k,3.92,1,1,3.92,Medium Value,One-time (1)
5eu2azvf,3.92,1,1,3.92,Medium Value,One-time (1)
uke31g2v,3.92,1,1,3.92,Medium Value,One-time (1)
cudkezwo,3.92,1,1,3.92,Medium Value,One-time (1)
btxiyoxf,3.92,1,1,3.92,Medium Value,One-time (1)
7npnj21i,3.91,1,1,3.91,Medium Value,One-time (1)
z5b7exsd,3.91,1,1,3.91,Medium Value,One-time (1)
y4it7pg5,3.91,1,1,3.91,Medium Value,One-time (1)
zxq5izvm,3.91,1,1,3.91,Medium Value,One-time (1)
144djfip,3.91,1,1,3.91,Medium Value,One-time (1)
bo0c2e4h,3.91,1,1,3.91,Medium Value,One-time (1)
3fhpnflz,3.91,1,1,3.91,Medium Value,One-time (1)
ot2vn5of,3.91,1,1,3.91,Medium Value,One-time (1)
hyxg8wo2,3.91,1,1,3.91,Medium Value,One-time (1)
pc0nv0ql,3.91,1,1,3.91,Medium Value,One-time (1)
l3y23tpx,3.91,1,1,3.91,Medium Value,One-time (1)
lljw7u7i,3.91,1,2,3.91,Medium Value,One-time (1)
5tnbtwfp,3.91,1,1,3.91,Medium Value,One-time (1)
ud35enm1,3.91,1,1,3.91,Medium Value,One-time (1)
d78py60t,3.91,1,1,3.91,Medium Value,One-time (1)
fzma5gnr,3.91,1,1,3.91,Medium Value,One-time (1)
kqbb40va,3.91,1,1,3.91,Medium Value,One-time (1)
k2y276jh,3.91,1,1,3.91,Medium Value,One-time (1)
sgoewuo5,3.91,1,1,3.91,Medium Value,One-time (1)
hzjnhcq0,3.91,1,1,3.91,Medium Value,One-time (1)
slj3b7yr,3.91,1,1,3.91,Medium Value,One-time (1)
etza2849,3.91,1,1,3.91,Medium Value,One-time (1)
tpw39xe6,3.91,1,1,3.91,Medium Value,One-time (1)
34u73gz4,3.91,1,1,3.91,Medium Value,One-time (1)
hnxsgot7,3.91,1,1,3.91,Medium Value,One-time (1)
mdpfgyxw,3.91,1,1,3.91,Medium Value,One-time (1)
dehnrp1w,3.91,1,1,3.91,Medium Value,One-time (1)
bto2ocs9,3.91,1,1,3.91,Medium Value,One-time (1)
v77rmvg8,3.91,1,1,3.91,Medium Value,One-time (1)
mdaxoqon,3.91,1,1,3.91,Medium Value,One-time (1)
o1huxm5m,3.91,1,1,3.91,Medium Value,One-time (1)
py5dj464,3.91,1,1,3.91,Medium Value,One-time (1)
st1tthcq,3.91,1,1,3.91,Medium Value,One-time (1)
35eqo97i,3.91,1,1,3.91,Medium Value,One-time (1)
j6nxtoig,3.91,1,1,3.91,Medium Value,One-time (1)
wmjku52f,3.91,1,1,3.91,Medium Value,One-time (1)
28jmmvtq,3.91,1,1,3.91,Medium Value,One-time (1)
bx4arq0u,3.91,1,1,3.91,Medium Value,One-time (1)
yny1scp9,3.91,1,1,3.91,Medium Value,One-time (1)
s03qpwp7,3.91,1,1,3.91,Medium Value,One-time (1)
4z6o1qr3,3.91,1,2,3.91,Medium Value,One-time (1)
rka62zp5,3.91,1,1,3.91,Medium Value,One-time (1)
9iqzjgi8,3.91,1,1,3.91,Medium Value,One-time (1)
h17jd3lb,3.91,1,1,3.91,Medium Value,One-time (1)
gm9idlep,3.91,1,1,3.91,Medium Value,One-time (1)
t6wbw44e,3.91,1,1,3.91,Medium Value,One-time (1)
qmh224yl,3.91,1,1,3.91,Medium Value,One-time (1)
mmu69jvt,3.91,1,1,3.91,Medium Value,One-time (1)
1x98ujk1,3.91,1,1,3.91,Medium Value,One-time (1)
t0pdlle1,3.91,1,1,3.91,Medium Value,One-time (1)
9fwk8gkv,3.91,1,1,3.91,Medium Value,One-time (1)
nzfx6b85,3.91,1,1,3.91,Medium Value,One-time (1)
5jst01s5,3.91,1,1,3.91,Medium Value,One-time (1)
f84gsfs5,3.89,1,1,3.89,Medium Value,One-time (1)
0qxcdac4,3.89,1,1,3.89,Medium Value,One-time (1)
gmx86d8q,3.89,1,1,3.89,Medium Value,One-time (1)
pb257ay3,3.89,1,1,3.89,Medium Value,One-time (1)
w3wlneds,3.89,1,1,3.89,Medium Value,One-time (1)
12ck87lv,3.89,1,1,3.89,Medium Value,One-time (1)
qkihr4rm,3.89,1,1,3.89,Medium Value,One-time (1)
6exnwzr0,3.89,1,1,3.89,Medium Value,One-time (1)
n3mdrw0g,3.89,1,1,3.89,Medium Value,One-time (1)
9le5adt8,3.89,1,1,3.89,Medium Value,One-time (1)
2xr8z7pt,3.89,1,1,3.89,Medium Value,One-time (1)
rkeynlqh,3.89,1,1,3.89,Medium Value,One-time (1)
64o483x4,3.89,1,1,3.89,Medium Value,One-time (1)
qnfz3pik,3.89,1,1,3.89,Medium Value,One-time (1)
kiiopke3,3.89,1,1,3.89,Medium Value,One-time (1)
ko09e9fl,3.89,1,1,3.89,Medium Value,One-time (1)
oujkwvej,3.89,1,1,3.89,Medium Value,One-time (1)
asqj59vn,3.89,1,1,3.89,Medium Value,One-time (1)
d3irvxd2,3.89,1,1,3.89,Medium Value,One-time (1)
wu66h99d,3.89,1,1,3.89,Medium Value,One-time (1)
tjtp4bld,3.89,1,1,3.89,Medium Value,One-time (1)
5833lyd3,3.89,1,1,3.89,Medium Value,One-time (1)
f9wqq8vb,3.89,1,1,3.89,Medium Value,One-time (1)
nlsqfo4k,3.89,1,1,3.89,Medium Value,One-time (1)
isznq2ve,3.89,1,1,3.89,Medium Value,One-time (1)
a80p685h,3.89,1,1,3.89,Medium Value,One-time (1)
mos7rm80,3.89,1,1,3.89,Medium Value,One-time (1)
ynquh1st,3.89,1,1,3.89,Medium Value,One-time (1)
coqhxdqw,3.89,1,1,3.89,Medium Value,One-time (1)
blp7vsv7,3.89,1,1,3.89,Medium Value,One-time (1)
ila3klhg,3.89,1,1,3.89,Medium Value,One-time (1)
huyzr68r,3.89,1,1,3.89,Medium Value,One-time (1)
kd9jjdnx,3.89,1,1,3.89,Medium Value,One-time (1)
bblk4vx6,3.89,1,1,3.89,Medium Value,One-time (1)
uczh9ier,3.89,1,1,3.89,Medium Value,One-time (1)
q25g0imw,3.89,1,1,3.89,Medium Value,One-time (1)
ity8pqwn,3.89,1,2,3.89,Medium Value,One-time (1)
qtcq2rz5,3.89,1,1,3.89,Medium Value,One-time (1)
318bo7pj,3.89,1,1,3.89,Medium Value,One-time (1)
tp8sfaf2,3.89,1,1,3.89,Medium Value,One-time (1)
3qvqjyga,3.89,1,1,3.89,Medium Value,One-time (1)
yy3233ux,3.89,1,1,3.89,Medium Value,One-time (1)
bpf7q2fs,3.89,1,1,3.89,Medium Value,One-time (1)
s5a70o27,3.89,1,1,3.89,Medium Value,One-time (1)
6l5pazaq,3.89,1,1,3.89,Medium Value,One-time (1)
lv1rhd13,3.89,1,1,3.89,Medium Value,One-time (1)
7phfocsj,3.89,1,1,3.89,Medium Value,One-time (1)
e4xf6q27,3.89,1,1,3.89,Medium Value,One-time (1)
3dzkhl6o,3.88,1,1,3.88,Medium Value,One-time (1)
7r9f67v0,3.88,1,1,3.88,Medium Value,One-time (1)
uu2wd0f3,3.88,1,1,3.88,Medium Value,One-time (1)
p239no61,3.88,1,1,3.88,Medium Value,One-time (1)
9th68y38,3.88,1,2,3.88,Medium Value,One-time (1)
xtkm2deo,3.88,1,1,3.88,Medium Value,One-time (1)
f0svul3y,3.88,1,1,3.88,Medium Value,One-time (1)
iuhuxtzh,3.88,1,1,3.88,Medium Value,One-time (1)
tppb5df4,3.88,1,1,3.88,Medium Value,One-time (1)
kn1jy13l,3.88,1,1,3.88,Medium Value,One-time (1)
xm22nryk,3.88,1,1,3.88,Medium Value,One-time (1)
66rohku7,3.88,1,1,3.88,Medium Value,One-time (1)
aatmvstx,3.88,1,1,3.88,Medium Value,One-time (1)
aau3lgtk,3.88,1,1,3.88,Medium Value,One-time (1)
hu3dk18r,3.88,1,2,3.88,Medium Value,One-time (1)
rzgbxnay,3.88,1,2,3.88,Medium Value,One-time (1)
kxmndxct,3.88,1,1,3.88,Medium Value,One-time (1)
rsp8phfs,3.88,1,1,3.88,Medium Value,One-time (1)
tzd8t4t5,3.88,1,1,3.88,Medium Value,One-time (1)
xhp4vfoy,3.88,1,1,3.88,Medium Value,One-time (1)
qht88h05,3.88,1,1,3.88,Medium Value,One-time (1)
w1w60ls7,3.88,1,1,3.88,Medium Value,One-time (1)
flhflqdv,3.88,1,1,3.88,Medium Value,One-time (1)
kplwr6p5,3.88,1,1,3.88,Medium Value,One-time (1)
4tybqga1,3.88,1,1,3.88,Medium Value,One-time (1)
tp3dm577,3.88,1,1,3.88,Medium Value,One-time (1)
ta5583rw,3.88,1,1,3.88,Medium Value,One-time (1)
e0lgu7jb,3.88,1,1,3.88,Medium Value,One-time (1)
tvfbviig,3.88,1,1,3.88,Medium Value,One-time (1)
l4ij97g7,3.88,1,1,3.88,Medium Value,One-time (1)
j36tcfkj,3.88,1,1,3.88,Medium Value,One-time (1)
dfactx2a,3.88,1,1,3.88,Medium Value,One-time (1)
9i1i1ubg,3.88,1,1,3.88,Medium Value,One-time (1)
serj80ht,3.88,1,1,3.88,Medium Value,One-time (1)
ufxn1xsm,3.88,1,1,3.88,Medium Value,One-time (1)
e3lqjrtx,3.88,1,1,3.88,Medium Value,One-time (1)
mfnzn997,3.88,1,1,3.88,Medium Value,One-time (1)
jhrzmcb3,3.88,1,1,3.88,Medium Value,One-time (1)
oxdowk56,3.88,1,1,3.88,Medium Value,One-time (1)
fab0kigv,3.88,1,1,3.88,Medium Value,One-time (1)
qsk3kfi4,3.87,1,1,3.87,Medium Value,One-time (1)
41nysqnp,3.87,1,1,3.87,Medium Value,One-time (1)
kyopho16,3.87,1,1,3.87,Medium Value,One-time (1)
flar7ywm,3.87,1,1,3.87,Medium Value,One-time (1)
ukag2xb4,3.87,1,1,3.87,Medium Value,One-time (1)
0uusasub,3.87,1,2,3.87,Medium Value,One-time (1)
zwmm42hq,3.87,1,1,3.87,Medium Value,One-time (1)
ydot9k37,3.86,1,1,3.86,Medium Value,One-time (1)
p6i6sfu7,3.86,1,1,3.86,Medium Value,One-time (1)
28ms8xl7,3.86,1,1,3.86,Medium Value,One-time (1)
oeokl30j,3.86,1,1,3.86,Medium Value,One-time (1)
ts2td29k,3.86,1,1,3.86,Medium Value,One-time (1)
pd9csvur,3.86,1,1,3.86,Medium Value,One-time (1)
emjye9qv,3.86,1,1,3.86,Medium Value,One-time (1)
dq8zu7uj,3.86,1,1,3.86,Medium Value,One-time (1)
yqqqusoj,3.86,1,1,3.86,Medium Value,One-time (1)
m9ya8yfo,3.86,1,1,3.86,Medium Value,One-time (1)
b0jl8goo,3.86,1,1,3.86,Medium Value,One-time (1)
9l9iue1j,3.86,1,1,3.86,Medium Value,One-time (1)
6yvculah,3.86,1,1,3.86,Medium Value,One-time (1)
3vxcr0uq,3.86,1,1,3.86,Medium Value,One-time (1)
dfuc938p,3.86,1,1,3.86,Medium Value,One-time (1)
5dqjrmpt,3.86,1,1,3.86,Medium Value,One-time (1)
eendgrwa,3.86,1,1,3.86,Medium Value,One-time (1)
w3ueimnh,3.86,1,1,3.86,Medium Value,One-time (1)
hkvxamln,3.86,1,1,3.86,Medium Value,One-time (1)
fyu3gew2,3.86,1,1,3.86,Medium Value,One-time (1)
ko5sb2tu,3.86,1,1,3.86,Medium Value,One-time (1)
cqctyffs,3.85,1,1,3.85,Low Value,One-time (1)
pzxua0y7,3.85,1,1,3.85,Low Value,One-time (1)
emi0qq86,3.85,1,1,3.85,Low Value,One-time (1)
ywpn9yuf,3.85,1,1,3.85,Low Value,One-time (1)
sn8kqxiv,3.85,1,1,3.85,Low Value,One-time (1)
eljed720,3.85,1,1,3.85,Low Value,One-time (1)
d4byiov2,3.85,1,1,3.85,Low Value,One-time (1)
zzrsltuj,3.85,1,1,3.85,Low Value,One-time (1)
piyr6p4k,3.85,1,1,3.85,Low Value,One-time (1)
q7gdikft,3.85,1,1,3.85,Low Value,One-time (1)
dvlnknd6,3.85,1,1,3.85,Low Value,One-time (1)
5sjk3l17,3.85,1,1,3.85,Low Value,One-time (1)
zt0y5p2s,3.85,1,1,3.85,Low Value,One-time (1)
3kwkx3r1,3.85,1,1,3.85,Low Value,One-time (1)
9oj32pkh,3.85,1,1,3.85,Low Value,One-time (1)
oy23gnlu,3.85,1,1,3.85,Low Value,One-time (1)
poncewhc,3.85,1,1,3.85,Low Value,One-time (1)
ylxgh53j,3.85,1,1,3.85,Low Value,One-time (1)
d8h82zo6,3.85,1,1,3.85,Low Value,One-time (1)
1b0g0mhk,3.85,1,1,3.85,Low Value,One-time (1)
rnkvh380,3.85,1,1,3.85,Low Value,One-time (1)
vz01sosr,3.85,1,1,3.85,Low Value,One-time (1)
ru24o3vh,3.85,1,1,3.85,Low Value,One-time (1)
gs6ya8u3,3.85,1,1,3.85,Low Value,One-time (1)
5cituf8c,3.85,1,1,3.85,Low Value,One-time (1)
rk2trqm6,3.85,1,1,3.85,Low Value,One-time (1)
ij85kzu5,3.85,1,1,3.85,Low Value,One-time (1)
rk42r7y9,3.85,1,1,3.85,Low Value,One-time (1)
g177o3b9,3.85,1,1,3.85,Low Value,One-time (1)
xj8jrtia,3.85,1,1,3.85,Low Value,One-time (1)
fs4jyz9n,3.85,1,1,3.85,Low Value,One-time (1)
hscf4jnu,3.85,1,1,3.85,Low Value,One-time (1)
ruv7zwmk,3.85,1,1,3.85,Low Value,One-time (1)
3y0ymnnc,3.85,1,1,3.85,Low Value,One-time (1)
tg12cyvq,3.85,1,1,3.85,Low Value,One-time (1)
ug0gv609,3.85,1,1,3.85,Low Value,One-time (1)
1au3jwb2,3.85,1,1,3.85,Low Value,One-time (1)
9av1l4wp,3.85,1,1,3.85,Low Value,One-time (1)
hkl0ho8n,3.85,1,1,3.85,Low Value,One-time (1)
sz9qt893,3.85,1,1,3.85,Low Value,One-time (1)
4f6qo75r,3.85,1,1,3.85,Low Value,One-time (1)
7mtejbjx,3.85,1,1,3.85,Low Value,One-time (1)
smc76mjp,3.85,1,1,3.85,Low Value,One-time (1)
8havz2dd,3.85,1,1,3.85,Low Value,One-time (1)
fnxgoklx,3.85,1,1,3.85,Low Value,One-time (1)
jo2vqd9t,3.85,1,1,3.85,Low Value,One-time (1)
lpla3dqx,3.85,1,1,3.85,Low Value,One-time (1)
5hoa0jrr,3.85,1,1,3.85,Low Value,One-time (1)
ho3w7475,3.85,1,1,3.85,Low Value,One-time (1)
nt6svut9,3.85,1,1,3.85,Low Value,One-time (1)
a8tvageq,3.85,1,1,3.85,Low Value,One-time (1)
boito8au,3.85,1,1,3.85,Low Value,One-time (1)
uew9g6sp,3.85,1,1,3.85,Low Value,One-time (1)
lzml6pak,3.85,1,1,3.85,Low Value,One-time (1)
lt9qmaes,3.85,1,1,3.85,Low Value,One-time (1)
nstvfi23,3.85,1,1,3.85,Low Value,One-time (1)
4560ey52,3.85,1,1,3.85,Low Value,One-time (1)
fm3knzkn,3.85,1,1,3.85,Low Value,One-time (1)
1y775zix,3.85,1,1,3.85,Low Value,One-time (1)
7dgobi9k,3.85,1,1,3.85,Low Value,One-time (1)
bg106lms,3.85,1,1,3.85,Low Value,One-time (1)
vfvjcl8o,3.85,1,1,3.85,Low Value,One-time (1)
b5wvpeyl,3.85,1,1,3.85,Low Value,One-time (1)
88k6xjop,3.84,1,1,3.84,Low Value,One-time (1)
moztnuvt,3.84,1,1,3.84,Low Value,One-time (1)
6wk7h5ze,3.84,1,1,3.84,Low Value,One-time (1)
5zicki9u,3.84,1,1,3.84,Low Value,One-time (1)
15y3xb1n,3.84,1,1,3.84,Low Value,One-time (1)
m3uxm82m,3.84,1,1,3.84,Low Value,One-time (1)
1kb428a4,3.84,1,1,3.84,Low Value,One-time (1)
5d7jyg0f,3.84,1,1,3.84,Low Value,One-time (1)
dl4fxeq1,3.84,1,1,3.84,Low Value,One-time (1)
d9khqd30,3.84,1,1,3.84,Low Value,One-time (1)
odoh1sjk,3.84,1,1,3.84,Low Value,One-time (1)
4la1evoj,3.84,1,1,3.84,Low Value,One-time (1)
hcfijl5d,3.84,1,1,3.84,Low Value,One-time (1)
cpwna7wl,3.84,1,1,3.84,Low Value,One-time (1)
iawxxsgf,3.84,1,1,3.84,Low Value,One-time (1)
d7dee50k,3.84,1,1,3.84,Low Value,One-time (1)
rvew2gy9,3.84,1,1,3.84,Low Value,One-time (1)
haro9esk,3.84,1,1,3.84,Low Value,One-time (1)
x6fu76zw,3.84,1,1,3.84,Low Value,One-time (1)
0a2z82ms,3.84,1,1,3.84,Low Value,One-time (1)
l9c1qyc9,3.84,1,1,3.84,Low Value,One-time (1)
5qx4s00f,3.84,1,1,3.84,Low Value,One-time (1)
5hmiwges,3.84,1,1,3.84,Low Value,One-time (1)
4ye78erh,3.84,1,1,3.84,Low Value,One-time (1)
v78ignet,3.84,1,1,3.84,Low Value,One-time (1)
2d6kbeqd,3.84,1,1,3.84,Low Value,One-time (1)
ivjnxe9a,3.84,1,1,3.84,Low Value,One-time (1)
xwogs90b,3.84,1,1,3.84,Low Value,One-time (1)
m0vprjgm,3.84,1,1,3.84,Low Value,One-time (1)
f77bdsel,3.84,1,1,3.84,Low Value,One-time (1)
lhjmartr,3.84,1,1,3.84,Low Value,One-time (1)
vkwfi0ud,3.84,1,1,3.84,Low Value,One-time (1)
ue5gi5b3,3.84,1,1,3.84,Low Value,One-time (1)
r3ayqvk2,3.84,1,1,3.84,Low Value,One-time (1)
o09sj9c6,3.84,1,1,3.84,Low Value,One-time (1)
d08izxo9,3.84,1,1,3.84,Low Value,One-time (1)
4ddvxc78,3.84,1,1,3.84,Low Value,One-time (1)
ojw3fle4,3.84,1,1,3.84,Low Value,One-time (1)
adase2e8,3.84,1,1,3.84,Low Value,One-time (1)
kx1s9xka,3.84,1,1,3.84,Low Value,One-time (1)
dz7vx1yw,3.84,1,1,3.84,Low Value,One-time (1)
875hvfwp,3.84,1,1,3.84,Low Value,One-time (1)
vyb6li07,3.84,1,1,3.84,Low Value,One-time (1)
0woo8js4,3.84,1,1,3.84,Low Value,One-time (1)
ap6b5tsh,3.84,1,1,3.84,Low Value,One-time (1)
4ujlgc00,3.84,1,1,3.84,Low Value,One-time (1)
immqzn35,3.84,1,1,3.84,Low Value,One-time (1)
99gf139j,3.84,1,1,3.84,Low Value,One-time (1)
md95v3lb,3.84,1,1,3.84,Low Value,One-time (1)
9v1mwog9,3.84,1,1,3.84,Low Value,One-time (1)
hd1a22wd,3.83,1,1,3.83,Low Value,One-time (1)
uxs3acev,3.83,1,2,3.83,Low Value,One-time (1)
t952aube,3.83,1,1,3.83,Low Value,One-time (1)
t8qxvjm1,3.83,1,1,3.83,Low Value,One-time (1)
1pttahi6,3.83,1,1,3.83,Low Value,One-time (1)
xbox4fe4,3.83,1,1,3.83,Low Value,One-time (1)
adr61ovu,3.83,1,1,3.83,Low Value,One-time (1)
l70ckkjp,3.83,1,1,3.83,Low Value,One-time (1)
bzgcxvt3,3.83,1,1,3.83,Low Value,One-time (1)
0rozy9h3,3.83,1,1,3.83,Low Value,One-time (1)
rgji9p4g,3.83,1,1,3.83,Low Value,One-time (1)
01oir1us,3.83,1,1,3.83,Low Value,One-time (1)
gh4a9zj1,3.83,1,1,3.83,Low Value,One-time (1)
n6ggkvno,3.83,1,1,3.83,Low Value,One-time (1)
kiw303q7,3.83,1,1,3.83,Low Value,One-time (1)
jbd2zzua,3.82,1,1,3.82,Low Value,One-time (1)
lq01biru,3.82,1,1,3.82,Low Value,One-time (1)
r1hbfyz6,3.82,1,1,3.82,Low Value,One-time (1)
aigbtemt,3.82,1,1,3.82,Low Value,One-time (1)
597txb9e,3.82,1,1,3.82,Low Value,One-time (1)
1f4uunr8,3.82,1,2,3.82,Low Value,One-time (1)
67v9kb2g,3.82,1,1,3.82,Low Value,One-time (1)
9i8ywgd4,3.82,1,2,3.82,Low Value,One-time (1)
fwkx84j1,3.82,1,1,3.82,Low Value,One-time (1)
um1h4riw,3.82,1,1,3.82,Low Value,One-time (1)
g5vs7ivs,3.82,1,1,3.82,Low Value,One-time (1)
siialnzy,3.82,1,1,3.82,Low Value,One-time (1)
spnbf2sg,3.82,1,1,3.82,Low Value,One-time (1)
u7zqj3ov,3.82,1,1,3.82,Low Value,One-time (1)
879ly0zi,3.82,1,1,3.82,Low Value,One-time (1)
fpm120cc,3.82,1,1,3.82,Low Value,One-time (1)
9jzw0h3b,3.82,1,1,3.82,Low Value,One-time (1)
7158ltnz,3.82,1,1,3.82,Low Value,One-time (1)
lyqc8kl1,3.82,1,1,3.82,Low Value,One-time (1)
8emh22zy,3.82,1,1,3.82,Low Value,One-time (1)
mow34c2h,3.82,1,1,3.82,Low Value,One-time (1)
vpz12aoo,3.82,1,1,3.82,Low Value,One-time (1)
4kzdfe5b,3.82,1,1,3.82,Low Value,One-time (1)
v8cdk74s,3.82,1,1,3.82,Low Value,One-time (1)
q0of1ck2,3.82,1,1,3.82,Low Value,One-time (1)
nyuj2omz,3.82,1,1,3.82,Low Value,One-time (1)
1uqdgy04,3.82,1,1,3.82,Low Value,One-time (1)
0wwd2lq9,3.82,1,1,3.82,Low Value,One-time (1)
oqh3n6p6,3.82,1,1,3.82,Low Value,One-time (1)
ja49k2m8,3.82,1,1,3.82,Low Value,One-time (1)
jly29ujd,3.82,1,1,3.82,Low Value,One-time (1)
ar93jvuf,3.82,1,1,3.82,Low Value,One-time (1)
ijjem17n,3.82,1,1,3.82,Low Value,One-time (1)
gymbrdxt,3.82,1,1,3.82,Low Value,One-time (1)
4j2bnidq,3.82,1,1,3.82,Low Value,One-time (1)
4fke59ma,3.82,1,1,3.82,Low Value,One-time (1)
ipzbuogv,3.82,1,1,3.82,Low Value,One-time (1)
ej19vjcf,3.82,1,1,3.82,Low Value,One-time (1)
49ugd4qc,3.82,1,1,3.82,Low Value,One-time (1)
pisu5sxv,3.82,1,2,3.82,Low Value,One-time (1)
2p9flf7o,3.82,1,1,3.82,Low Value,One-time (1)
q2j48gka,3.82,1,1,3.82,Low Value,One-time (1)
kyk5dhoe,3.82,1,1,3.82,Low Value,One-time (1)
q2msyfi2,3.82,1,1,3.82,Low Value,One-time (1)
iwzod05j,3.82,1,1,3.82,Low Value,One-time (1)
s1fe4p39,3.82,1,1,3.82,Low Value,One-time (1)
zt23a6o6,3.82,1,1,3.82,Low Value,One-time (1)
n6dfgv05,3.82,1,1,3.82,Low Value,One-time (1)
x3r4al9b,3.82,1,1,3.82,Low Value,One-time (1)
8se4ms5t,3.82,1,1,3.82,Low Value,One-time (1)
q1hwx9m3,3.82,1,1,3.82,Low Value,One-time (1)
m4ybyyyt,3.82,1,1,3.82,Low Value,One-time (1)
ojvof7su,3.81,1,1,3.81,Low Value,One-time (1)
iki1c3ff,3.81,1,1,3.81,Low Value,One-time (1)
hip8hm6l,3.81,1,1,3.81,Low Value,One-time (1)
8gegflbn,3.81,1,1,3.81,Low Value,One-time (1)
t6pakl99,3.81,1,1,3.81,Low Value,One-time (1)
lh28jjs3,3.81,1,1,3.81,Low Value,One-time (1)
ouvtguuk,3.81,1,1,3.81,Low Value,One-time (1)
ho28coq3,3.81,1,1,3.81,Low Value,One-time (1)
1gdzdwe3,3.81,1,1,3.81,Low Value,One-time (1)
nb4q3y3l,3.81,1,1,3.81,Low Value,One-time (1)
z8fi0gw0,3.81,1,1,3.81,Low Value,One-time (1)
lho7hzoe,3.81,1,1,3.81,Low Value,One-time (1)
tjq2pe7z,3.81,1,1,3.81,Low Value,One-time (1)
7nnd4te0,3.81,1,1,3.81,Low Value,One-time (1)
8w0ne8cx,3.81,1,1,3.81,Low Value,One-time (1)
n2enut7x,3.81,1,1,3.81,Low Value,One-time (1)
jkw8gs97,3.81,1,1,3.81,Low Value,One-time (1)
7n4e7vjz,3.81,1,1,3.81,Low Value,One-time (1)
b20yw8l1,3.81,1,1,3.81,Low Value,One-time (1)
gk8zfjli,3.81,1,1,3.81,Low Value,One-time (1)
05lptxp3,3.81,1,2,3.81,Low Value,One-time (1)
g5pmlryi,3.81,1,1,3.81,Low Value,One-time (1)
omrmybag,3.81,1,1,3.81,Low Value,One-time (1)
ikpejd4k,3.81,1,1,3.81,Low Value,One-time (1)
lg269s8t,3.81,1,1,3.81,Low Value,One-time (1)
687f2vgs,3.81,1,1,3.81,Low Value,One-time (1)
y76jn7tg,3.81,1,1,3.81,Low Value,One-time (1)
cytr9qex,3.81,1,1,3.81,Low Value,One-time (1)
i0i28les,3.81,1,1,3.81,Low Value,One-time (1)
2ygnmby4,3.81,1,1,3.81,Low Value,One-time (1)
xpmz3cfx,3.81,1,1,3.81,Low Value,One-time (1)
jd36x85d,3.81,1,1,3.81,Low Value,One-time (1)
u32bgkbi,3.81,1,1,3.81,Low Value,One-time (1)
67agwuru,3.81,1,1,3.81,Low Value,One-time (1)
nzefsqqa,3.81,1,1,3.81,Low Value,One-time (1)
trqln03e,3.81,1,1,3.81,Low Value,One-time (1)
aav7ac7v,3.81,1,1,3.81,Low Value,One-time (1)
vuftpycm,3.81,1,1,3.81,Low Value,One-time (1)
kpl3cho3,3.81,1,1,3.81,Low Value,One-time (1)
hvgoawn5,3.81,1,1,3.81,Low Value,One-time (1)
v4sqwiif,3.81,1,1,3.81,Low Value,One-time (1)
00yqf9v1,3.81,1,1,3.81,Low Value,One-time (1)
cyxnvqoj,3.81,1,1,3.81,Low Value,One-time (1)
8oicfjlg,3.81,1,1,3.81,Low Value,One-time (1)
o1bavavq,3.81,1,1,3.81,Low Value,One-time (1)
mdfx9rbm,3.81,1,1,3.81,Low Value,One-time (1)
hzfdx1fs,3.81,1,1,3.81,Low Value,One-time (1)
buh3aooh,3.81,1,1,3.81,Low Value,One-time (1)
k8rcazwt,3.8,1,1,3.8,Low Value,One-time (1)
d3r1d22s,3.8,1,2,3.8,Low Value,One-time (1)
l4a2jjt6,3.8,1,1,3.8,Low Value,One-time (1)
zi7pihio,3.8,1,1,3.8,Low Value,One-time (1)
7xdy7jmi,3.8,1,1,3.8,Low Value,One-time (1)
9fhjzg2n,3.8,1,1,3.8,Low Value,One-time (1)
7xcgfpdl,3.8,1,1,3.8,Low Value,One-time (1)
wer7dxmu,3.8,1,1,3.8,Low Value,One-time (1)
ccspik54,3.8,1,1,3.8,Low Value,One-time (1)
51d9qcfd,3.8,1,1,3.8,Low Value,One-time (1)
rqfi8473,3.8,1,1,3.8,Low Value,One-time (1)
7eklrl4o,3.8,1,1,3.8,Low Value,One-time (1)
ucdo78ve,3.8,1,1,3.8,Low Value,One-time (1)
vfgtyc0o,3.8,1,1,3.8,Low Value,One-time (1)
qpfkvgij,3.8,1,1,3.8,Low Value,One-time (1)
fh1hvczu,3.8,1,1,3.8,Low Value,One-time (1)
lu4zoft8,3.8,1,1,3.8,Low Value,One-time (1)
hcfcejyf,3.8,1,2,3.8,Low Value,One-time (1)
on8hbirq,3.8,1,1,3.8,Low Value,One-time (1)
7xs7mqop,3.8,1,1,3.8,Low Value,One-time (1)
pb01qcte,3.8,1,1,3.8,Low Value,One-time (1)
3jaykoq8,3.8,1,1,3.8,Low Value,One-time (1)
x3z8j37i,3.8,1,1,3.8,Low Value,One-time (1)
ff124vf8,3.8,1,1,3.8,Low Value,One-time (1)
th3ysvc0,3.8,1,1,3.8,Low Value,One-time (1)
3x8mbgl2,3.8,1,1,3.8,Low Value,One-time (1)
0v0nkjq8,3.8,1,1,3.8,Low Value,One-time (1)
j590emc2,3.8,1,1,3.8,Low Value,One-time (1)
r17dpubk,3.8,1,1,3.8,Low Value,One-time (1)
bnv9o1an,3.8,1,1,3.8,Low Value,One-time (1)
b2garhv9,3.8,1,1,3.8,Low Value,One-time (1)
n5nvlbic,3.8,1,1,3.8,Low Value,One-time (1)
yl4jm2ls,3.8,1,1,3.8,Low Value,One-time (1)
qp2iekrx,3.8,1,1,3.8,Low Value,One-time (1)
50he54k0,3.8,1,1,3.8,Low Value,One-time (1)
pv51l4rm,3.8,1,2,3.8,Low Value,One-time (1)
ws2u6hhg,3.8,1,1,3.8,Low Value,One-time (1)
80jle6xj,3.8,1,1,3.8,Low Value,One-time (1)
9andzvhy,3.8,1,2,3.8,Low Value,One-time (1)
avoo0jm1,3.8,1,1,3.8,Low Value,One-time (1)
ir3ue97q,3.8,1,2,3.8,Low Value,One-time (1)
clw0pg4b,3.8,1,1,3.8,Low Value,One-time (1)
f6jyli5g,3.8,1,1,3.8,Low Value,One-time (1)
wmurhwzo,3.8,1,1,3.8,Low Value,One-time (1)
wqbobqfi,3.8,1,1,3.8,Low Value,One-time (1)
f19f34u1,3.8,1,1,3.8,Low Value,One-time (1)
5u4t0mu9,3.8,1,1,3.8,Low Value,One-time (1)
cl92bc9e,3.8,1,2,3.8,Low Value,One-time (1)
0cwp3i9g,3.8,1,1,3.8,Low Value,One-time (1)
3wrsfat8,3.8,1,1,3.8,Low Value,One-time (1)
um0q7f5l,3.8,1,2,3.8,Low Value,One-time (1)
o3lvb2wb,3.8,1,1,3.8,Low Value,One-time (1)
i6mj8qyx,3.8,1,1,3.8,Low Value,One-time (1)
qm0lq470,3.8,1,1,3.8,Low Value,One-time (1)
9pt6vxoy,3.8,1,2,3.8,Low Value,One-time (1)
0wsv8od5,3.8,1,1,3.8,Low Value,One-time (1)
qoe5lgfg,3.8,1,1,3.8,Low Value,One-time (1)
ja3sqlb6,3.8,1,1,3.8,Low Value,One-time (1)
4clkr0vg,3.8,1,1,3.8,Low Value,One-time (1)
vm9p3fa0,3.8,1,1,3.8,Low Value,One-time (1)
pc9lnw6u,3.8,1,1,3.8,Low Value,One-time (1)
wjmo9ktl,3.8,1,2,3.8,Low Value,One-time (1)
31a4d9kf,3.8,1,1,3.8,Low Value,One-time (1)
i535ttsp,3.8,1,1,3.8,Low Value,One-time (1)
0h0qktzu,3.8,1,1,3.8,Low Value,One-time (1)
2k9qt3v0,3.8,1,1,3.8,Low Value,One-time (1)
h11kvgg4,3.8,1,1,3.8,Low Value,One-time (1)
2kcbjxy1,3.8,1,1,3.8,Low Value,One-time (1)
a3hg8s8v,3.8,1,1,3.8,Low Value,One-time (1)
ouu7659e,3.8,1,1,3.8,Low Value,One-time (1)
chw03upe,3.8,1,1,3.8,Low Value,One-time (1)
4wb479ug,3.8,1,1,3.8,Low Value,One-time (1)
8rl9qfcp,3.8,1,1,3.8,Low Value,One-time (1)
ckqzzxc5,3.8,1,1,3.8,Low Value,One-time (1)
n9s8tsnc,3.8,1,1,3.8,Low Value,One-time (1)
mft49ice,3.8,1,1,3.8,Low Value,One-time (1)
lebtrm9w,3.8,1,1,3.8,Low Value,One-time (1)
mgz3w6pc,3.8,1,1,3.8,Low Value,One-time (1)
poauir8b,3.8,1,1,3.8,Low Value,One-time (1)
pocr0vhv,3.8,1,2,3.8,Low Value,One-time (1)
w4hw1crd,3.8,1,1,3.8,Low Value,One-time (1)
id6cb27e,3.8,1,2,3.8,Low Value,One-time (1)
ualnhanf,3.8,1,2,3.8,Low Value,One-time (1)
ttj3n56j,3.8,1,1,3.8,Low Value,One-time (1)
q60u7sah,3.8,1,1,3.8,Low Value,One-time (1)
vrsvntk5,3.8,1,1,3.8,Low Value,One-time (1)
4r96279t,3.8,1,1,3.8,Low Value,One-time (1)
miunmlsq,3.8,1,1,3.8,Low Value,One-time (1)
719nkb0g,3.8,1,1,3.8,Low Value,One-time (1)
v9b7ron1,3.8,1,1,3.8,Low Value,One-time (1)
6a6by8zo,3.8,1,1,3.8,Low Value,One-time (1)
pkda3l3s,3.8,1,1,3.8,Low Value,One-time (1)
5xy5lpow,3.8,1,2,3.8,Low Value,One-time (1)
c7jvmji6,3.8,1,1,3.8,Low Value,One-time (1)
2r81wdhj,3.8,1,1,3.8,Low Value,One-time (1)
c9bcl9pu,3.8,1,1,3.8,Low Value,One-time (1)
nmj3yh2a,3.8,1,1,3.8,Low Value,One-time (1)
ivuo7g7i,3.8,1,1,3.8,Low Value,One-time (1)
r1930i6g,3.8,1,1,3.8,Low Value,One-time (1)
3ficpjgx,3.8,1,1,3.8,Low Value,One-time (1)
c6abap09,3.8,1,1,3.8,Low Value,One-time (1)
9xlgd2kz,3.8,1,1,3.8,Low Value,One-time (1)
xnjmqnch,3.8,1,1,3.8,Low Value,One-time (1)
kop7t2k6,3.8,1,1,3.8,Low Value,One-time (1)
ct0tz8yd,3.8,1,2,3.8,Low Value,One-time (1)
c4o0fsml,3.8,1,1,3.8,Low Value,One-time (1)
ngcs55ow,3.8,1,1,3.8,Low Value,One-time (1)
ehpo6wx8,3.8,1,1,3.8,Low Value,One-time (1)
hqhm7ywy,3.8,1,1,3.8,Low Value,One-time (1)
bi4snan6,3.8,1,1,3.8,Low Value,One-time (1)
c4ggunly,3.8,1,1,3.8,Low Value,One-time (1)
1iqyiwu9,3.8,1,1,3.8,Low Value,One-time (1)
r3371z5q,3.8,1,1,3.8,Low Value,One-time (1)
xfwcwwpl,3.8,1,2,3.8,Low Value,One-time (1)
c92uz5u7,3.8,1,2,3.8,Low Value,One-time (1)
t1c58sfl,3.8,1,1,3.8,Low Value,One-time (1)
3nupuy0z,3.8,1,1,3.8,Low Value,One-time (1)
9rbz624c,3.8,1,2,3.8,Low Value,One-time (1)
q2t4uc4k,3.8,1,1,3.8,Low Value,One-time (1)
ozrf4vb7,3.8,1,2,3.8,Low Value,One-time (1)
gb4m3lgt,3.8,1,1,3.8,Low Value,One-time (1)
28bt7irv,3.8,1,1,3.8,Low Value,One-time (1)
a96e0v15,3.8,1,1,3.8,Low Value,One-time (1)
5xe2m9kd,3.8,1,1,3.8,Low Value,One-time (1)
lraz6vov,3.8,1,1,3.8,Low Value,One-time (1)
jaz52dur,3.8,1,1,3.8,Low Value,One-time (1)
3i6oph3n,3.8,1,1,3.8,Low Value,One-time (1)
vtgnonqa,3.8,1,1,3.8,Low Value,One-time (1)
b6pru8ky,3.8,1,1,3.8,Low Value,One-time (1)
pfe570c8,3.79,1,1,3.79,Low Value,One-time (1)
cmmrph75,3.79,1,1,3.79,Low Value,One-time (1)
75was3fr,3.79,1,1,3.79,Low Value,One-time (1)
swy8yx03,3.79,1,1,3.79,Low Value,One-time (1)
1103t89a,3.79,1,1,3.79,Low Value,One-time (1)
gzy9ootp,3.79,1,1,3.79,Low Value,One-time (1)
v822jq2i,3.79,1,1,3.79,Low Value,One-time (1)
7wd1ug0q,3.79,1,1,3.79,Low Value,One-time (1)
ba9luc8l,3.79,1,1,3.79,Low Value,One-time (1)
1exikdbk,3.79,1,1,3.79,Low Value,One-time (1)
ggvx26or,3.79,1,1,3.79,Low Value,One-time (1)
nrww09xh,3.79,1,1,3.79,Low Value,One-time (1)
litiy4a4,3.79,1,1,3.79,Low Value,One-time (1)
jx406byv,3.79,1,1,3.79,Low Value,One-time (1)
f2ikrfk7,3.79,1,1,3.79,Low Value,One-time (1)
79ltm147,3.79,1,1,3.79,Low Value,One-time (1)
3y2co7c6,3.79,1,1,3.79,Low Value,One-time (1)
md886wtk,3.79,1,1,3.79,Low Value,One-time (1)
5x2e8nc9,3.79,1,1,3.79,Low Value,One-time (1)
o51dbdod,3.78,1,1,3.78,Low Value,One-time (1)
cytrnd3f,3.78,1,1,3.78,Low Value,One-time (1)
y525fnsc,3.78,1,2,3.78,Low Value,One-time (1)
lv1t4dek,3.78,1,1,3.78,Low Value,One-time (1)
8el75708,3.78,1,1,3.78,Low Value,One-time (1)
b5hbfexr,3.78,1,2,3.78,Low Value,One-time (1)
fkuv46kq,3.78,1,1,3.78,Low Value,One-time (1)
79hitfjo,3.78,1,1,3.78,Low Value,One-time (1)
bfp2l6mj,3.78,1,1,3.78,Low Value,One-time (1)
rpqsz362,3.77,1,1,3.77,Low Value,One-time (1)
61byey5m,3.77,1,1,3.77,Low Value,One-time (1)
gyalsgzl,3.77,1,1,3.77,Low Value,One-time (1)
80swckc7,3.77,1,1,3.77,Low Value,One-time (1)
ss9sipgn,3.77,1,1,3.77,Low Value,One-time (1)
jmc6ukyu,3.77,1,1,3.77,Low Value,One-time (1)
mmwhkwjy,3.77,1,1,3.77,Low Value,One-time (1)
vsf9g4fa,3.77,1,1,3.77,Low Value,One-time (1)
mvzhh4ki,3.77,1,1,3.77,Low Value,One-time (1)
dkejp5k7,3.77,1,1,3.77,Low Value,One-time (1)
vrubipqb,3.77,1,1,3.77,Low Value,One-time (1)
3qkqwwbh,3.77,1,1,3.77,Low Value,One-time (1)
3mcxvxa4,3.77,1,1,3.77,Low Value,One-time (1)
p7lk21uy,3.77,1,1,3.77,Low Value,One-time (1)
pdeheyrk,3.77,1,1,3.77,Low Value,One-time (1)
wccwarnr,3.77,1,1,3.77,Low Value,One-time (1)
2h7kaoow,3.77,1,1,3.77,Low Value,One-time (1)
zlsr9g36,3.77,1,1,3.77,Low Value,One-time (1)
weu937cp,3.77,1,1,3.77,Low Value,One-time (1)
w8d09jrd,3.77,1,1,3.77,Low Value,One-time (1)
825m5rvq,3.77,1,1,3.77,Low Value,One-time (1)
ovs1ndzq,3.77,1,1,3.77,Low Value,One-time (1)
sdhnawra,3.77,1,1,3.77,Low Value,One-time (1)
sc6wnef1,3.77,1,1,3.77,Low Value,One-time (1)
hi6i2w2t,3.77,1,1,3.77,Low Value,One-time (1)
do1p633r,3.77,1,1,3.77,Low Value,One-time (1)
dfqo17ng,3.77,1,1,3.77,Low Value,One-time (1)
60gc57do,3.77,1,1,3.77,Low Value,One-time (1)
dlmcluxw,3.77,1,1,3.77,Low Value,One-time (1)
2r0ainyf,3.77,1,1,3.77,Low Value,One-time (1)
wak29p18,3.77,1,1,3.77,Low Value,One-time (1)
rkz8v1cq,3.77,1,1,3.77,Low Value,One-time (1)
cxyh8jyu,3.77,1,1,3.77,Low Value,One-time (1)
hjld5v25,3.77,1,1,3.77,Low Value,One-time (1)
rv0lg92m,3.77,1,1,3.77,Low Value,One-time (1)
m1b5aal7,3.77,1,1,3.77,Low Value,One-time (1)
vx8awq5n,3.77,1,1,3.77,Low Value,One-time (1)
mchuzx1l,3.77,1,1,3.77,Low Value,One-time (1)
2c40m6sp,3.77,1,1,3.77,Low Value,One-time (1)
um75f4bm,3.77,1,1,3.77,Low Value,One-time (1)
uhjpkhf3,3.77,1,1,3.77,Low Value,One-time (1)
pfur0gvi,3.77,1,1,3.77,Low Value,One-time (1)
mesthw91,3.77,1,1,3.77,Low Value,One-time (1)
yd46wcah,3.77,1,1,3.77,Low Value,One-time (1)
zeidyell,3.77,1,1,3.77,Low Value,One-time (1)
gogfnpct,3.77,1,1,3.77,Low Value,One-time (1)
5so79h4h,3.77,1,1,3.77,Low Value,One-time (1)
lq9rs6ol,3.77,1,1,3.77,Low Value,One-time (1)
ogg2h8c0,3.77,1,1,3.77,Low Value,One-time (1)
tjlocm2x,3.77,1,1,3.77,Low Value,One-time (1)
0jwpesgp,3.77,1,1,3.77,Low Value,One-time (1)
ypyzeima,3.77,1,1,3.77,Low Value,One-time (1)
n4jef72u,3.77,1,1,3.77,Low Value,One-time (1)
k3ld2xte,3.77,1,1,3.77,Low Value,One-time (1)
18udwr8i,3.77,1,1,3.77,Low Value,One-time (1)
xw6pl8sr,3.77,1,1,3.77,Low Value,One-time (1)
xye6trjs,3.77,1,1,3.77,Low Value,One-time (1)
z5uzzt15,3.77,1,1,3.77,Low Value,One-time (1)
k0a62w0f,3.77,1,1,3.77,Low Value,One-time (1)
508jww38,3.77,1,1,3.77,Low Value,One-time (1)
boygoebb,3.77,1,1,3.77,Low Value,One-time (1)
ongz2pt2,3.77,1,1,3.77,Low Value,One-time (1)
e6hxlzsp,3.77,1,1,3.77,Low Value,One-time (1)
ggaayis8,3.77,1,1,3.77,Low Value,One-time (1)
xc84l9zd,3.77,1,1,3.77,Low Value,One-time (1)
e83glmdy,3.77,1,1,3.77,Low Value,One-time (1)
eaxylnfx,3.77,1,1,3.77,Low Value,One-time (1)
js1pkpl1,3.77,1,1,3.77,Low Value,One-time (1)
3zvxbet9,3.77,1,1,3.77,Low Value,One-time (1)
lr8clpxr,3.77,1,1,3.77,Low Value,One-time (1)
3ki5mldi,3.77,1,1,3.77,Low Value,One-time (1)
r7itikzu,3.77,1,1,3.77,Low Value,One-time (1)
2tsomi0y,3.77,1,1,3.77,Low Value,One-time (1)
x6la0q9k,3.77,1,1,3.77,Low Value,One-time (1)
edsdxpok,3.77,1,1,3.77,Low Value,One-time (1)
k4zo3nqn,3.77,1,1,3.77,Low Value,One-time (1)
v5u921z6,3.77,1,1,3.77,Low Value,One-time (1)
53klxq83,3.77,1,1,3.77,Low Value,One-time (1)
85b7giex,3.77,1,1,3.77,Low Value,One-time (1)
4bk8ejnf,3.77,1,1,3.77,Low Value,One-time (1)
ljsqg9yb,3.77,1,1,3.77,Low Value,One-time (1)
ew2xc0vq,3.77,1,1,3.77,Low Value,One-time (1)
l1jqcggx,3.77,1,1,3.77,Low Value,One-time (1)
l2u5cfp3,3.77,1,1,3.77,Low Value,One-time (1)
womoqgip,3.77,1,1,3.77,Low Value,One-time (1)
0ygs65sn,3.77,1,1,3.77,Low Value,One-time (1)
f2p0qd9g,3.77,1,1,3.77,Low Value,One-time (1)
f4h6dtam,3.77,1,1,3.77,Low Value,One-time (1)
uvgiw1lh,3.77,1,1,3.77,Low Value,One-time (1)
3ma4mxlo,3.77,1,1,3.77,Low Value,One-time (1)
3d9kt0j2,3.77,1,1,3.77,Low Value,One-time (1)
0dblf8bi,3.77,1,1,3.77,Low Value,One-time (1)
0fmitaea,3.77,1,1,3.77,Low Value,One-time (1)
nzuub8ej,3.77,1,1,3.77,Low Value,One-time (1)
ci167dv4,3.77,1,1,3.77,Low Value,One-time (1)
gskod504,3.77,1,1,3.77,Low Value,One-time (1)
z08dr0jc,3.77,1,1,3.77,Low Value,One-time (1)
tx182wbp,3.77,1,1,3.77,Low Value,One-time (1)
k0owtwdm,3.77,1,1,3.77,Low Value,One-time (1)
90yuybrg,3.77,1,1,3.77,Low Value,One-time (1)
q65f425x,3.76,1,2,3.76,Low Value,One-time (1)
xdk4yu50,3.76,1,2,3.76,Low Value,One-time (1)
qikmekin,3.76,1,1,3.76,Low Value,One-time (1)
2n6p1pr0,3.76,1,1,3.76,Low Value,One-time (1)
4lzhkr3p,3.76,1,1,3.76,Low Value,One-time (1)
f09lkwfi,3.76,1,1,3.76,Low Value,One-time (1)
y940ykuj,3.76,1,1,3.76,Low Value,One-time (1)
353l8a5s,3.76,1,1,3.76,Low Value,One-time (1)
3vt7yjxp,3.76,1,1,3.76,Low Value,One-time (1)
fl8fa2xm,3.76,1,1,3.76,Low Value,One-time (1)
2uaw2f8l,3.76,1,1,3.76,Low Value,One-time (1)
et8cpsdx,3.76,1,2,3.76,Low Value,One-time (1)
g8gtzsuq,3.76,1,1,3.76,Low Value,One-time (1)
i26owat2,3.76,1,1,3.76,Low Value,One-time (1)
b8qm5wak,3.76,1,1,3.76,Low Value,One-time (1)
6u5qwce7,3.76,1,1,3.76,Low Value,One-time (1)
4sdgktpw,3.76,1,1,3.76,Low Value,One-time (1)
qrbjot9s,3.76,1,1,3.76,Low Value,One-time (1)
rrcbcngw,3.76,1,2,3.76,Low Value,One-time (1)
pht0hl9x,3.76,1,1,3.76,Low Value,One-time (1)
9d6kvirl,3.76,1,1,3.76,Low Value,One-time (1)
r4v1og07,3.76,1,1,3.76,Low Value,One-time (1)
pqnadfq8,3.76,1,1,3.76,Low Value,One-time (1)
6s3xfm53,3.76,1,1,3.76,Low Value,One-time (1)
agjzsifz,3.76,1,1,3.76,Low Value,One-time (1)
5bclof0k,3.76,1,2,3.76,Low Value,One-time (1)
hsqulm44,3.76,1,1,3.76,Low Value,One-time (1)
t1um6a9w,3.76,1,1,3.76,Low Value,One-time (1)
1bw6clfk,3.76,1,1,3.76,Low Value,One-time (1)
urkxe9hh,3.76,1,1,3.76,Low Value,One-time (1)
6oksi6ig,3.76,1,1,3.76,Low Value,One-time (1)
c4alhppe,3.76,1,1,3.76,Low Value,One-time (1)
fux1ss1j,3.76,1,1,3.76,Low Value,One-time (1)
qmtsu2k2,3.76,1,1,3.76,Low Value,One-time (1)
u8flbwzj,3.76,1,1,3.76,Low Value,One-time (1)
fwh7jxns,3.76,1,1,3.76,Low Value,One-time (1)
1fxzzz1c,3.76,1,1,3.76,Low Value,One-time (1)
9q33jc37,3.76,1,1,3.76,Low Value,One-time (1)
kwb0nrzn,3.76,1,1,3.76,Low Value,One-time (1)
i5h3we3b,3.76,1,1,3.76,Low Value,One-time (1)
k0q09jrn,3.76,1,1,3.76,Low Value,One-time (1)
f9184yz6,3.76,1,2,3.76,Low Value,One-time (1)
a7ld70x7,3.76,1,1,3.76,Low Value,One-time (1)
vonuqba1,3.76,1,1,3.76,Low Value,One-time (1)
8l12qfaf,3.76,1,1,3.76,Low Value,One-time (1)
g585i87x,3.76,1,1,3.76,Low Value,One-time (1)
rw38whrs,3.76,1,1,3.76,Low Value,One-time (1)
k215qqb0,3.76,1,1,3.76,Low Value,One-time (1)
bxtamwtx,3.76,1,1,3.76,Low Value,One-time (1)
9ns4gew4,3.76,1,2,3.76,Low Value,One-time (1)
r774jx46,3.76,1,1,3.76,Low Value,One-time (1)
he6u6c4r,3.76,1,1,3.76,Low Value,One-time (1)
wwwqi4mt,3.76,1,1,3.76,Low Value,One-time (1)
6g298cqk,3.76,1,1,3.76,Low Value,One-time (1)
gpgeniln,3.76,1,1,3.76,Low Value,One-time (1)
prfpwpg1,3.76,1,1,3.76,Low Value,One-time (1)
hcr6zout,3.76,1,2,3.76,Low Value,One-time (1)
apl260c1,3.76,1,2,3.76,Low Value,One-time (1)
raqyqkga,3.76,1,1,3.76,Low Value,One-time (1)
4ewzj0eh,3.76,1,1,3.76,Low Value,One-time (1)
aqzmqa1m,3.76,1,1,3.76,Low Value,One-time (1)
n5klvf0d,3.76,1,1,3.76,Low Value,One-time (1)
le0cthph,3.76,1,1,3.76,Low Value,One-time (1)
z4ih9gbl,3.76,1,2,3.76,Low Value,One-time (1)
e3hkyirk,3.76,1,1,3.76,Low Value,One-time (1)
nb3z1p2e,3.76,1,2,3.76,Low Value,One-time (1)
46zbn73q,3.75,1,1,3.75,Low Value,One-time (1)
58wcc5pm,3.75,1,1,3.75,Low Value,One-time (1)
azpsm5tr,3.75,1,1,3.75,Low Value,One-time (1)
7xufuxmd,3.75,1,1,3.75,Low Value,One-time (1)
2w20wds4,3.75,1,1,3.75,Low Value,One-time (1)
feu5dqmy,3.75,1,1,3.75,Low Value,One-time (1)
ld2e0brm,3.75,1,1,3.75,Low Value,One-time (1)
c2p0nq6f,3.75,1,1,3.75,Low Value,One-time (1)
xbvgv70a,3.75,1,1,3.75,Low Value,One-time (1)
gnrb0iwt,3.75,1,1,3.75,Low Value,One-time (1)
qvd0vs0d,3.75,1,1,3.75,Low Value,One-time (1)
645e4oha,3.75,1,1,3.75,Low Value,One-time (1)
hi54k35x,3.75,1,1,3.75,Low Value,One-time (1)
5ue3mm1k,3.75,1,1,3.75,Low Value,One-time (1)
ulmouymi,3.75,1,1,3.75,Low Value,One-time (1)
al9wbwgh,3.75,1,1,3.75,Low Value,One-time (1)
2ejr1lk8,3.74,1,2,3.74,Low Value,One-time (1)
cvswob0d,3.74,1,2,3.74,Low Value,One-time (1)
2lwf0yft,3.74,1,2,3.74,Low Value,One-time (1)
jtxdu1iu,3.74,1,2,3.74,Low Value,One-time (1)
bpufgofy,3.74,1,1,3.74,Low Value,One-time (1)
2ecg5t2x,3.74,1,2,3.74,Low Value,One-time (1)
o0r8xmpu,3.74,1,2,3.74,Low Value,One-time (1)
whs2h3yn,3.74,1,2,3.74,Low Value,One-time (1)
w8kfvzxx,3.74,1,2,3.74,Low Value,One-time (1)
73b4uht1,3.74,1,1,3.74,Low Value,One-time (1)
30mcsa3x,3.74,1,2,3.74,Low Value,One-time (1)
j21xjjdc,3.74,1,2,3.74,Low Value,One-time (1)
osr7c7ff,3.74,1,1,3.74,Low Value,One-time (1)
4efmqml2,3.74,1,2,3.74,Low Value,One-time (1)
aspqt5sh,3.74,1,2,3.74,Low Value,One-time (1)
zy6b9b93,3.74,1,2,3.74,Low Value,One-time (1)
vg16a6fl,3.74,1,2,3.74,Low Value,One-time (1)
jonovtgg,3.74,1,2,3.74,Low Value,One-time (1)
hcsseehq,3.74,1,1,3.74,Low Value,One-time (1)
hxx3m19q,3.73,1,1,3.73,Low Value,One-time (1)
iu3t2m44,3.73,1,1,3.73,Low Value,One-time (1)
y033g63q,3.73,1,1,3.73,Low Value,One-time (1)
xuv8bsuy,3.73,1,1,3.73,Low Value,One-time (1)
l9tqvdz4,3.73,1,1,3.73,Low Value,One-time (1)
p068de0l,3.73,1,1,3.73,Low Value,One-time (1)
utvz2vfk,3.73,1,1,3.73,Low Value,One-time (1)
2m3z388v,3.73,1,1,3.73,Low Value,One-time (1)
ylmmyxdy,3.73,1,1,3.73,Low Value,One-time (1)
ooxj4vo9,3.73,1,1,3.73,Low Value,One-time (1)
5mtdu1pn,3.73,1,1,3.73,Low Value,One-time (1)
vspwyxlk,3.73,1,1,3.73,Low Value,One-time (1)
sysz9jxp,3.73,1,1,3.73,Low Value,One-time (1)
jglu0jfc,3.73,1,1,3.73,Low Value,One-time (1)
bmiarjjz,3.73,1,1,3.73,Low Value,One-time (1)
y0kr8cwu,3.73,1,1,3.73,Low Value,One-time (1)
cy5x5wo1,3.73,1,1,3.73,Low Value,One-time (1)
s4j38mjt,3.73,1,1,3.73,Low Value,One-time (1)
o2gvn2t2,3.73,1,1,3.73,Low Value,One-time (1)
nzhu4qrd,3.73,1,1,3.73,Low Value,One-time (1)
0gmuokys,3.73,1,1,3.73,Low Value,One-time (1)
2jx2b8el,3.73,1,1,3.73,Low Value,One-time (1)
47eayhsu,3.73,1,1,3.73,Low Value,One-time (1)
wmmcbi70,3.73,1,1,3.73,Low Value,One-time (1)
i37x47yi,3.73,1,1,3.73,Low Value,One-time (1)
ch3pvc0p,3.73,1,1,3.73,Low Value,One-time (1)
c03t9o8a,3.73,1,1,3.73,Low Value,One-time (1)
wjnd5935,3.73,1,1,3.73,Low Value,One-time (1)
bla7wdvy,3.73,1,1,3.73,Low Value,One-time (1)
c0x0czk9,3.73,1,1,3.73,Low Value,One-time (1)
92bf7uul,3.73,1,1,3.73,Low Value,One-time (1)
t7mt8fr0,3.73,1,1,3.73,Low Value,One-time (1)
bpsdzoem,3.73,1,1,3.73,Low Value,One-time (1)
y48l0cv3,3.73,1,1,3.73,Low Value,One-time (1)
paq2can3,3.73,1,1,3.73,Low Value,One-time (1)
suga7pgd,3.73,1,1,3.73,Low Value,One-time (1)
cx3t4zlc,3.73,1,1,3.73,Low Value,One-time (1)
i092ze6c,3.73,1,1,3.73,Low Value,One-time (1)
qlckr9hc,3.73,1,1,3.73,Low Value,One-time (1)
opi6e1by,3.73,1,1,3.73,Low Value,One-time (1)
o12bermy,3.73,1,1,3.73,Low Value,One-time (1)
quu9ufgw,3.73,1,1,3.73,Low Value,One-time (1)
z8alyyn1,3.73,1,1,3.73,Low Value,One-time (1)
k4cmt5ly,3.73,1,1,3.73,Low Value,One-time (1)
kkq2d6ye,3.73,1,1,3.73,Low Value,One-time (1)
xaxkk4w2,3.73,1,1,3.73,Low Value,One-time (1)
oxqko11c,3.73,1,1,3.73,Low Value,One-time (1)
tjmfc4ff,3.73,1,1,3.73,Low Value,One-time (1)
ysxaltus,3.73,1,1,3.73,Low Value,One-time (1)
kmes6mz0,3.73,1,1,3.73,Low Value,One-time (1)
kctx4d5r,3.73,1,1,3.73,Low Value,One-time (1)
g946l6nq,3.73,1,1,3.73,Low Value,One-time (1)
nf1rdvf2,3.73,1,1,3.73,Low Value,One-time (1)
af4j990d,3.73,1,1,3.73,Low Value,One-time (1)
8955ixc8,3.73,1,1,3.73,Low Value,One-time (1)
u8f6aufk,3.73,1,1,3.73,Low Value,One-time (1)
zk05errf,3.73,1,1,3.73,Low Value,One-time (1)
86xjs3ht,3.73,1,1,3.73,Low Value,One-time (1)
x59x4ibl,3.73,1,1,3.73,Low Value,One-time (1)
5qsi99p7,3.73,1,1,3.73,Low Value,One-time (1)
p1yettpv,3.73,1,1,3.73,Low Value,One-time (1)
hiidejzl,3.73,1,1,3.73,Low Value,One-time (1)
8ebf62bp,3.73,1,1,3.73,Low Value,One-time (1)
mhh0iewt,3.73,1,1,3.73,Low Value,One-time (1)
hivqp8hw,3.73,1,1,3.73,Low Value,One-time (1)
490ads7m,3.73,1,1,3.73,Low Value,One-time (1)
2sj8xxlw,3.73,1,1,3.73,Low Value,One-time (1)
wcilb73b,3.73,1,1,3.73,Low Value,One-time (1)
lujw0h5h,3.73,1,1,3.73,Low Value,One-time (1)
v8f39cdp,3.73,1,1,3.73,Low Value,One-time (1)
ftxuw41v,3.73,1,1,3.73,Low Value,One-time (1)
yzx70ib3,3.73,1,1,3.73,Low Value,One-time (1)
cu5qmx51,3.73,1,1,3.73,Low Value,One-time (1)
qxmcthph,3.73,1,1,3.73,Low Value,One-time (1)
uj3op6qz,3.73,1,1,3.73,Low Value,One-time (1)
gkmoagjw,3.73,1,1,3.73,Low Value,One-time (1)
nb3suk7y,3.73,1,1,3.73,Low Value,One-time (1)
cpt0qx49,3.73,1,1,3.73,Low Value,One-time (1)
sua5nka2,3.73,1,1,3.73,Low Value,One-time (1)
djx5l40g,3.73,1,1,3.73,Low Value,One-time (1)
vy5e5dyn,3.73,1,1,3.73,Low Value,One-time (1)
x80nkxkb,3.73,1,1,3.73,Low Value,One-time (1)
shco64r8,3.72,1,1,3.72,Low Value,One-time (1)
drhq8wtr,3.72,1,1,3.72,Low Value,One-time (1)
hdbhmpau,3.72,1,1,3.72,Low Value,One-time (1)
7fgc2pui,3.72,1,1,3.72,Low Value,One-time (1)
fcio3tes,3.72,1,1,3.72,Low Value,One-time (1)
pnkn1rdm,3.72,1,1,3.72,Low Value,One-time (1)
miwubesf,3.72,1,1,3.72,Low Value,One-time (1)
k9jvn5i9,3.72,1,1,3.72,Low Value,One-time (1)
6phklh24,3.72,1,1,3.72,Low Value,One-time (1)
4zggx6uv,3.71,1,1,3.71,Low Value,One-time (1)
w3zhohin,3.71,1,1,3.71,Low Value,One-time (1)
ebt3jd62,3.71,1,1,3.71,Low Value,One-time (1)
b880fi3h,3.71,1,1,3.71,Low Value,One-time (1)
25au1xpl,3.71,1,1,3.71,Low Value,One-time (1)
8ecs4lg3,3.71,1,2,3.71,Low Value,One-time (1)
pknwsqt6,3.71,1,1,3.71,Low Value,One-time (1)
0rxp8694,3.71,1,1,3.71,Low Value,One-time (1)
98y9wu1q,3.71,1,1,3.71,Low Value,One-time (1)
89pv8mru,3.71,1,1,3.71,Low Value,One-time (1)
xydzeadd,3.71,1,1,3.71,Low Value,One-time (1)
qmozuvhk,3.7,1,1,3.7,Low Value,One-time (1)
qfe7flom,3.7,1,1,3.7,Low Value,One-time (1)
oxkq929k,3.7,1,1,3.7,Low Value,One-time (1)
rig2uwu7,3.69,1,1,3.69,Low Value,One-time (1)
0lnd2drd,3.69,1,1,3.69,Low Value,One-time (1)
10z4tf1k,3.69,1,1,3.69,Low Value,One-time (1)
wsje7aey,3.69,1,1,3.69,Low Value,One-time (1)
4yyvzyg2,3.69,1,1,3.69,Low Value,One-time (1)
yfv744e2,3.69,1,1,3.69,Low Value,One-time (1)
sieh8a7t,3.69,1,1,3.69,Low Value,One-time (1)
5h2ytt39,3.69,1,1,3.69,Low Value,One-time (1)
1kpdg9o9,3.69,1,1,3.69,Low Value,One-time (1)
u27hcp38,3.69,1,1,3.69,Low Value,One-time (1)
0hf581f1,3.69,1,1,3.69,Low Value,One-time (1)
u3fjfcwb,3.69,1,1,3.69,Low Value,One-time (1)
529qzygv,3.69,1,1,3.69,Low Value,One-time (1)
1sqqq5l2,3.69,1,1,3.69,Low Value,One-time (1)
52iqujqu,3.69,1,1,3.69,Low Value,One-time (1)
zv6blgni,3.69,1,1,3.69,Low Value,One-time (1)
1sx4rg28,3.69,1,1,3.69,Low Value,One-time (1)
1cf2maqy,3.69,1,1,3.69,Low Value,One-time (1)
4dadvrvi,3.69,1,1,3.69,Low Value,One-time (1)
xz433gd8,3.69,1,1,3.69,Low Value,One-time (1)
1t8i3vs9,3.69,1,1,3.69,Low Value,One-time (1)
33rxdt59,3.69,1,1,3.69,Low Value,One-time (1)
x2isytaf,3.69,1,1,3.69,Low Value,One-time (1)
qyug28a7,3.69,1,1,3.69,Low Value,One-time (1)
s4wdm8qs,3.69,1,2,3.69,Low Value,One-time (1)
xoac0ihs,3.69,1,1,3.69,Low Value,One-time (1)
qrnnmi6f,3.69,1,1,3.69,Low Value,One-time (1)
t8hzcjlz,3.69,1,1,3.69,Low Value,One-time (1)
1izc8fjv,3.69,1,1,3.69,Low Value,One-time (1)
4l0onpmr,3.69,1,1,3.69,Low Value,One-time (1)
061vrt9l,3.69,1,1,3.69,Low Value,One-time (1)
3rktv3fv,3.69,1,1,3.69,Low Value,One-time (1)
sps9tx7n,3.69,1,1,3.69,Low Value,One-time (1)
trd83x9a,3.69,1,1,3.69,Low Value,One-time (1)
w3oft1jb,3.69,1,1,3.69,Low Value,One-time (1)
5ksi6s4e,3.69,1,1,3.69,Low Value,One-time (1)
zfy5yb2v,3.69,1,1,3.69,Low Value,One-time (1)
0vnaok94,3.69,1,1,3.69,Low Value,One-time (1)
r8cl26vj,3.69,1,1,3.69,Low Value,One-time (1)
wny5tnwf,3.69,1,1,3.69,Low Value,One-time (1)
6m2wqd27,3.69,1,1,3.69,Low Value,One-time (1)
gch8ztdg,3.69,1,1,3.69,Low Value,One-time (1)
h1ss9r4r,3.69,1,1,3.69,Low Value,One-time (1)
mr7m6azj,3.69,1,1,3.69,Low Value,One-time (1)
n77wf283,3.69,1,1,3.69,Low Value,One-time (1)
nggb6myi,3.69,1,1,3.69,Low Value,One-time (1)
c5e9dpak,3.69,1,1,3.69,Low Value,One-time (1)
mv9fja0d,3.69,1,1,3.69,Low Value,One-time (1)
98x4nc3u,3.69,1,1,3.69,Low Value,One-time (1)
l727du0d,3.69,1,1,3.69,Low Value,One-time (1)
djfhitac,3.69,1,1,3.69,Low Value,One-time (1)
dxc6rijk,3.69,1,1,3.69,Low Value,One-time (1)
freix71p,3.69,1,1,3.69,Low Value,One-time (1)
76oso1xo,3.69,1,1,3.69,Low Value,One-time (1)
aq126lun,3.69,1,1,3.69,Low Value,One-time (1)
9j57tb5b,3.69,1,1,3.69,Low Value,One-time (1)
h2iiau7w,3.69,1,1,3.69,Low Value,One-time (1)
l7srxanq,3.69,1,1,3.69,Low Value,One-time (1)
h6vhgvhd,3.69,1,1,3.69,Low Value,One-time (1)
btg5o0za,3.69,1,1,3.69,Low Value,One-time (1)
9f6r0200,3.69,1,1,3.69,Low Value,One-time (1)
k507a289,3.69,1,1,3.69,Low Value,One-time (1)
lctouy4s,3.69,1,1,3.69,Low Value,One-time (1)
ai5ibsde,3.69,1,1,3.69,Low Value,One-time (1)
7mxwfm6d,3.69,1,1,3.69,Low Value,One-time (1)
l9gvbmqq,3.69,1,1,3.69,Low Value,One-time (1)
dxidaexh,3.69,1,1,3.69,Low Value,One-time (1)
dej3ne1d,3.69,1,1,3.69,Low Value,One-time (1)
drofdzuy,3.69,1,1,3.69,Low Value,One-time (1)
gt5yxos9,3.69,1,1,3.69,Low Value,One-time (1)
9k5tmc0p,3.69,1,1,3.69,Low Value,One-time (1)
7e55k7bo,3.69,1,1,3.69,Low Value,One-time (1)
kkv0dpdi,3.69,1,1,3.69,Low Value,One-time (1)
b6jl7sz7,3.69,1,1,3.69,Low Value,One-time (1)
8jjekydp,3.69,1,1,3.69,Low Value,One-time (1)
b5k3hi65,3.69,1,1,3.69,Low Value,One-time (1)
cj4csysx,3.69,1,1,3.69,Low Value,One-time (1)
6jinnwtp,3.69,1,1,3.69,Low Value,One-time (1)
f15jg1xy,3.69,1,1,3.69,Low Value,One-time (1)
d4zyp88m,3.69,1,1,3.69,Low Value,One-time (1)
jrdfszmp,3.69,1,1,3.69,Low Value,One-time (1)
f21skrzp,3.69,1,1,3.69,Low Value,One-time (1)
8nnwvkkm,3.69,1,1,3.69,Low Value,One-time (1)
g462jaf4,3.69,1,1,3.69,Low Value,One-time (1)
mkos7055,3.69,1,1,3.69,Low Value,One-time (1)
d7xg8clj,3.69,1,1,3.69,Low Value,One-time (1)
hvekvz2u,3.69,1,1,3.69,Low Value,One-time (1)
7g0vq40f,3.69,1,1,3.69,Low Value,One-time (1)
drzgks8i,3.69,1,1,3.69,Low Value,One-time (1)
glsqpnhs,3.69,1,1,3.69,Low Value,One-time (1)
ni8mzjb7,3.69,1,1,3.69,Low Value,One-time (1)
ayxar6yo,3.69,1,1,3.69,Low Value,One-time (1)
ouddyfat,3.69,1,1,3.69,Low Value,One-time (1)
lt9eih3k,3.69,1,1,3.69,Low Value,One-time (1)
k411vtua,3.69,1,1,3.69,Low Value,One-time (1)
s5ex3sju,3.68,1,2,3.68,Low Value,One-time (1)
2ht6c1ul,3.68,1,1,3.68,Low Value,One-time (1)
m4o30rap,3.68,1,1,3.68,Low Value,One-time (1)
4kzczxts,3.68,1,1,3.68,Low Value,One-time (1)
yp0t11kg,3.68,1,1,3.68,Low Value,One-time (1)
c24d6oo3,3.68,1,1,3.68,Low Value,One-time (1)
lpj7yxgv,3.68,1,2,3.68,Low Value,One-time (1)
uz62rgdj,3.68,1,1,3.68,Low Value,One-time (1)
yy7mlk2y,3.68,1,1,3.68,Low Value,One-time (1)
yxz01xav,3.68,1,1,3.68,Low Value,One-time (1)
p1pnyzff,3.68,1,1,3.68,Low Value,One-time (1)
2xpkecag,3.68,1,1,3.68,Low Value,One-time (1)
5hfbcr2x,3.68,1,1,3.68,Low Value,One-time (1)
in25h19s,3.68,1,1,3.68,Low Value,One-time (1)
ytqtas8s,3.68,1,2,3.68,Low Value,One-time (1)
2uawcxgy,3.68,1,2,3.68,Low Value,One-time (1)
a06etnp4,3.68,1,1,3.68,Low Value,One-time (1)
yrerelj6,3.68,1,1,3.68,Low Value,One-time (1)
i9q4p2so,3.68,1,2,3.68,Low Value,One-time (1)
m2gqc2r5,3.68,1,1,3.68,Low Value,One-time (1)
o5rq6l6u,3.68,1,1,3.68,Low Value,One-time (1)
ep9ij3er,3.68,1,1,3.68,Low Value,One-time (1)
8dpcaapx,3.68,1,2,3.68,Low Value,One-time (1)
vnd2c2fw,3.68,1,1,3.68,Low Value,One-time (1)
hykhixz9,3.68,1,1,3.68,Low Value,One-time (1)
y2y1htrf,3.68,1,2,3.68,Low Value,One-time (1)
byk5zd61,3.68,1,1,3.68,Low Value,One-time (1)
g3hm82qs,3.68,1,1,3.68,Low Value,One-time (1)
q0q6fv7r,3.68,1,1,3.68,Low Value,One-time (1)
lit38kdn,3.68,1,1,3.68,Low Value,One-time (1)
gulnulvt,3.68,1,1,3.68,Low Value,One-time (1)
ljiav8ad,3.68,1,2,3.68,Low Value,One-time (1)
spdqzoiy,3.68,1,2,3.68,Low Value,One-time (1)
lld1z4n0,3.68,1,1,3.68,Low Value,One-time (1)
5scrc8i1,3.68,1,1,3.68,Low Value,One-time (1)
1so4gatu,3.68,1,1,3.68,Low Value,One-time (1)
f2vysivh,3.68,1,1,3.68,Low Value,One-time (1)
b390drfa,3.68,1,1,3.68,Low Value,One-time (1)
x3tue2tm,3.68,1,1,3.68,Low Value,One-time (1)
87n7zxek,3.68,1,1,3.68,Low Value,One-time (1)
g8se3nqx,3.68,1,1,3.68,Low Value,One-time (1)
qu3i8v3v,3.68,1,1,3.68,Low Value,One-time (1)
x5pk34pl,3.68,1,1,3.68,Low Value,One-time (1)
lnlsch7i,3.68,1,1,3.68,Low Value,One-time (1)
sehyf4eg,3.68,1,1,3.68,Low Value,One-time (1)
li6thqle,3.68,1,1,3.68,Low Value,One-time (1)
bkc8zkx6,3.68,1,1,3.68,Low Value,One-time (1)
xy4r5j8c,3.68,1,1,3.68,Low Value,One-time (1)
lcnx65sp,3.68,1,2,3.68,Low Value,One-time (1)
ad73fxi5,3.68,1,1,3.68,Low Value,One-time (1)
fd0j07jy,3.68,1,2,3.68,Low Value,One-time (1)
13oue4rc,3.68,1,1,3.68,Low Value,One-time (1)
ux547bmt,3.68,1,1,3.68,Low Value,One-time (1)
295x9unu,3.68,1,1,3.68,Low Value,One-time (1)
aikctc3k,3.68,1,1,3.68,Low Value,One-time (1)
wagdq29t,3.68,1,1,3.68,Low Value,One-time (1)
qczfx49l,3.68,1,1,3.68,Low Value,One-time (1)
sszy74bp,3.68,1,1,3.68,Low Value,One-time (1)
h7op677n,3.68,1,2,3.68,Low Value,One-time (1)
fl97bovy,3.68,1,1,3.68,Low Value,One-time (1)
flbsmkfu,3.68,1,1,3.68,Low Value,One-time (1)
160ht4yy,3.68,1,1,3.68,Low Value,One-time (1)
aoim458a,3.68,1,1,3.68,Low Value,One-time (1)
kz82qtf7,3.68,1,1,3.68,Low Value,One-time (1)
n42x2ezc,3.68,1,1,3.68,Low Value,One-time (1)
qvindh4s,3.68,1,1,3.68,Low Value,One-time (1)
3t4tccmo,3.68,1,2,3.68,Low Value,One-time (1)
38m138f5,3.68,1,1,3.68,Low Value,One-time (1)
phdr8i85,3.68,1,2,3.68,Low Value,One-time (1)
knhzv652,3.68,1,1,3.68,Low Value,One-time (1)
mu5uwfpr,3.68,1,1,3.68,Low Value,One-time (1)
e1ezub15,3.68,1,1,3.68,Low Value,One-time (1)
my1fx74y,3.68,1,2,3.68,Low Value,One-time (1)
k9beoj4g,3.68,1,1,3.68,Low Value,One-time (1)
zru9f6pz,3.68,1,1,3.68,Low Value,One-time (1)
8xlqnsnw,3.68,1,1,3.68,Low Value,One-time (1)
3tzoytn7,3.68,1,1,3.68,Low Value,One-time (1)
8z8zn9np,3.68,1,1,3.68,Low Value,One-time (1)
3p02qvxy,3.68,1,2,3.68,Low Value,One-time (1)
n1m6u2ll,3.68,1,1,3.68,Low Value,One-time (1)
70cbuj1q,3.68,1,1,3.68,Low Value,One-time (1)
n20ar13i,3.68,1,1,3.68,Low Value,One-time (1)
nvj25v6o,3.68,1,1,3.68,Low Value,One-time (1)
d4694uas,3.68,1,1,3.68,Low Value,One-time (1)
khn7olxh,3.68,1,1,3.68,Low Value,One-time (1)
p8bdkgbo,3.68,1,1,3.68,Low Value,One-time (1)
nyd6z6sh,3.68,1,1,3.68,Low Value,One-time (1)
rernognu,3.68,1,1,3.68,Low Value,One-time (1)
e41ofv14,3.67,1,1,3.67,Low Value,One-time (1)
iyxcajc2,3.67,1,1,3.67,Low Value,One-time (1)
xuj3ac6p,3.67,1,1,3.67,Low Value,One-time (1)
y5zdlzw6,3.67,1,1,3.67,Low Value,One-time (1)
lgz07ywa,3.67,1,1,3.67,Low Value,One-time (1)
scbm2pm2,3.67,1,1,3.67,Low Value,One-time (1)
sji3boqo,3.67,1,1,3.67,Low Value,One-time (1)
difxx29d,3.67,1,1,3.67,Low Value,One-time (1)
7glygu92,3.67,1,1,3.67,Low Value,One-time (1)
c6xree9y,3.67,1,1,3.67,Low Value,One-time (1)
g1apokd9,3.67,1,1,3.67,Low Value,One-time (1)
g7gknzyg,3.67,1,1,3.67,Low Value,One-time (1)
6rk0et6x,3.67,1,1,3.67,Low Value,One-time (1)
y620n8tt,3.67,1,1,3.67,Low Value,One-time (1)
giqmna4h,3.67,1,1,3.67,Low Value,One-time (1)
5zejzzul,3.66,1,1,3.66,Low Value,One-time (1)
zhlpa1hv,3.66,1,1,3.66,Low Value,One-time (1)
bpgt9967,3.65,1,1,3.65,Low Value,One-time (1)
9dyepx2s,3.65,1,1,3.65,Low Value,One-time (1)
jv2o0m3u,3.65,1,1,3.65,Low Value,One-time (1)
p5p59wx9,3.65,1,1,3.65,Low Value,One-time (1)
bpg5ude8,3.65,1,1,3.65,Low Value,One-time (1)
wmi3s0be,3.65,1,1,3.65,Low Value,One-time (1)
15651d2t,3.65,1,1,3.65,Low Value,One-time (1)
56qp8zzu,3.65,1,1,3.65,Low Value,One-time (1)
w4cl7gsh,3.65,1,1,3.65,Low Value,One-time (1)
in3oeuvt,3.65,1,1,3.65,Low Value,One-time (1)
gcwcnhny,3.65,1,1,3.65,Low Value,One-time (1)
kccr30bd,3.65,1,1,3.65,Low Value,One-time (1)
g9pcadty,3.65,1,1,3.65,Low Value,One-time (1)
sfpjut9z,3.65,1,1,3.65,Low Value,One-time (1)
rt91vupy,3.65,1,1,3.65,Low Value,One-time (1)
hvyj1gg0,3.65,1,1,3.65,Low Value,One-time (1)
v6j2y7ce,3.65,1,1,3.65,Low Value,One-time (1)
2tvoo1ua,3.65,1,1,3.65,Low Value,One-time (1)
1rk7f65r,3.65,1,1,3.65,Low Value,One-time (1)
vxc3a9yh,3.65,1,1,3.65,Low Value,One-time (1)
f33rpq1w,3.64,1,2,3.64,Low Value,One-time (1)
e3jzf58o,3.64,1,1,3.64,Low Value,One-time (1)
ahuynks6,3.64,1,1,3.64,Low Value,One-time (1)
dk1nc5ka,3.64,1,1,3.64,Low Value,One-time (1)
x1i1te54,3.64,1,2,3.64,Low Value,One-time (1)
0b7t9crw,3.64,1,2,3.64,Low Value,One-time (1)
81adcw6c,3.64,1,2,3.64,Low Value,One-time (1)
dbgc94sc,3.64,1,1,3.64,Low Value,One-time (1)
cokfrk5q,3.64,1,1,3.64,Low Value,One-time (1)
fcelf2bx,3.64,1,1,3.64,Low Value,One-time (1)
9y7d2wqu,3.64,1,1,3.64,Low Value,One-time (1)
ffcxhgnz,3.6399999999999997,2,2,1.8199999999999998,Low Value,Occasional (2-3)
k0qt2oeb,3.62,1,1,3.62,Low Value,One-time (1)
k8uftwj2,3.62,1,1,3.62,Low Value,One-time (1)
nfw8pmrc,3.62,1,1,3.62,Low Value,One-time (1)
asv1ghl7,3.62,1,1,3.62,Low Value,One-time (1)
8bi9xdb2,3.62,1,1,3.62,Low Value,One-time (1)
y71j5s5s,3.62,1,1,3.62,Low Value,One-time (1)
bsjim3ri,3.62,1,1,3.62,Low Value,One-time (1)
fx9rqgid,3.62,1,1,3.62,Low Value,One-time (1)
kmfhf213,3.62,1,2,3.62,Low Value,One-time (1)
trbls9ad,3.62,1,1,3.62,Low Value,One-time (1)
ggonq0li,3.62,1,1,3.62,Low Value,One-time (1)
d3ae0bg3,3.62,1,1,3.62,Low Value,One-time (1)
rjd97ii8,3.62,1,1,3.62,Low Value,One-time (1)
vpf9pavc,3.62,1,1,3.62,Low Value,One-time (1)
5kqpat4k,3.62,1,2,3.62,Low Value,One-time (1)
vuu56mqe,3.62,1,2,3.62,Low Value,One-time (1)
7ulehpog,3.62,1,1,3.62,Low Value,One-time (1)
m4yvn945,3.62,1,2,3.62,Low Value,One-time (1)
t8si6hkf,3.62,1,2,3.62,Low Value,One-time (1)
8j318x31,3.62,1,1,3.62,Low Value,One-time (1)
z0mx3wv6,3.62,1,1,3.62,Low Value,One-time (1)
e8czemuh,3.62,1,1,3.62,Low Value,One-time (1)
excu8wrq,3.62,1,1,3.62,Low Value,One-time (1)
7l9woj0h,3.61,1,1,3.61,Low Value,One-time (1)
1zme5jk0,3.61,1,1,3.61,Low Value,One-time (1)
vquu7alz,3.61,1,1,3.61,Low Value,One-time (1)
anzk8cnz,3.61,1,1,3.61,Low Value,One-time (1)
taqdwxfe,3.61,1,1,3.61,Low Value,One-time (1)
coa9lsqy,3.61,1,1,3.61,Low Value,One-time (1)
p9mmhwdr,3.61,1,1,3.61,Low Value,One-time (1)
0ugo78y4,3.61,1,1,3.61,Low Value,One-time (1)
nl2ghn9c,3.61,1,1,3.61,Low Value,One-time (1)
veqt8b5i,3.61,1,1,3.61,Low Value,One-time (1)
pa1dlfib,3.61,1,1,3.61,Low Value,One-time (1)
bgqmimi3,3.61,1,1,3.61,Low Value,One-time (1)
n8sno67l,3.61,1,1,3.61,Low Value,One-time (1)
3aahkcux,3.61,1,1,3.61,Low Value,One-time (1)
optvfv9b,3.61,1,1,3.61,Low Value,One-time (1)
9f6dq4lz,3.61,1,1,3.61,Low Value,One-time (1)
g93ru8mn,3.61,1,1,3.61,Low Value,One-time (1)
h2zh8ntw,3.61,1,1,3.61,Low Value,One-time (1)
zwn3feiz,3.61,1,1,3.61,Low Value,One-time (1)
fnzqlwph,3.61,1,1,3.61,Low Value,One-time (1)
m1ayf12p,3.61,1,1,3.61,Low Value,One-time (1)
r6y9w7i5,3.61,1,1,3.61,Low Value,One-time (1)
a39gm2jo,3.61,1,1,3.61,Low Value,One-time (1)
dz1x7rm0,3.61,1,1,3.61,Low Value,One-time (1)
b4ibhif5,3.61,1,1,3.61,Low Value,One-time (1)
301dfulr,3.61,1,1,3.61,Low Value,One-time (1)
8aovz92g,3.61,1,1,3.61,Low Value,One-time (1)
i7n7iqwl,3.61,1,1,3.61,Low Value,One-time (1)
66lkzd18,3.61,1,1,3.61,Low Value,One-time (1)
gsf14wm7,3.61,1,1,3.61,Low Value,One-time (1)
f8yce9i9,3.61,1,1,3.61,Low Value,One-time (1)
b9gksb7q,3.61,1,1,3.61,Low Value,One-time (1)
itifxziu,3.61,1,1,3.61,Low Value,One-time (1)
ua3yisx3,3.61,1,1,3.61,Low Value,One-time (1)
zts1ob8d,3.61,1,1,3.61,Low Value,One-time (1)
4skmv45h,3.61,1,1,3.61,Low Value,One-time (1)
9jktdj3m,3.61,1,1,3.61,Low Value,One-time (1)
5u9bnaf0,3.61,1,1,3.61,Low Value,One-time (1)
1nyhxbhx,3.61,1,1,3.61,Low Value,One-time (1)
lbmdkrgh,3.61,1,1,3.61,Low Value,One-time (1)
f43xf12k,3.61,1,1,3.61,Low Value,One-time (1)
5v2v9ymk,3.61,1,1,3.61,Low Value,One-time (1)
4iaw4on2,3.61,1,1,3.61,Low Value,One-time (1)
m46u0o1o,3.61,1,1,3.61,Low Value,One-time (1)
6mcg7twh,3.61,1,1,3.61,Low Value,One-time (1)
droldr1v,3.61,1,1,3.61,Low Value,One-time (1)
ly009y7s,3.61,1,1,3.61,Low Value,One-time (1)
uqntrn8q,3.6,1,2,3.6,Low Value,One-time (1)
v32m5x8n,3.6,1,2,3.6,Low Value,One-time (1)
g7p3x6a3,3.6,1,1,3.6,Low Value,One-time (1)
9qp4btgd,3.6,1,1,3.6,Low Value,One-time (1)
4epxr9og,3.6,1,1,3.6,Low Value,One-time (1)
7gl4zoaq,3.6,1,2,3.6,Low Value,One-time (1)
i9i2xz5e,3.6,1,1,3.6,Low Value,One-time (1)
z69iu8qs,3.6,1,2,3.6,Low Value,One-time (1)
kwtozb8s,3.6,1,2,3.6,Low Value,One-time (1)
befkmyy3,3.6,1,2,3.6,Low Value,One-time (1)
4b6xfoi6,3.6,1,1,3.6,Low Value,One-time (1)
dhmgm1h5,3.6,1,2,3.6,Low Value,One-time (1)
nh5hc1a7,3.6,1,1,3.6,Low Value,One-time (1)
3697fhua,3.6,1,2,3.6,Low Value,One-time (1)
v95o8mm0,3.6,1,2,3.6,Low Value,One-time (1)
1yjbal2y,3.6,1,1,3.6,Low Value,One-time (1)
ofw6upu1,3.6,1,1,3.6,Low Value,One-time (1)
03lr49sv,3.6,1,1,3.6,Low Value,One-time (1)
9uxdh3gr,3.6,1,1,3.6,Low Value,One-time (1)
v8wzbq7w,3.6,1,1,3.6,Low Value,One-time (1)
megnbb96,3.6,1,2,3.6,Low Value,One-time (1)
zsbivuji,3.6,1,1,3.6,Low Value,One-time (1)
seadkdsa,3.6,1,1,3.6,Low Value,One-time (1)
ko7at3vz,3.6,1,2,3.6,Low Value,One-time (1)
5rlrdihs,3.6,1,1,3.6,Low Value,One-time (1)
ps0tj1ru,3.6,1,1,3.6,Low Value,One-time (1)
8rgj1ejm,3.6,1,1,3.6,Low Value,One-time (1)
9mbymtsw,3.6,1,1,3.6,Low Value,One-time (1)
2htol9lu,3.6,1,2,3.6,Low Value,One-time (1)
nx2rytqh,3.6,1,2,3.6,Low Value,One-time (1)
cibb0tvv,3.6,1,1,3.6,Low Value,One-time (1)
p3vpzyu0,3.6,1,1,3.6,Low Value,One-time (1)
agwdyfd6,3.6,1,1,3.6,Low Value,One-time (1)
98vf76kn,3.6,1,2,3.6,Low Value,One-time (1)
hm1not8s,3.6,1,1,3.6,Low Value,One-time (1)
72ko4d5t,3.6,1,2,3.6,Low Value,One-time (1)
4uocj3ax,3.6,1,1,3.6,Low Value,One-time (1)
zez6yp0h,3.6,1,1,3.6,Low Value,One-time (1)
10ebcn74,3.6,1,1,3.6,Low Value,One-time (1)
f62hkv80,3.6,1,1,3.6,Low Value,One-time (1)
q5g61bt7,3.6,1,1,3.6,Low Value,One-time (1)
vvf5dmtp,3.6,1,1,3.6,Low Value,One-time (1)
6kdd49ik,3.6,1,1,3.6,Low Value,One-time (1)
yfwfk9is,3.6,1,2,3.6,Low Value,One-time (1)
2lvfkbwd,3.6,1,1,3.6,Low Value,One-time (1)
lzr57txz,3.6,1,1,3.6,Low Value,One-time (1)
y3qttz68,3.6,1,1,3.6,Low Value,One-time (1)
sts2kw5o,3.6,1,1,3.6,Low Value,One-time (1)
a42spc58,3.6,1,2,3.6,Low Value,One-time (1)
ss5cfkvl,3.6,1,1,3.6,Low Value,One-time (1)
bn2ez1id,3.6,1,2,3.6,Low Value,One-time (1)
25a66wcm,3.6,1,2,3.6,Low Value,One-time (1)
8cs3zlwt,3.6,1,1,3.6,Low Value,One-time (1)
sjrg0l0n,3.6,1,1,3.6,Low Value,One-time (1)
pincx6uc,3.6,1,2,3.6,Low Value,One-time (1)
82edhgls,3.6,1,1,3.6,Low Value,One-time (1)
3ymgdgqw,3.6,1,1,3.6,Low Value,One-time (1)
qrbf6h3o,3.6,1,1,3.6,Low Value,One-time (1)
nd54jij1,3.59,1,1,3.59,Low Value,One-time (1)
qliztx4h,3.59,1,1,3.59,Low Value,One-time (1)
c2urj060,3.59,1,1,3.59,Low Value,One-time (1)
qxx843pa,3.59,1,1,3.59,Low Value,One-time (1)
csac2bzy,3.58,1,1,3.58,Low Value,One-time (1)
ndu50um8,3.58,1,1,3.58,Low Value,One-time (1)
qubbryqg,3.57,1,1,3.57,Low Value,One-time (1)
irjutfvj,3.57,1,1,3.57,Low Value,One-time (1)
3qhlcgiz,3.57,1,1,3.57,Low Value,One-time (1)
qq6yu1sl,3.57,1,1,3.57,Low Value,One-time (1)
srtrzj0j,3.57,1,1,3.57,Low Value,One-time (1)
ghvp11wv,3.57,1,1,3.57,Low Value,One-time (1)
iriofssx,3.57,1,1,3.57,Low Value,One-time (1)
uckj1wer,3.57,1,1,3.57,Low Value,One-time (1)
7dm6vjov,3.57,1,1,3.57,Low Value,One-time (1)
3vs33efe,3.57,1,1,3.57,Low Value,One-time (1)
ku61csxx,3.57,1,1,3.57,Low Value,One-time (1)
vs1we58j,3.57,1,1,3.57,Low Value,One-time (1)
9e3m9cph,3.57,1,1,3.57,Low Value,One-time (1)
jyook63r,3.57,1,1,3.57,Low Value,One-time (1)
obryv6ad,3.57,1,1,3.57,Low Value,One-time (1)
sut12qxy,3.57,1,1,3.57,Low Value,One-time (1)
lfodj6eu,3.57,1,1,3.57,Low Value,One-time (1)
48yz3wdt,3.57,1,1,3.57,Low Value,One-time (1)
lhi92wwp,3.57,1,1,3.57,Low Value,One-time (1)
gxbq9ok1,3.57,1,1,3.57,Low Value,One-time (1)
ukwg27ek,3.57,1,1,3.57,Low Value,One-time (1)
jd959ah3,3.57,1,1,3.57,Low Value,One-time (1)
5j09ti0w,3.57,1,1,3.57,Low Value,One-time (1)
b03kazhe,3.57,1,1,3.57,Low Value,One-time (1)
j6fy3kg6,3.57,1,1,3.57,Low Value,One-time (1)
8hwklnbj,3.57,1,1,3.57,Low Value,One-time (1)
9m3sofb1,3.57,1,1,3.57,Low Value,One-time (1)
klqthegv,3.57,1,1,3.57,Low Value,One-time (1)
py7rnjdw,3.57,1,1,3.57,Low Value,One-time (1)
0wulovhi,3.57,1,1,3.57,Low Value,One-time (1)
xo10ctpm,3.57,1,1,3.57,Low Value,One-time (1)
c9vp3m0l,3.57,1,1,3.57,Low Value,One-time (1)
rrxm96iu,3.57,1,1,3.57,Low Value,One-time (1)
4lxoykpg,3.57,1,1,3.57,Low Value,One-time (1)
4eyyfmpl,3.57,1,1,3.57,Low Value,One-time (1)
s3bz0cbr,3.57,1,1,3.57,Low Value,One-time (1)
z6fp9xaq,3.57,1,1,3.57,Low Value,One-time (1)
cgi4e3yr,3.57,1,1,3.57,Low Value,One-time (1)
0iagi8oc,3.57,1,1,3.57,Low Value,One-time (1)
erxx0i4e,3.57,1,1,3.57,Low Value,One-time (1)
xr6nhj9f,3.57,1,1,3.57,Low Value,One-time (1)
dx61fhhz,3.57,1,1,3.57,Low Value,One-time (1)
dvkrgso3,3.57,1,1,3.57,Low Value,One-time (1)
yjo4h6al,3.57,1,1,3.57,Low Value,One-time (1)
6abwnkhv,3.57,1,1,3.57,Low Value,One-time (1)
pyaxsmci,3.57,1,1,3.57,Low Value,One-time (1)
lx6ud9ui,3.57,1,1,3.57,Low Value,One-time (1)
bp10twzy,3.57,1,1,3.57,Low Value,One-time (1)
1mgzugst,3.57,1,1,3.57,Low Value,One-time (1)
mxfwlggp,3.57,1,1,3.57,Low Value,One-time (1)
g94hz6u1,3.57,1,1,3.57,Low Value,One-time (1)
ybk9fbp0,3.56,1,1,3.56,Low Value,One-time (1)
6jccsyh8,3.56,1,1,3.56,Low Value,One-time (1)
oeko6b1n,3.56,1,1,3.56,Low Value,One-time (1)
xta7b1mz,3.56,1,2,3.56,Low Value,One-time (1)
2ou4hdog,3.56,1,1,3.56,Low Value,One-time (1)
w8d97bo5,3.56,1,1,3.56,Low Value,One-time (1)
s1643m67,3.56,1,1,3.56,Low Value,One-time (1)
8u155h1i,3.56,1,2,3.56,Low Value,One-time (1)
i481icmj,3.56,1,1,3.56,Low Value,One-time (1)
antra0bb,3.56,1,2,3.56,Low Value,One-time (1)
n9wszv83,3.56,1,1,3.56,Low Value,One-time (1)
txnpx23l,3.56,1,1,3.56,Low Value,One-time (1)
z978a2hm,3.56,1,1,3.56,Low Value,One-time (1)
vsqmtcf9,3.56,1,2,3.56,Low Value,One-time (1)
actet0mj,3.56,1,2,3.56,Low Value,One-time (1)
tbwyqdd4,3.56,1,1,3.56,Low Value,One-time (1)
12bkr7xn,3.56,1,2,3.56,Low Value,One-time (1)
lr2r97kl,3.56,1,1,3.56,Low Value,One-time (1)
ufaheie7,3.56,1,1,3.56,Low Value,One-time (1)
yk48kfca,3.56,1,1,3.56,Low Value,One-time (1)
1g3vjz72,3.56,1,1,3.56,Low Value,One-time (1)
9a7x1ytn,3.56,1,2,3.56,Low Value,One-time (1)
fkqyeq7x,3.55,1,1,3.55,Low Value,One-time (1)
c4g00gma,3.55,1,1,3.55,Low Value,One-time (1)
oc3nlpca,3.55,1,1,3.55,Low Value,One-time (1)
m6sbcchv,3.55,1,1,3.55,Low Value,One-time (1)
ic4a97xj,3.55,1,1,3.55,Low Value,One-time (1)
m3kmcb03,3.55,1,1,3.55,Low Value,One-time (1)
5vkmnd9d,3.55,1,1,3.55,Low Value,One-time (1)
o22qgje9,3.55,1,1,3.55,Low Value,One-time (1)
kxz7ptv4,3.55,1,1,3.55,Low Value,One-time (1)
edeq5974,3.55,1,1,3.55,Low Value,One-time (1)
k77uai26,3.55,1,1,3.55,Low Value,One-time (1)
9jg2c910,3.55,1,1,3.55,Low Value,One-time (1)
yy9o6oxa,3.55,1,1,3.55,Low Value,One-time (1)
kzy2srd8,3.54,1,1,3.54,Low Value,One-time (1)
f2y21nte,3.54,1,1,3.54,Low Value,One-time (1)
lqjn74vf,3.54,1,1,3.54,Low Value,One-time (1)
rsspj3u2,3.54,1,1,3.54,Low Value,One-time (1)
dvbp5f24,3.53,1,1,3.53,Low Value,One-time (1)
sw3wjmcs,3.53,1,1,3.53,Low Value,One-time (1)
8nwknf0w,3.53,1,1,3.53,Low Value,One-time (1)
m1peekoz,3.53,1,1,3.53,Low Value,One-time (1)
kofie62i,3.53,1,1,3.53,Low Value,One-time (1)
zhs9lxw9,3.53,1,1,3.53,Low Value,One-time (1)
w03j0s82,3.53,1,1,3.53,Low Value,One-time (1)
pihmqer0,3.53,1,1,3.53,Low Value,One-time (1)
2bxcoudo,3.53,1,1,3.53,Low Value,One-time (1)
gha6daby,3.53,1,1,3.53,Low Value,One-time (1)
wda31oaa,3.53,1,1,3.53,Low Value,One-time (1)
aief8arc,3.53,1,1,3.53,Low Value,One-time (1)
pfa3n6jp,3.53,1,1,3.53,Low Value,One-time (1)
6zeeto2z,3.53,1,1,3.53,Low Value,One-time (1)
hgz8o4dq,3.53,1,1,3.53,Low Value,One-time (1)
dxq26irv,3.53,1,1,3.53,Low Value,One-time (1)
ncpxlgrd,3.53,1,1,3.53,Low Value,One-time (1)
rr7gmmqn,3.53,1,1,3.53,Low Value,One-time (1)
gwd7yvvz,3.53,1,1,3.53,Low Value,One-time (1)
vm0kicqo,3.53,1,1,3.53,Low Value,One-time (1)
1bc6exo7,3.53,1,1,3.53,Low Value,One-time (1)
9y7iydwd,3.53,1,1,3.53,Low Value,One-time (1)
lt1ohk2r,3.53,1,1,3.53,Low Value,One-time (1)
rs8q465v,3.53,1,1,3.53,Low Value,One-time (1)
liar5qra,3.53,1,1,3.53,Low Value,One-time (1)
av0pbw2h,3.53,1,1,3.53,Low Value,One-time (1)
i7p18cpf,3.53,1,1,3.53,Low Value,One-time (1)
yvcigdq9,3.53,1,1,3.53,Low Value,One-time (1)
4ava9xky,3.53,1,1,3.53,Low Value,One-time (1)
n6febn6e,3.52,1,1,3.52,Low Value,One-time (1)
aihvatet,3.52,1,1,3.52,Low Value,One-time (1)
t7hvw5aa,3.52,1,1,3.52,Low Value,One-time (1)
026ms1h5,3.52,1,1,3.52,Low Value,One-time (1)
fi4hu7wu,3.52,1,1,3.52,Low Value,One-time (1)
bogc2nam,3.52,1,1,3.52,Low Value,One-time (1)
8xo2wtkp,3.52,1,1,3.52,Low Value,One-time (1)
svj8jgoi,3.52,1,1,3.52,Low Value,One-time (1)
2tj52g2h,3.52,1,1,3.52,Low Value,One-time (1)
4pl7v44z,3.52,1,1,3.52,Low Value,One-time (1)
0qx6ocav,3.52,1,1,3.52,Low Value,One-time (1)
z4280tgm,3.52,1,1,3.52,Low Value,One-time (1)
0sisit84,3.52,1,1,3.52,Low Value,One-time (1)
2h2t6zph,3.52,1,1,3.52,Low Value,One-time (1)
3u60hgmx,3.52,1,1,3.52,Low Value,One-time (1)
jx3vpomj,3.52,1,1,3.52,Low Value,One-time (1)
qgqr6rdu,3.52,1,1,3.52,Low Value,One-time (1)
j47ta3cs,3.52,1,1,3.52,Low Value,One-time (1)
z93vqnry,3.52,1,1,3.52,Low Value,One-time (1)
9r281ejr,3.52,1,1,3.52,Low Value,One-time (1)
gbzt8pp9,3.52,1,1,3.52,Low Value,One-time (1)
oi3977u7,3.52,1,1,3.52,Low Value,One-time (1)
xuc9bj8d,3.52,1,1,3.52,Low Value,One-time (1)
ohddzqd9,3.52,1,1,3.52,Low Value,One-time (1)
g9n7qz6g,3.52,1,1,3.52,Low Value,One-time (1)
fq5pxpri,3.52,1,1,3.52,Low Value,One-time (1)
xodkklkx,3.52,1,1,3.52,Low Value,One-time (1)
b4w2hfh1,3.52,1,1,3.52,Low Value,One-time (1)
xy4g8on3,3.52,1,1,3.52,Low Value,One-time (1)
wcudydu7,3.52,1,1,3.52,Low Value,One-time (1)
hcnr4lk7,3.52,1,1,3.52,Low Value,One-time (1)
0l4x8p33,3.51,1,1,3.51,Low Value,One-time (1)
bmhvy4t4,3.51,1,1,3.51,Low Value,One-time (1)
3djlfvdn,3.5,1,1,3.5,Low Value,One-time (1)
si8gizix,3.5,1,1,3.5,Low Value,One-time (1)
ut6ycdzn,3.5,1,1,3.5,Low Value,One-time (1)
qq8e9ly4,3.5,1,1,3.5,Low Value,One-time (1)
wj4n7ahx,3.5,1,1,3.5,Low Value,One-time (1)
du2fkzr2,3.5,1,1,3.5,Low Value,One-time (1)
zfc8w8da,3.5,1,1,3.5,Low Value,One-time (1)
pmq4j2qk,3.5,1,1,3.5,Low Value,One-time (1)
jujbeoqf,3.5,1,1,3.5,Low Value,One-time (1)
0avo8ha3,3.5,1,1,3.5,Low Value,One-time (1)
25cd9q01,3.5,1,1,3.5,Low Value,One-time (1)
59imjb7f,3.5,1,1,3.5,Low Value,One-time (1)
5gjifiop,3.5,1,1,3.5,Low Value,One-time (1)
22vai7bc,3.5,1,1,3.5,Low Value,One-time (1)
qx1vf5xk,3.5,1,1,3.5,Low Value,One-time (1)
b6sg1zp5,3.5,1,1,3.5,Low Value,One-time (1)
i8lqm64p,3.5,1,1,3.5,Low Value,One-time (1)
c810ltst,3.5,1,1,3.5,Low Value,One-time (1)
supka448,3.5,1,1,3.5,Low Value,One-time (1)
kl8pk0y5,3.5,1,1,3.5,Low Value,One-time (1)
xa6k56p0,3.5,1,1,3.5,Low Value,One-time (1)
dm15h88v,3.5,1,1,3.5,Low Value,One-time (1)
0pmws5eo,3.5,1,1,3.5,Low Value,One-time (1)
5bguu9f6,3.5,1,1,3.5,Low Value,One-time (1)
zzn5idck,3.5,1,1,3.5,Low Value,One-time (1)
62iiqs9x,3.5,1,1,3.5,Low Value,One-time (1)
w6dpdulf,3.5,1,1,3.5,Low Value,One-time (1)
eiqp87d9,3.5,1,1,3.5,Low Value,One-time (1)
fvvua7xb,3.49,1,1,3.49,Low Value,One-time (1)
wi5cwvti,3.49,1,1,3.49,Low Value,One-time (1)
z3rv7pg0,3.49,1,1,3.49,Low Value,One-time (1)
uyeuzact,3.49,1,1,3.49,Low Value,One-time (1)
vbdvvrhr,3.49,1,1,3.49,Low Value,One-time (1)
j6tlrcah,3.49,1,1,3.49,Low Value,One-time (1)
2o5w3s9q,3.49,1,1,3.49,Low Value,One-time (1)
xuxkdi03,3.49,1,1,3.49,Low Value,One-time (1)
nb6dyk04,3.49,1,1,3.49,Low Value,One-time (1)
17iwpt8m,3.49,1,1,3.49,Low Value,One-time (1)
1w2ognqr,3.49,1,1,3.49,Low Value,One-time (1)
gyomc9pe,3.49,1,2,3.49,Low Value,One-time (1)
sh0zvi1x,3.49,1,2,3.49,Low Value,One-time (1)
bddfk9ok,3.49,1,1,3.49,Low Value,One-time (1)
ap0zn7zo,3.49,1,1,3.49,Low Value,One-time (1)
l61cq3ar,3.49,1,1,3.49,Low Value,One-time (1)
d6pz5lao,3.49,1,1,3.49,Low Value,One-time (1)
k2e0vxxc,3.49,1,1,3.49,Low Value,One-time (1)
wxwbhlw6,3.49,1,1,3.49,Low Value,One-time (1)
8b41fjnf,3.49,1,1,3.49,Low Value,One-time (1)
6e98ifmy,3.49,1,1,3.49,Low Value,One-time (1)
we4c1v47,3.49,1,1,3.49,Low Value,One-time (1)
qyigjguv,3.48,1,2,3.48,Low Value,One-time (1)
lgq8udhu,3.47,1,1,3.47,Low Value,One-time (1)
1wqk9q30,3.47,1,1,3.47,Low Value,One-time (1)
avd75sj0,3.46,1,1,3.46,Low Value,One-time (1)
5xyttosb,3.46,1,1,3.46,Low Value,One-time (1)
08xdj5r0,3.46,1,1,3.46,Low Value,One-time (1)
8wmuwjvj,3.46,1,1,3.46,Low Value,One-time (1)
8qj1p2zi,3.46,1,1,3.46,Low Value,One-time (1)
woiht5da,3.46,1,1,3.46,Low Value,One-time (1)
atdj7xha,3.46,1,1,3.46,Low Value,One-time (1)
kb7htf7f,3.46,1,1,3.46,Low Value,One-time (1)
ztua32t3,3.46,1,1,3.46,Low Value,One-time (1)
6u4ggift,3.46,1,1,3.46,Low Value,One-time (1)
02khnjir,3.46,1,1,3.46,Low Value,One-time (1)
8gmg6cmn,3.46,1,1,3.46,Low Value,One-time (1)
3l3tvcsd,3.46,1,1,3.46,Low Value,One-time (1)
7qwe78rn,3.46,1,1,3.46,Low Value,One-time (1)
b498sb2v,3.46,1,1,3.46,Low Value,One-time (1)
dm90oad0,3.46,1,1,3.46,Low Value,One-time (1)
iqdwwzb3,3.46,1,1,3.46,Low Value,One-time (1)
7127eso4,3.46,1,1,3.46,Low Value,One-time (1)
g53rcpuz,3.46,1,1,3.46,Low Value,One-time (1)
9ncscyyh,3.46,1,1,3.46,Low Value,One-time (1)
kvonnlha,3.46,1,1,3.46,Low Value,One-time (1)
gsobjfho,3.46,1,1,3.46,Low Value,One-time (1)
1sb2ozkp,3.46,1,1,3.46,Low Value,One-time (1)
600b91y9,3.46,1,1,3.46,Low Value,One-time (1)
9f4593s1,3.46,1,1,3.46,Low Value,One-time (1)
uuo502ep,3.46,1,1,3.46,Low Value,One-time (1)
gohb9x4v,3.46,1,1,3.46,Low Value,One-time (1)
lsiidfn6,3.46,1,1,3.46,Low Value,One-time (1)
ny3wgxqm,3.46,1,1,3.46,Low Value,One-time (1)
7od4rrls,3.46,1,1,3.46,Low Value,One-time (1)
orrbqspm,3.46,1,1,3.46,Low Value,One-time (1)
v2ybvp6r,3.46,1,1,3.46,Low Value,One-time (1)
wdvue97i,3.46,1,1,3.46,Low Value,One-time (1)
sysuewgq,3.46,1,1,3.46,Low Value,One-time (1)
m5ccpyqz,3.46,1,1,3.46,Low Value,One-time (1)
a5r7wiuo,3.46,1,1,3.46,Low Value,One-time (1)
wj1dhddl,3.46,1,1,3.46,Low Value,One-time (1)
y9tq6ds6,3.46,1,1,3.46,Low Value,One-time (1)
psixjgv0,3.46,1,1,3.46,Low Value,One-time (1)
h7gkxr4l,3.46,1,1,3.46,Low Value,One-time (1)
pyo2m2xi,3.46,1,1,3.46,Low Value,One-time (1)
la06r6l5,3.46,1,1,3.46,Low Value,One-time (1)
viw0up4r,3.46,1,1,3.46,Low Value,One-time (1)
hk42f32y,3.46,1,1,3.46,Low Value,One-time (1)
4h34gsou,3.46,1,1,3.46,Low Value,One-time (1)
m0at3tu0,3.46,1,1,3.46,Low Value,One-time (1)
l7wu234i,3.46,1,1,3.46,Low Value,One-time (1)
sympkhha,3.46,1,1,3.46,Low Value,One-time (1)
2nz0vtsh,3.46,1,1,3.46,Low Value,One-time (1)
16b8mpdr,3.46,1,1,3.46,Low Value,One-time (1)
0xntkuly,3.46,1,1,3.46,Low Value,One-time (1)
bp21s50g,3.46,1,1,3.46,Low Value,One-time (1)
vt007gcm,3.45,1,1,3.45,Low Value,One-time (1)
bnkvqn1l,3.45,1,1,3.45,Low Value,One-time (1)
9ui87ngz,3.45,1,1,3.45,Low Value,One-time (1)
bmxpbbgk,3.45,1,1,3.45,Low Value,One-time (1)
x3eiu068,3.45,1,1,3.45,Low Value,One-time (1)
xomjubzs,3.45,1,1,3.45,Low Value,One-time (1)
gmm1o5cm,3.45,1,1,3.45,Low Value,One-time (1)
owxlgzyh,3.45,1,1,3.45,Low Value,One-time (1)
q8r42jyz,3.45,1,1,3.45,Low Value,One-time (1)
wwn8vw16,3.45,1,1,3.45,Low Value,One-time (1)
y0qh1gil,3.45,1,1,3.45,Low Value,One-time (1)
jx5td44k,3.45,1,1,3.45,Low Value,One-time (1)
yhzw8qjk,3.45,1,1,3.45,Low Value,One-time (1)
lvatgw6o,3.45,1,1,3.45,Low Value,One-time (1)
0nsqez38,3.45,1,1,3.45,Low Value,One-time (1)
w6jcjlhj,3.45,1,1,3.45,Low Value,One-time (1)
lm04wwsa,3.45,1,1,3.45,Low Value,One-time (1)
q8avgvhm,3.45,1,1,3.45,Low Value,One-time (1)
yjua3ah9,3.45,1,1,3.45,Low Value,One-time (1)
vwbennme,3.45,1,1,3.45,Low Value,One-time (1)
nrfjfzad,3.45,1,1,3.45,Low Value,One-time (1)
4k0kf7uc,3.45,1,1,3.45,Low Value,One-time (1)
slzyc8r7,3.45,1,1,3.45,Low Value,One-time (1)
fi47rh2q,3.45,1,1,3.45,Low Value,One-time (1)
4t2cjwsn,3.45,1,1,3.45,Low Value,One-time (1)
kc5pxfj8,3.45,1,1,3.45,Low Value,One-time (1)
bisabiar,3.45,1,1,3.45,Low Value,One-time (1)
6h6cxunp,3.45,1,1,3.45,Low Value,One-time (1)
2bg46r8q,3.45,1,1,3.45,Low Value,One-time (1)
ciweoyxs,3.45,1,1,3.45,Low Value,One-time (1)
e2ae7pfn,3.45,1,1,3.45,Low Value,One-time (1)
zbd4naz9,3.44,1,1,3.44,Low Value,One-time (1)
ohc7c0es,3.44,1,1,3.44,Low Value,One-time (1)
pjtiu0hd,3.44,1,1,3.44,Low Value,One-time (1)
98fp7abd,3.44,1,1,3.44,Low Value,One-time (1)
jpwyyc6s,3.44,1,1,3.44,Low Value,One-time (1)
ou4ap4zz,3.44,1,1,3.44,Low Value,One-time (1)
80h8f8lm,3.44,1,1,3.44,Low Value,One-time (1)
0ea5b4kg,3.44,1,1,3.44,Low Value,One-time (1)
jqyjv84a,3.44,1,1,3.44,Low Value,One-time (1)
gjlynnim,3.44,1,1,3.44,Low Value,One-time (1)
dpnopxrg,3.44,1,1,3.44,Low Value,One-time (1)
6qrym871,3.44,1,1,3.44,Low Value,One-time (1)
mtwcsas0,3.44,1,1,3.44,Low Value,One-time (1)
kly4bfe3,3.44,1,1,3.44,Low Value,One-time (1)
loib0sjb,3.44,1,1,3.44,Low Value,One-time (1)
bnmtxado,3.44,1,1,3.44,Low Value,One-time (1)
023291lq,3.44,1,1,3.44,Low Value,One-time (1)
5dhzxh4i,3.44,1,1,3.44,Low Value,One-time (1)
kmbuzlgz,3.44,1,1,3.44,Low Value,One-time (1)
ancupgu8,3.44,1,1,3.44,Low Value,One-time (1)
61qqbpsy,3.44,1,1,3.44,Low Value,One-time (1)
ka92vlwt,3.44,1,1,3.44,Low Value,One-time (1)
qsel1tt1,3.44,1,1,3.44,Low Value,One-time (1)
u9ivlx6x,3.44,1,1,3.44,Low Value,One-time (1)
afeyuhz1,3.44,1,1,3.44,Low Value,One-time (1)
s9aif7sz,3.44,1,1,3.44,Low Value,One-time (1)
zigikqwj,3.44,1,1,3.44,Low Value,One-time (1)
g67cs1yv,3.44,1,1,3.44,Low Value,One-time (1)
cmmwcv4f,3.44,1,1,3.44,Low Value,One-time (1)
dpdhk3zg,3.44,1,1,3.44,Low Value,One-time (1)
f6trwlw6,3.44,1,1,3.44,Low Value,One-time (1)
u6sza7dv,3.44,1,1,3.44,Low Value,One-time (1)
mt2wdnov,3.44,1,1,3.44,Low Value,One-time (1)
xy57i6aj,3.44,1,1,3.44,Low Value,One-time (1)
jfos7fv0,3.44,1,1,3.44,Low Value,One-time (1)
irak2yek,3.44,1,1,3.44,Low Value,One-time (1)
9xn1n38d,3.44,1,1,3.44,Low Value,One-time (1)
nmn02r69,3.44,1,1,3.44,Low Value,One-time (1)
l8titnqk,3.44,1,1,3.44,Low Value,One-time (1)
t01s2tf4,3.44,1,1,3.44,Low Value,One-time (1)
22o2k3up,3.44,1,1,3.44,Low Value,One-time (1)
2zikoztp,3.44,1,1,3.44,Low Value,One-time (1)
rucheip6,3.44,1,1,3.44,Low Value,One-time (1)
yx2kupcy,3.44,1,1,3.44,Low Value,One-time (1)
c3vthu8n,3.44,1,1,3.44,Low Value,One-time (1)
mfeksene,3.44,1,1,3.44,Low Value,One-time (1)
2x2cryoi,3.44,1,1,3.44,Low Value,One-time (1)
rxt46jgw,3.44,1,1,3.44,Low Value,One-time (1)
bi6qsrer,3.44,1,1,3.44,Low Value,One-time (1)
q8wu41xv,3.44,1,1,3.44,Low Value,One-time (1)
ngtovb11,3.44,1,1,3.44,Low Value,One-time (1)
yu727wph,3.44,1,1,3.44,Low Value,One-time (1)
fp0f0504,3.44,1,1,3.44,Low Value,One-time (1)
vfxr0f05,3.44,1,1,3.44,Low Value,One-time (1)
t7earao7,3.44,1,1,3.44,Low Value,One-time (1)
no6ctqgz,3.44,1,1,3.44,Low Value,One-time (1)
vhcvgm9r,3.44,1,1,3.44,Low Value,One-time (1)
9wl9tm7x,3.44,1,1,3.44,Low Value,One-time (1)
nc8ccfk6,3.44,1,1,3.44,Low Value,One-time (1)
6akfohfx,3.44,1,1,3.44,Low Value,One-time (1)
yqydphwb,3.44,1,1,3.44,Low Value,One-time (1)
p3f39vhc,3.44,1,1,3.44,Low Value,One-time (1)
6cp02yku,3.44,1,1,3.44,Low Value,One-time (1)
0qdr8eme,3.44,1,1,3.44,Low Value,One-time (1)
z5e9vegd,3.44,1,1,3.44,Low Value,One-time (1)
33cnjzbp,3.44,1,1,3.44,Low Value,One-time (1)
wwvoloz3,3.44,1,1,3.44,Low Value,One-time (1)
je7xqty6,3.44,1,1,3.44,Low Value,One-time (1)
ewky7a2u,3.44,1,1,3.44,Low Value,One-time (1)
o4x0jd34,3.44,1,1,3.44,Low Value,One-time (1)
fyo1750c,3.44,1,1,3.44,Low Value,One-time (1)
naf7qz85,3.44,1,1,3.44,Low Value,One-time (1)
p661iygp,3.44,1,1,3.44,Low Value,One-time (1)
m41tybsu,3.44,1,1,3.44,Low Value,One-time (1)
7n4iqaq1,3.44,1,1,3.44,Low Value,One-time (1)
3z2y2yc8,3.44,1,1,3.44,Low Value,One-time (1)
6twzcc5y,3.44,1,1,3.44,Low Value,One-time (1)
e4mupawe,3.44,1,1,3.44,Low Value,One-time (1)
unjajdzk,3.44,1,1,3.44,Low Value,One-time (1)
kb0pj6z3,3.43,1,1,3.43,Low Value,One-time (1)
0pk6fpas,3.43,1,1,3.43,Low Value,One-time (1)
0qgqwomt,3.43,1,1,3.43,Low Value,One-time (1)
2hem58tp,3.43,1,1,3.43,Low Value,One-time (1)
gakugs4r,3.43,1,1,3.43,Low Value,One-time (1)
ul0hbblf,3.43,1,1,3.43,Low Value,One-time (1)
g4iztcpl,3.43,1,1,3.43,Low Value,One-time (1)
24bt607v,3.43,1,1,3.43,Low Value,One-time (1)
skr3w8hk,3.43,1,1,3.43,Low Value,One-time (1)
bmhenkh2,3.43,1,1,3.43,Low Value,One-time (1)
o5zcyt3y,3.43,1,1,3.43,Low Value,One-time (1)
y9lpk4p4,3.43,1,1,3.43,Low Value,One-time (1)
hf52cs5q,3.43,1,1,3.43,Low Value,One-time (1)
hhk8u0s5,3.43,1,1,3.43,Low Value,One-time (1)
tj7ie1pv,3.43,1,1,3.43,Low Value,One-time (1)
vbsxelx1,3.43,1,1,3.43,Low Value,One-time (1)
kg6al4us,3.43,1,1,3.43,Low Value,One-time (1)
tfvjxo4i,3.43,1,1,3.43,Low Value,One-time (1)
wd2mbunh,3.43,1,1,3.43,Low Value,One-time (1)
83khkswi,3.42,1,1,3.42,Low Value,One-time (1)
t57ydzxt,3.42,1,1,3.42,Low Value,One-time (1)
r129z97s,3.42,1,1,3.42,Low Value,One-time (1)
sslnsxgw,3.42,1,1,3.42,Low Value,One-time (1)
nf4epmjt,3.42,1,1,3.42,Low Value,One-time (1)
svdvja4u,3.42,1,1,3.42,Low Value,One-time (1)
mubnwvwx,3.42,1,1,3.42,Low Value,One-time (1)
4a2epooc,3.42,1,1,3.42,Low Value,One-time (1)
sh6aig2a,3.42,1,1,3.42,Low Value,One-time (1)
8pdvz40w,3.42,1,1,3.42,Low Value,One-time (1)
mtf0w5u3,3.42,1,1,3.42,Low Value,One-time (1)
l9kxciiu,3.42,1,1,3.42,Low Value,One-time (1)
n8j16lqy,3.42,1,1,3.42,Low Value,One-time (1)
rnd0enk8,3.42,1,1,3.42,Low Value,One-time (1)
ku8niarn,3.42,1,1,3.42,Low Value,One-time (1)
td1pdwfa,3.42,1,1,3.42,Low Value,One-time (1)
smw01qzm,3.42,1,1,3.42,Low Value,One-time (1)
443yk3z1,3.42,1,1,3.42,Low Value,One-time (1)
vw5wvmrp,3.42,1,1,3.42,Low Value,One-time (1)
wsyo2qre,3.42,1,1,3.42,Low Value,One-time (1)
0j9u75fu,3.42,1,1,3.42,Low Value,One-time (1)
fjw0b6i4,3.42,1,1,3.42,Low Value,One-time (1)
6dmjlxdw,3.42,1,1,3.42,Low Value,One-time (1)
yn7m2x2w,3.42,1,1,3.42,Low Value,One-time (1)
yjt5isdk,3.42,1,1,3.42,Low Value,One-time (1)
vn4kl2lb,3.42,1,1,3.42,Low Value,One-time (1)
12m7br25,3.42,1,1,3.42,Low Value,One-time (1)
bqssvukw,3.42,1,1,3.42,Low Value,One-time (1)
urtydhfr,3.42,1,1,3.42,Low Value,One-time (1)
hvkn2kp7,3.42,1,1,3.42,Low Value,One-time (1)
5g1c1nx7,3.42,1,1,3.42,Low Value,One-time (1)
hbr6zw6n,3.42,1,1,3.42,Low Value,One-time (1)
9lwuceev,3.42,1,1,3.42,Low Value,One-time (1)
nzjlh9kk,3.42,1,1,3.42,Low Value,One-time (1)
0k0xib7x,3.42,1,1,3.42,Low Value,One-time (1)
e6yyihs8,3.42,1,1,3.42,Low Value,One-time (1)
yynb2ql5,3.42,1,1,3.42,Low Value,One-time (1)
bssgo3fv,3.42,1,1,3.42,Low Value,One-time (1)
ppg0gsty,3.42,1,1,3.42,Low Value,One-time (1)
5k1ed7u2,3.42,1,1,3.42,Low Value,One-time (1)
hzmxixyq,3.42,1,1,3.42,Low Value,One-time (1)
fksog7m6,3.42,1,1,3.42,Low Value,One-time (1)
2pmb6xgk,3.42,1,1,3.42,Low Value,One-time (1)
6hrr6clv,3.42,1,1,3.42,Low Value,One-time (1)
bgnmd3m2,3.42,1,1,3.42,Low Value,One-time (1)
6lg7kcvm,3.42,1,1,3.42,Low Value,One-time (1)
ax3xkmrj,3.42,1,1,3.42,Low Value,One-time (1)
zy11clr9,3.42,1,1,3.42,Low Value,One-time (1)
wpq5ws0v,3.42,1,1,3.42,Low Value,One-time (1)
8tir0p8f,3.42,1,1,3.42,Low Value,One-time (1)
5rn501fa,3.42,1,1,3.42,Low Value,One-time (1)
fyl3f67u,3.42,1,1,3.42,Low Value,One-time (1)
k9l7zzkn,3.42,1,1,3.42,Low Value,One-time (1)
xms1kg49,3.42,1,1,3.42,Low Value,One-time (1)
5x4lcs47,3.42,1,1,3.42,Low Value,One-time (1)
6bk9qrod,3.42,1,1,3.42,Low Value,One-time (1)
z8f9uocf,3.42,1,1,3.42,Low Value,One-time (1)
pihpw1lt,3.42,1,1,3.42,Low Value,One-time (1)
6x2mfux6,3.42,1,1,3.42,Low Value,One-time (1)
3ijvd4bz,3.42,1,1,3.42,Low Value,One-time (1)
ftwgmxut,3.42,1,1,3.42,Low Value,One-time (1)
dqgx0xmq,3.42,1,1,3.42,Low Value,One-time (1)
i5fdc192,3.42,1,1,3.42,Low Value,One-time (1)
fru9sibv,3.42,1,1,3.42,Low Value,One-time (1)
p6nne1zz,3.42,1,1,3.42,Low Value,One-time (1)
fr9rgewb,3.42,1,1,3.42,Low Value,One-time (1)
a7k9pxvi,3.41,1,1,3.41,Low Value,One-time (1)
m2ne6srm,3.41,1,1,3.41,Low Value,One-time (1)
oaphmmxt,3.41,1,1,3.41,Low Value,One-time (1)
eyeb900y,3.41,1,1,3.41,Low Value,One-time (1)
4ivsolml,3.41,1,1,3.41,Low Value,One-time (1)
w30gswla,3.41,1,1,3.41,Low Value,One-time (1)
6elg179x,3.41,1,2,3.41,Low Value,One-time (1)
fgtuqnas,3.41,1,1,3.41,Low Value,One-time (1)
hb9fcfhk,3.41,1,1,3.41,Low Value,One-time (1)
wg9z9f2h,3.41,1,1,3.41,Low Value,One-time (1)
h2vqcxt2,3.41,1,1,3.41,Low Value,One-time (1)
c2w7s3tz,3.41,1,1,3.41,Low Value,One-time (1)
g5ijib49,3.41,1,1,3.41,Low Value,One-time (1)
v5gmme9q,3.41,1,1,3.41,Low Value,One-time (1)
c4jymujq,3.41,1,1,3.41,Low Value,One-time (1)
djt2scew,3.41,1,1,3.41,Low Value,One-time (1)
kvqa7v9w,3.41,1,1,3.41,Low Value,One-time (1)
pe2u1257,3.41,1,1,3.41,Low Value,One-time (1)
mn08sb0g,3.41,1,1,3.41,Low Value,One-time (1)
nbm27m9u,3.41,1,1,3.41,Low Value,One-time (1)
9gbhf5vj,3.41,1,1,3.41,Low Value,One-time (1)
jg2lpqbs,3.41,1,1,3.41,Low Value,One-time (1)
n6o9jd3i,3.41,1,1,3.41,Low Value,One-time (1)
z67sx0x7,3.41,1,1,3.41,Low Value,One-time (1)
z7akq6zr,3.41,1,1,3.41,Low Value,One-time (1)
t6r8kq4h,3.41,1,1,3.41,Low Value,One-time (1)
9xwqq4cf,3.41,1,1,3.41,Low Value,One-time (1)
p8jbxxqq,3.41,1,1,3.41,Low Value,One-time (1)
8rsiosxc,3.41,1,1,3.41,Low Value,One-time (1)
rmo3ntaa,3.41,1,1,3.41,Low Value,One-time (1)
nd3x4gco,3.41,1,1,3.41,Low Value,One-time (1)
63m0k6l7,3.41,1,1,3.41,Low Value,One-time (1)
epsjefqz,3.4,1,1,3.4,Low Value,One-time (1)
mwzlho8t,3.4,1,1,3.4,Low Value,One-time (1)
lu2ndc2h,3.4,1,2,3.4,Low Value,One-time (1)
cmc6vo2p,3.4,1,1,3.4,Low Value,One-time (1)
zlzoedg9,3.4,1,1,3.4,Low Value,One-time (1)
gaxbdd60,3.4,1,1,3.4,Low Value,One-time (1)
zp1i2ul7,3.4,1,2,3.4,Low Value,One-time (1)
1a83t3ow,3.4,1,1,3.4,Low Value,One-time (1)
x755mct3,3.4,1,1,3.4,Low Value,One-time (1)
8787eajp,3.4,1,1,3.4,Low Value,One-time (1)
slhw6esb,3.4,1,1,3.4,Low Value,One-time (1)
6lcz61ak,3.4,1,1,3.4,Low Value,One-time (1)
x6b6z9pz,3.4,1,2,3.4,Low Value,One-time (1)
n2pemmq7,3.4,1,1,3.4,Low Value,One-time (1)
5qksx95i,3.4,1,1,3.4,Low Value,One-time (1)
pkyq3517,3.4,1,1,3.4,Low Value,One-time (1)
fh41a68t,3.4,1,1,3.4,Low Value,One-time (1)
z7kgkn0r,3.4,1,1,3.4,Low Value,One-time (1)
e29sm9x5,3.4,1,1,3.4,Low Value,One-time (1)
et0bmbxa,3.4,1,1,3.4,Low Value,One-time (1)
0sq59dy1,3.4,1,1,3.4,Low Value,One-time (1)
ypegp1fr,3.4,1,1,3.4,Low Value,One-time (1)
ey27t29t,3.4,1,1,3.4,Low Value,One-time (1)
4nthzm32,3.4,1,2,3.4,Low Value,One-time (1)
mb6raixb,3.4,1,1,3.4,Low Value,One-time (1)
f0t1ccwh,3.4,1,1,3.4,Low Value,One-time (1)
rui8szjk,3.4,1,1,3.4,Low Value,One-time (1)
pwdbaonw,3.4,1,2,3.4,Low Value,One-time (1)
11xc2hkz,3.4,1,1,3.4,Low Value,One-time (1)
rp2af939,3.4,1,1,3.4,Low Value,One-time (1)
nf1oglov,3.4,1,2,3.4,Low Value,One-time (1)
81cx8pp8,3.4,1,1,3.4,Low Value,One-time (1)
13j0kklc,3.4,1,1,3.4,Low Value,One-time (1)
rr20mm8k,3.4,1,1,3.4,Low Value,One-time (1)
7p1ogru6,3.4,1,1,3.4,Low Value,One-time (1)
axevuo4m,3.4,1,2,3.4,Low Value,One-time (1)
e0aweg5v,3.4,1,1,3.4,Low Value,One-time (1)
fl9x2mf0,3.4,1,1,3.4,Low Value,One-time (1)
bktmav67,3.4,1,1,3.4,Low Value,One-time (1)
epp5hy22,3.4,1,1,3.4,Low Value,One-time (1)
klf5qnen,3.4,1,1,3.4,Low Value,One-time (1)
631omc2y,3.4,1,2,3.4,Low Value,One-time (1)
vzomkugw,3.4,1,1,3.4,Low Value,One-time (1)
kq3s4a4c,3.4,1,1,3.4,Low Value,One-time (1)
hr3gitz4,3.4,1,1,3.4,Low Value,One-time (1)
h3p8enuf,3.4,1,2,3.4,Low Value,One-time (1)
ho2p4ulo,3.4,1,1,3.4,Low Value,One-time (1)
vwhlka1i,3.4,1,1,3.4,Low Value,One-time (1)
qwe3pvvc,3.4,1,1,3.4,Low Value,One-time (1)
8btob17r,3.4,1,1,3.4,Low Value,One-time (1)
9ktlwr95,3.4,1,2,3.4,Low Value,One-time (1)
nq51eyo6,3.4,1,1,3.4,Low Value,One-time (1)
3zkwdeek,3.4,1,1,3.4,Low Value,One-time (1)
lek54gsq,3.4,1,1,3.4,Low Value,One-time (1)
49aivxsp,3.4,1,1,3.4,Low Value,One-time (1)
texpp8h4,3.4,1,1,3.4,Low Value,One-time (1)
w4d0cf81,3.4,1,2,3.4,Low Value,One-time (1)
3ij0wq3f,3.4,1,2,3.4,Low Value,One-time (1)
h23ta015,3.4,1,2,3.4,Low Value,One-time (1)
i4wvtpsb,3.4,1,1,3.4,Low Value,One-time (1)
i988pcpa,3.4,1,1,3.4,Low Value,One-time (1)
wkcqpl7b,3.4,1,1,3.4,Low Value,One-time (1)
3pw8nww6,3.4,1,1,3.4,Low Value,One-time (1)
2ndmsuyj,3.4,1,1,3.4,Low Value,One-time (1)
tr83v3at,3.4,1,1,3.4,Low Value,One-time (1)
stxps29f,3.4,1,1,3.4,Low Value,One-time (1)
aw49ngu0,3.4,1,1,3.4,Low Value,One-time (1)
49wglu43,3.4,1,1,3.4,Low Value,One-time (1)
1ye0h8vv,3.4,1,1,3.4,Low Value,One-time (1)
ofycm8zz,3.4,1,1,3.4,Low Value,One-time (1)
2s5myc6n,3.4,1,1,3.4,Low Value,One-time (1)
58x843or,3.4,1,2,3.4,Low Value,One-time (1)
7nyzxvs1,3.39,1,1,3.39,Low Value,One-time (1)
irx2r8so,3.39,1,1,3.39,Low Value,One-time (1)
9dz5qcxr,3.39,1,1,3.39,Low Value,One-time (1)
r47jbag2,3.39,1,1,3.39,Low Value,One-time (1)
c99qa918,3.39,1,1,3.39,Low Value,One-time (1)
ebh4ehxc,3.39,1,1,3.39,Low Value,One-time (1)
c14gocey,3.39,1,1,3.39,Low Value,One-time (1)
pqnfdxm1,3.39,1,1,3.39,Low Value,One-time (1)
3dubkk68,3.39,1,1,3.39,Low Value,One-time (1)
s19men0w,3.39,1,1,3.39,Low Value,One-time (1)
xodu31fb,3.39,1,1,3.39,Low Value,One-time (1)
nkf8eda0,3.39,1,1,3.39,Low Value,One-time (1)
3efqfn15,3.38,1,1,3.38,Low Value,One-time (1)
rwnfv71o,3.38,1,1,3.38,Low Value,One-time (1)
ebjyvoz8,3.38,1,1,3.38,Low Value,One-time (1)
r6xscx29,3.38,1,1,3.38,Low Value,One-time (1)
ecyhn3kz,3.38,1,1,3.38,Low Value,One-time (1)
pfvel4p4,3.38,1,1,3.38,Low Value,One-time (1)
d8xbgab1,3.38,1,1,3.38,Low Value,One-time (1)
qlezz1r2,3.38,1,1,3.38,Low Value,One-time (1)
kb4svz70,3.38,1,1,3.38,Low Value,One-time (1)
ip912977,3.38,1,1,3.38,Low Value,One-time (1)
tm2d07xp,3.38,1,1,3.38,Low Value,One-time (1)
0o7y4xbb,3.38,1,1,3.38,Low Value,One-time (1)
ei28rf91,3.38,1,1,3.38,Low Value,One-time (1)
rdswqx1s,3.38,1,1,3.38,Low Value,One-time (1)
iiq6j8p6,3.38,1,1,3.38,Low Value,One-time (1)
d08tehoc,3.38,1,1,3.38,Low Value,One-time (1)
mayq5vx8,3.38,1,1,3.38,Low Value,One-time (1)
8x97q5d7,3.38,1,1,3.38,Low Value,One-time (1)
zszgj1o9,3.38,1,1,3.38,Low Value,One-time (1)
41qsx30t,3.38,1,1,3.38,Low Value,One-time (1)
nv9t0a2q,3.38,1,1,3.38,Low Value,One-time (1)
ue0ppcln,3.38,1,1,3.38,Low Value,One-time (1)
3eh435su,3.38,1,1,3.38,Low Value,One-time (1)
nwtmw1bd,3.38,1,1,3.38,Low Value,One-time (1)
rmrzrotr,3.38,1,1,3.38,Low Value,One-time (1)
9ay2jnlk,3.38,1,1,3.38,Low Value,One-time (1)
dumt3n8l,3.38,1,1,3.38,Low Value,One-time (1)
917pwc1f,3.38,1,1,3.38,Low Value,One-time (1)
05g6ae9v,3.38,1,1,3.38,Low Value,One-time (1)
dkxxtbt4,3.38,1,1,3.38,Low Value,One-time (1)
k23usts4,3.38,1,1,3.38,Low Value,One-time (1)
djdwtmvf,3.38,1,1,3.38,Low Value,One-time (1)
k61erx43,3.38,1,1,3.38,Low Value,One-time (1)
zp232cob,3.38,1,1,3.38,Low Value,One-time (1)
9moe59g3,3.38,1,1,3.38,Low Value,One-time (1)
7ni1wi6h,3.38,1,1,3.38,Low Value,One-time (1)
wxqjxkcn,3.38,1,1,3.38,Low Value,One-time (1)
t6ft1ief,3.38,1,1,3.38,Low Value,One-time (1)
aamydups,3.38,1,1,3.38,Low Value,One-time (1)
ai9j3div,3.38,1,1,3.38,Low Value,One-time (1)
wbjcbfdu,3.38,1,1,3.38,Low Value,One-time (1)
y1s860qq,3.38,1,1,3.38,Low Value,One-time (1)
t4hifaan,3.38,1,1,3.38,Low Value,One-time (1)
4grijyah,3.38,1,1,3.38,Low Value,One-time (1)
hasyatf4,3.38,1,1,3.38,Low Value,One-time (1)
4g233kc8,3.38,1,1,3.38,Low Value,One-time (1)
lukw5ns9,3.38,1,1,3.38,Low Value,One-time (1)
xr8l6yb0,3.38,1,1,3.38,Low Value,One-time (1)
23rp7x9c,3.38,1,1,3.38,Low Value,One-time (1)
h38tdgz1,3.38,1,1,3.38,Low Value,One-time (1)
xny2x15x,3.38,1,1,3.38,Low Value,One-time (1)
738jsqlz,3.38,1,1,3.38,Low Value,One-time (1)
1if4x4vr,3.38,1,1,3.38,Low Value,One-time (1)
1ig410qb,3.38,1,1,3.38,Low Value,One-time (1)
8r3u2wmx,3.38,1,1,3.38,Low Value,One-time (1)
g7q9rxnq,3.38,1,1,3.38,Low Value,One-time (1)
xa9ardgs,3.38,1,1,3.38,Low Value,One-time (1)
wnpqx25m,3.38,1,1,3.38,Low Value,One-time (1)
gvbrq1vy,3.38,1,1,3.38,Low Value,One-time (1)
gdzdh0wc,3.38,1,1,3.38,Low Value,One-time (1)
acljop3o,3.38,1,1,3.38,Low Value,One-time (1)
nf91hnpi,3.38,1,1,3.38,Low Value,One-time (1)
hymuqw7d,3.38,1,1,3.38,Low Value,One-time (1)
ptvh99ju,3.38,1,1,3.38,Low Value,One-time (1)
x0zeor8k,3.38,1,2,3.38,Low Value,One-time (1)
icc7j6pc,3.38,1,1,3.38,Low Value,One-time (1)
t273fv3b,3.38,1,1,3.38,Low Value,One-time (1)
nnh6itpl,3.38,1,1,3.38,Low Value,One-time (1)
o6b9rhtb,3.38,1,1,3.38,Low Value,One-time (1)
yjkj8yvh,3.38,1,1,3.38,Low Value,One-time (1)
5vs6j24d,3.38,1,1,3.38,Low Value,One-time (1)
vrx2cm5h,3.38,1,1,3.38,Low Value,One-time (1)
7w6fmge4,3.38,1,1,3.38,Low Value,One-time (1)
45n3d1s3,3.38,1,1,3.38,Low Value,One-time (1)
yddge0gu,3.38,1,1,3.38,Low Value,One-time (1)
5k3f1rnv,3.38,1,1,3.38,Low Value,One-time (1)
cvedqfc1,3.37,1,1,3.37,Low Value,One-time (1)
8a09uzw2,3.37,1,1,3.37,Low Value,One-time (1)
6m4t6i0n,3.37,1,1,3.37,Low Value,One-time (1)
5ehtmwaq,3.37,1,2,3.37,Low Value,One-time (1)
rvsq118u,3.36,1,1,3.36,Low Value,One-time (1)
8iiolwgr,3.36,1,1,3.36,Low Value,One-time (1)
w2lqhum5,3.36,1,1,3.36,Low Value,One-time (1)
6tchuyt9,3.36,1,1,3.36,Low Value,One-time (1)
mjvpi68g,3.36,1,1,3.36,Low Value,One-time (1)
imamd1k4,3.36,1,1,3.36,Low Value,One-time (1)
n0khzb44,3.35,1,1,3.35,Low Value,One-time (1)
inrm34g3,3.35,1,1,3.35,Low Value,One-time (1)
gda8ivzd,3.35,1,1,3.35,Low Value,One-time (1)
a1qvnrwq,3.35,1,1,3.35,Low Value,One-time (1)
tblrr7i1,3.35,1,1,3.35,Low Value,One-time (1)
8a1ywgd6,3.35,1,1,3.35,Low Value,One-time (1)
k4anvpmt,3.35,1,1,3.35,Low Value,One-time (1)
dyfpydql,3.35,1,1,3.35,Low Value,One-time (1)
bimvleud,3.35,1,1,3.35,Low Value,One-time (1)
ec28v7xs,3.35,1,1,3.35,Low Value,One-time (1)
4ftp1st3,3.35,1,1,3.35,Low Value,One-time (1)
zjazfao0,3.35,1,1,3.35,Low Value,One-time (1)
ewmrjcdc,3.35,1,1,3.35,Low Value,One-time (1)
0j1o6g48,3.35,1,1,3.35,Low Value,One-time (1)
wc22zjnl,3.35,1,1,3.35,Low Value,One-time (1)
mrb34h0w,3.35,1,1,3.35,Low Value,One-time (1)
ftujfe1k,3.35,1,1,3.35,Low Value,One-time (1)
h7u0s3kd,3.35,1,1,3.35,Low Value,One-time (1)
rmng7l8h,3.35,1,1,3.35,Low Value,One-time (1)
i3tamvnc,3.35,1,1,3.35,Low Value,One-time (1)
jsng3858,3.35,1,1,3.35,Low Value,One-time (1)
xzwrr0b9,3.35,1,1,3.35,Low Value,One-time (1)
cmg3263y,3.35,1,1,3.35,Low Value,One-time (1)
hzbgtj54,3.35,1,1,3.35,Low Value,One-time (1)
okep7y6w,3.35,1,1,3.35,Low Value,One-time (1)
o8r2rd74,3.35,1,1,3.35,Low Value,One-time (1)
qhcgo89r,3.35,1,1,3.35,Low Value,One-time (1)
pmqzvk0q,3.35,1,1,3.35,Low Value,One-time (1)
r9d0maw2,3.35,1,1,3.35,Low Value,One-time (1)
n74f9yec,3.35,1,1,3.35,Low Value,One-time (1)
ojat0ffe,3.35,1,1,3.35,Low Value,One-time (1)
5j8sfj2z,3.35,1,1,3.35,Low Value,One-time (1)
xfb5bb8x,3.34,1,1,3.34,Low Value,One-time (1)
mvdu8ztc,3.34,1,1,3.34,Low Value,One-time (1)
huntsng3,3.34,1,1,3.34,Low Value,One-time (1)
6g1ebzgf,3.34,1,1,3.34,Low Value,One-time (1)
467zte91,3.34,1,1,3.34,Low Value,One-time (1)
yt00mzkq,3.34,1,1,3.34,Low Value,One-time (1)
z3x418b1,3.34,1,1,3.34,Low Value,One-time (1)
nndy1uai,3.34,1,1,3.34,Low Value,One-time (1)
u4uih3kf,3.34,1,1,3.34,Low Value,One-time (1)
3mthjlqv,3.34,1,1,3.34,Low Value,One-time (1)
0kbqntl0,3.34,1,1,3.34,Low Value,One-time (1)
74qe2yzs,3.34,1,1,3.34,Low Value,One-time (1)
h3m2nqh6,3.34,1,1,3.34,Low Value,One-time (1)
jm4w5tgn,3.34,1,1,3.34,Low Value,One-time (1)
j14e5bj9,3.34,1,1,3.34,Low Value,One-time (1)
tawyg5a7,3.34,1,1,3.34,Low Value,One-time (1)
y8y1xwgs,3.34,1,1,3.34,Low Value,One-time (1)
8mofszdl,3.34,1,1,3.34,Low Value,One-time (1)
ex7tv7hr,3.34,1,1,3.34,Low Value,One-time (1)
ir202666,3.34,1,1,3.34,Low Value,One-time (1)
npkmlnnp,3.34,1,1,3.34,Low Value,One-time (1)
mfg0fn5h,3.34,1,1,3.34,Low Value,One-time (1)
xjzo43hy,3.34,1,1,3.34,Low Value,One-time (1)
1j6w59vr,3.33,1,1,3.33,Low Value,One-time (1)
e4kvcrni,3.33,1,1,3.33,Low Value,One-time (1)
7pdn6w63,3.33,1,1,3.33,Low Value,One-time (1)
8e96mscx,3.33,1,1,3.33,Low Value,One-time (1)
zhyacgsv,3.33,1,1,3.33,Low Value,One-time (1)
f1hksekn,3.33,1,1,3.33,Low Value,One-time (1)
fqmhdmg0,3.33,1,1,3.33,Low Value,One-time (1)
0w0ixb2x,3.33,1,1,3.33,Low Value,One-time (1)
xmvx9lo1,3.33,1,1,3.33,Low Value,One-time (1)
wuexgskh,3.33,1,1,3.33,Low Value,One-time (1)
ekkm3lzg,3.33,1,1,3.33,Low Value,One-time (1)
6sl9ep9m,3.33,1,1,3.33,Low Value,One-time (1)
pv0cv28g,3.33,1,1,3.33,Low Value,One-time (1)
tfieqd6l,3.33,1,1,3.33,Low Value,One-time (1)
t84ylzbt,3.33,1,1,3.33,Low Value,One-time (1)
2h97h7aj,3.33,1,1,3.33,Low Value,One-time (1)
lfvcm0kq,3.32,1,1,3.32,Low Value,One-time (1)
3ge5dh6k,3.32,1,1,3.32,Low Value,One-time (1)
eivywrjm,3.32,1,1,3.32,Low Value,One-time (1)
3gu05iqz,3.32,1,1,3.32,Low Value,One-time (1)
d6udknem,3.32,1,1,3.32,Low Value,One-time (1)
00a3wrt2,3.32,1,1,3.32,Low Value,One-time (1)
3gr9ksja,3.32,1,1,3.32,Low Value,One-time (1)
cfyeuvxj,3.32,1,1,3.32,Low Value,One-time (1)
k0gomnk6,3.32,1,1,3.32,Low Value,One-time (1)
q2fafsnh,3.32,1,1,3.32,Low Value,One-time (1)
vj21kk06,3.32,1,1,3.32,Low Value,One-time (1)
jyb367y8,3.32,1,1,3.32,Low Value,One-time (1)
42jstgro,3.32,1,1,3.32,Low Value,One-time (1)
t1h3udyz,3.32,1,1,3.32,Low Value,One-time (1)
12g9tfde,3.32,1,1,3.32,Low Value,One-time (1)
ko734wyo,3.32,1,1,3.32,Low Value,One-time (1)
8qpm55qq,3.32,1,1,3.32,Low Value,One-time (1)
mrl8qyu9,3.32,1,1,3.32,Low Value,One-time (1)
cjr7vt6u,3.32,1,1,3.32,Low Value,One-time (1)
g7rcwkur,3.32,1,1,3.32,Low Value,One-time (1)
1lffoivq,3.32,1,1,3.32,Low Value,One-time (1)
1ja0yo3h,3.32,1,1,3.32,Low Value,One-time (1)
kqoputp5,3.32,1,1,3.32,Low Value,One-time (1)
tghs9ink,3.32,1,1,3.32,Low Value,One-time (1)
cioqvot5,3.32,1,1,3.32,Low Value,One-time (1)
tetool91,3.32,1,1,3.32,Low Value,One-time (1)
8u9kpr92,3.32,1,1,3.32,Low Value,One-time (1)
3xohkgdx,3.32,1,1,3.32,Low Value,One-time (1)
kugapnfk,3.32,1,1,3.32,Low Value,One-time (1)
tcl5au7i,3.32,1,1,3.32,Low Value,One-time (1)
anvnawle,3.32,1,1,3.32,Low Value,One-time (1)
qshnt4qj,3.32,1,1,3.32,Low Value,One-time (1)
qga6x85z,3.32,1,1,3.32,Low Value,One-time (1)
t638ys04,3.32,1,1,3.32,Low Value,One-time (1)
pekobk4s,3.32,1,1,3.32,Low Value,One-time (1)
2mv3uvcu,3.32,1,1,3.32,Low Value,One-time (1)
eoliu3ob,3.32,1,1,3.32,Low Value,One-time (1)
nunyaea0,3.32,1,1,3.32,Low Value,One-time (1)
qzom4g8m,3.32,1,1,3.32,Low Value,One-time (1)
whhg9ezf,3.32,1,1,3.32,Low Value,One-time (1)
gsz106a5,3.32,1,1,3.32,Low Value,One-time (1)
ig6hobie,3.32,1,1,3.32,Low Value,One-time (1)
amkgb5j3,3.32,1,1,3.32,Low Value,One-time (1)
9gltsp9j,3.32,1,1,3.32,Low Value,One-time (1)
jbpob9or,3.32,1,1,3.32,Low Value,One-time (1)
4fyfi890,3.32,1,1,3.32,Low Value,One-time (1)
xm876i0n,3.32,1,1,3.32,Low Value,One-time (1)
xme25h19,3.32,1,1,3.32,Low Value,One-time (1)
598fw4vs,3.32,1,1,3.32,Low Value,One-time (1)
lvd51ygh,3.32,1,1,3.32,Low Value,One-time (1)
gjgg33so,3.32,1,1,3.32,Low Value,One-time (1)
hcedz5az,3.32,1,1,3.32,Low Value,One-time (1)
gxn8xf1q,3.32,1,1,3.32,Low Value,One-time (1)
d8pzx278,3.32,1,1,3.32,Low Value,One-time (1)
fbjr3yk4,3.32,1,1,3.32,Low Value,One-time (1)
s9qck3p0,3.32,1,1,3.32,Low Value,One-time (1)
ww2zv1sx,3.32,1,1,3.32,Low Value,One-time (1)
hhmi63t6,3.32,1,1,3.32,Low Value,One-time (1)
bv57gwol,3.32,1,1,3.32,Low Value,One-time (1)
bhv2pt56,3.32,1,1,3.32,Low Value,One-time (1)
n3yz28c4,3.32,1,1,3.32,Low Value,One-time (1)
gnmp2rsp,3.32,1,1,3.32,Low Value,One-time (1)
03xaour4,3.32,1,1,3.32,Low Value,One-time (1)
fvvs6137,3.32,1,1,3.32,Low Value,One-time (1)
gq5g7mmo,3.32,1,1,3.32,Low Value,One-time (1)
ncqfcwb6,3.32,1,1,3.32,Low Value,One-time (1)
oa6l1y66,3.32,1,1,3.32,Low Value,One-time (1)
ielq80b4,3.32,1,1,3.32,Low Value,One-time (1)
9fjmje00,3.32,1,1,3.32,Low Value,One-time (1)
dfy0e05n,3.32,1,1,3.32,Low Value,One-time (1)
nqbu4kzr,3.32,1,1,3.32,Low Value,One-time (1)
phali7ti,3.32,1,1,3.32,Low Value,One-time (1)
wp2qrwun,3.32,1,1,3.32,Low Value,One-time (1)
14dsrztk,3.32,1,1,3.32,Low Value,One-time (1)
vgk5wd1z,3.32,1,1,3.32,Low Value,One-time (1)
rxqckz4i,3.32,1,1,3.32,Low Value,One-time (1)
pg2tffrv,3.32,1,1,3.32,Low Value,One-time (1)
mf7vm41t,3.32,1,1,3.32,Low Value,One-time (1)
jnza3pad,3.32,1,1,3.32,Low Value,One-time (1)
7vglmzfx,3.32,1,1,3.32,Low Value,One-time (1)
4ppwnqb9,3.32,1,1,3.32,Low Value,One-time (1)
f1aysv6o,3.32,1,1,3.32,Low Value,One-time (1)
3cpfso7t,3.32,1,1,3.32,Low Value,One-time (1)
v1iu9tim,3.32,1,1,3.32,Low Value,One-time (1)
39gnxfk9,3.32,1,1,3.32,Low Value,One-time (1)
o3vyp9t1,3.32,1,1,3.32,Low Value,One-time (1)
4fnfl740,3.32,1,1,3.32,Low Value,One-time (1)
fcac1s03,3.32,1,1,3.32,Low Value,One-time (1)
4lvexuld,3.32,1,1,3.32,Low Value,One-time (1)
fyxvl5or,3.32,1,1,3.32,Low Value,One-time (1)
nhelyc0l,3.32,1,1,3.32,Low Value,One-time (1)
qlvt5ty3,3.32,1,1,3.32,Low Value,One-time (1)
5sz1apm6,3.31,1,1,3.31,Low Value,One-time (1)
w9o8wu3u,3.31,1,1,3.31,Low Value,One-time (1)
cv67w7ia,3.31,1,1,3.31,Low Value,One-time (1)
3wmfxti0,3.31,1,1,3.31,Low Value,One-time (1)
fuugy9in,3.31,1,1,3.31,Low Value,One-time (1)
gudagams,3.31,1,1,3.31,Low Value,One-time (1)
gzt6j7zj,3.31,1,1,3.31,Low Value,One-time (1)
se6tnceq,3.31,1,1,3.31,Low Value,One-time (1)
hcnvwgzl,3.31,1,1,3.31,Low Value,One-time (1)
ldknj453,3.31,1,1,3.31,Low Value,One-time (1)
rskvtycz,3.31,1,1,3.31,Low Value,One-time (1)
w1bfn282,3.31,1,1,3.31,Low Value,One-time (1)
ssp77a8f,3.31,1,1,3.31,Low Value,One-time (1)
y3ikutcs,3.31,1,1,3.31,Low Value,One-time (1)
hmt66bhf,3.31,1,1,3.31,Low Value,One-time (1)
fsisip9p,3.31,1,1,3.31,Low Value,One-time (1)
et51e9pt,3.31,1,1,3.31,Low Value,One-time (1)
pbzeemud,3.31,1,1,3.31,Low Value,One-time (1)
8bowrjfx,3.31,1,1,3.31,Low Value,One-time (1)
8clofa9b,3.31,1,1,3.31,Low Value,One-time (1)
42ov7ehg,3.31,1,1,3.31,Low Value,One-time (1)
1j1j45xu,3.31,1,1,3.31,Low Value,One-time (1)
h82g79ej,3.31,1,1,3.31,Low Value,One-time (1)
xp56y1yw,3.31,1,1,3.31,Low Value,One-time (1)
0orvv9xs,3.31,1,1,3.31,Low Value,One-time (1)
mduq0poq,3.31,1,1,3.31,Low Value,One-time (1)
mvgxgrs4,3.31,1,1,3.31,Low Value,One-time (1)
gbvzswo5,3.31,1,1,3.31,Low Value,One-time (1)
3nurboo7,3.31,1,1,3.31,Low Value,One-time (1)
z9lh6a6k,3.31,1,1,3.31,Low Value,One-time (1)
2k15kjj9,3.31,1,1,3.31,Low Value,One-time (1)
1myrm4m5,3.31,1,1,3.31,Low Value,One-time (1)
ouzb7m20,3.31,1,1,3.31,Low Value,One-time (1)
v67olyup,3.31,1,1,3.31,Low Value,One-time (1)
2kilvqwc,3.31,1,1,3.31,Low Value,One-time (1)
e84ms8wm,3.31,1,1,3.31,Low Value,One-time (1)
wgryxj58,3.31,1,1,3.31,Low Value,One-time (1)
kcpp7yrh,3.31,1,1,3.31,Low Value,One-time (1)
i8onfmtt,3.31,1,1,3.31,Low Value,One-time (1)
qoek60kf,3.31,1,2,3.31,Low Value,One-time (1)
683o9czn,3.31,1,1,3.31,Low Value,One-time (1)
jtocwsu9,3.31,1,1,3.31,Low Value,One-time (1)
otc872bd,3.31,1,1,3.31,Low Value,One-time (1)
axto8d8j,3.31,1,1,3.31,Low Value,One-time (1)
3cvks503,3.31,1,1,3.31,Low Value,One-time (1)
gi5wzng2,3.31,1,1,3.31,Low Value,One-time (1)
ttz5qkj2,3.31,1,1,3.31,Low Value,One-time (1)
uiesf733,3.31,1,1,3.31,Low Value,One-time (1)
aollhk3h,3.31,1,1,3.31,Low Value,One-time (1)
19vf1o9m,3.31,1,1,3.31,Low Value,One-time (1)
iqr1bhf1,3.31,1,1,3.31,Low Value,One-time (1)
i0p4lsml,3.31,1,1,3.31,Low Value,One-time (1)
to0ogrgd,3.31,1,1,3.31,Low Value,One-time (1)
a5qxm4kh,3.3,1,1,3.3,Low Value,One-time (1)
0ip7alo9,3.3,1,1,3.3,Low Value,One-time (1)
34ivxvta,3.3,1,1,3.3,Low Value,One-time (1)
rr32t6jv,3.3,1,2,3.3,Low Value,One-time (1)
fo65spqi,3.3,1,1,3.3,Low Value,One-time (1)
67bee52a,3.3,1,1,3.3,Low Value,One-time (1)
z0fof0bg,3.3,1,1,3.3,Low Value,One-time (1)
8dw419k9,3.3,1,1,3.3,Low Value,One-time (1)
q9czi9ec,3.3,1,1,3.3,Low Value,One-time (1)
x09b7vhz,3.3,1,1,3.3,Low Value,One-time (1)
f0adbgg5,3.3,1,2,3.3,Low Value,One-time (1)
cnrrsmda,3.3,1,1,3.3,Low Value,One-time (1)
bgbzjoco,3.3,1,1,3.3,Low Value,One-time (1)
r39iixha,3.3,1,1,3.3,Low Value,One-time (1)
m5reooco,3.3,1,1,3.3,Low Value,One-time (1)
plyb66sr,3.3,1,1,3.3,Low Value,One-time (1)
b9fpxm71,3.3,1,1,3.3,Low Value,One-time (1)
ozhr2hzr,3.3,1,2,3.3,Low Value,One-time (1)
bp08j2tn,3.3,1,1,3.3,Low Value,One-time (1)
xy3sjwp4,3.3,1,1,3.3,Low Value,One-time (1)
tj9peby0,3.3,1,1,3.3,Low Value,One-time (1)
7exfooej,3.3,1,1,3.3,Low Value,One-time (1)
o38k7ddb,3.3,1,1,3.3,Low Value,One-time (1)
agtyvvh6,3.3,1,1,3.3,Low Value,One-time (1)
lmqhm0tq,3.3,1,1,3.3,Low Value,One-time (1)
5t2vcqa1,3.3,1,1,3.3,Low Value,One-time (1)
lom7jwf9,3.3,1,2,3.3,Low Value,One-time (1)
g8yyrhzl,3.3,1,2,3.3,Low Value,One-time (1)
9e05vhii,3.3,1,1,3.3,Low Value,One-time (1)
dt53yukf,3.3,1,2,3.3,Low Value,One-time (1)
tujrefn4,3.3,1,1,3.3,Low Value,One-time (1)
kfa2lw8e,3.3,1,1,3.3,Low Value,One-time (1)
hxf3onwq,3.3,1,1,3.3,Low Value,One-time (1)
zwfb9crm,3.3,1,1,3.3,Low Value,One-time (1)
s0fw3651,3.3,1,1,3.3,Low Value,One-time (1)
gajrizyn,3.3,1,1,3.3,Low Value,One-time (1)
mbnqn3kh,3.3,1,1,3.3,Low Value,One-time (1)
7lmm7qoe,3.3,1,1,3.3,Low Value,One-time (1)
zsl85ye7,3.3,1,1,3.3,Low Value,One-time (1)
z8pbhp8z,3.3,1,1,3.3,Low Value,One-time (1)
7bzpjfwc,3.29,1,1,3.29,Low Value,One-time (1)
9tra2sxt,3.29,1,1,3.29,Low Value,One-time (1)
1jdias12,3.29,1,1,3.29,Low Value,One-time (1)
wacon3kn,3.29,1,1,3.29,Low Value,One-time (1)
qlw8tjrl,3.29,1,1,3.29,Low Value,One-time (1)
ejrwi7nv,3.29,1,1,3.29,Low Value,One-time (1)
tjqk8xil,3.29,1,1,3.29,Low Value,One-time (1)
as6kevn4,3.29,1,1,3.29,Low Value,One-time (1)
9p44fcgj,3.28,1,1,3.28,Low Value,One-time (1)
goggdcia,3.28,1,1,3.28,Low Value,One-time (1)
r2x3xncx,3.28,1,1,3.28,Low Value,One-time (1)
ywk8niu4,3.28,1,1,3.28,Low Value,One-time (1)
j3b7vjel,3.28,1,1,3.28,Low Value,One-time (1)
deanvrqt,3.28,1,2,3.28,Low Value,One-time (1)
37ap3jx1,3.28,1,1,3.28,Low Value,One-time (1)
9ggx0hkp,3.28,1,1,3.28,Low Value,One-time (1)
wahvnutk,3.28,1,1,3.28,Low Value,One-time (1)
bt2pqvfi,3.28,1,1,3.28,Low Value,One-time (1)
gipxtypq,3.28,1,1,3.28,Low Value,One-time (1)
mddh1wl5,3.28,1,1,3.28,Low Value,One-time (1)
78jo9n0j,3.28,1,1,3.28,Low Value,One-time (1)
xm1jpjag,3.28,1,1,3.28,Low Value,One-time (1)
agfudmfl,3.28,1,1,3.28,Low Value,One-time (1)
0u4gx1ra,3.28,1,1,3.28,Low Value,One-time (1)
qojfsf5z,3.28,1,1,3.28,Low Value,One-time (1)
efilc47f,3.28,1,1,3.28,Low Value,One-time (1)
v0vaiwel,3.28,1,1,3.28,Low Value,One-time (1)
2zztkcs0,3.28,1,1,3.28,Low Value,One-time (1)
iqo0pnp6,3.28,1,1,3.28,Low Value,One-time (1)
r5iqum9j,3.28,1,1,3.28,Low Value,One-time (1)
5flp2n3f,3.28,1,1,3.28,Low Value,One-time (1)
ctay98gl,3.28,1,1,3.28,Low Value,One-time (1)
aqz07sv3,3.28,1,1,3.28,Low Value,One-time (1)
ne05oc64,3.28,1,1,3.28,Low Value,One-time (1)
9q0jrgsu,3.28,1,1,3.28,Low Value,One-time (1)
m7pp0pnn,3.28,1,1,3.28,Low Value,One-time (1)
5hlkpe8j,3.28,1,1,3.28,Low Value,One-time (1)
j529fmw2,3.28,1,1,3.28,Low Value,One-time (1)
m05bielv,3.28,1,1,3.28,Low Value,One-time (1)
gnyav6kn,3.28,1,1,3.28,Low Value,One-time (1)
qeaydm18,3.28,1,1,3.28,Low Value,One-time (1)
lz9nhdx3,3.28,1,1,3.28,Low Value,One-time (1)
9k3sapg2,3.28,1,1,3.28,Low Value,One-time (1)
xpi28hjg,3.28,1,1,3.28,Low Value,One-time (1)
qelngs4o,3.28,1,1,3.28,Low Value,One-time (1)
bgd4rhkq,3.28,1,1,3.28,Low Value,One-time (1)
v2er2yhs,3.28,1,1,3.28,Low Value,One-time (1)
cb4zrox9,3.28,1,1,3.28,Low Value,One-time (1)
brznqpj6,3.28,1,1,3.28,Low Value,One-time (1)
1byumnsb,3.28,1,2,3.28,Low Value,One-time (1)
dc2ylgjn,3.28,1,1,3.28,Low Value,One-time (1)
jycj7tj7,3.28,1,1,3.28,Low Value,One-time (1)
lse7n1nw,3.28,1,1,3.28,Low Value,One-time (1)
dpu0tya9,3.28,1,1,3.28,Low Value,One-time (1)
pj9jw0qg,3.28,1,1,3.28,Low Value,One-time (1)
4055jnq4,3.28,1,1,3.28,Low Value,One-time (1)
t7xg0qns,3.28,1,2,3.28,Low Value,One-time (1)
xeo86bl9,3.28,1,1,3.28,Low Value,One-time (1)
gbkhmze8,3.28,1,1,3.28,Low Value,One-time (1)
8hnuaybs,3.28,1,1,3.28,Low Value,One-time (1)
g5ix49ky,3.28,1,1,3.28,Low Value,One-time (1)
nxek8y5x,3.28,1,1,3.28,Low Value,One-time (1)
0hpmnz1u,3.28,1,1,3.28,Low Value,One-time (1)
p9btlayl,3.28,1,1,3.28,Low Value,One-time (1)
t5of3m3t,3.28,1,1,3.28,Low Value,One-time (1)
g5fze7vx,3.28,1,1,3.28,Low Value,One-time (1)
a2utf1as,3.28,1,1,3.28,Low Value,One-time (1)
vvgxlasi,3.28,1,2,3.28,Low Value,One-time (1)
vtt74m5j,3.28,1,1,3.28,Low Value,One-time (1)
kx0uy77p,3.28,1,2,3.28,Low Value,One-time (1)
kvoqt8lr,3.28,1,2,3.28,Low Value,One-time (1)
kvakxvje,3.28,1,1,3.28,Low Value,One-time (1)
qvjz87c3,3.28,1,1,3.28,Low Value,One-time (1)
y52jmw8r,3.28,1,1,3.28,Low Value,One-time (1)
13g5ibbe,3.28,1,1,3.28,Low Value,One-time (1)
xcbptkkh,3.28,1,1,3.28,Low Value,One-time (1)
drj9nisv,3.28,1,1,3.28,Low Value,One-time (1)
tqyu9yu0,3.28,1,1,3.28,Low Value,One-time (1)
kr3rdihw,3.28,1,1,3.28,Low Value,One-time (1)
a6uk1jm2,3.28,1,1,3.28,Low Value,One-time (1)
cjfqrd3a,3.28,1,1,3.28,Low Value,One-time (1)
bwovufzd,3.28,1,1,3.28,Low Value,One-time (1)
wr5ycsci,3.28,1,1,3.28,Low Value,One-time (1)
ckbpmjb8,3.28,1,1,3.28,Low Value,One-time (1)
3so4u5mf,3.28,1,1,3.28,Low Value,One-time (1)
qflgd7s1,3.28,1,2,3.28,Low Value,One-time (1)
t395tr3j,3.28,1,1,3.28,Low Value,One-time (1)
t2kxyrav,3.28,1,1,3.28,Low Value,One-time (1)
lebu66i3,3.28,1,1,3.28,Low Value,One-time (1)
qpfjl7l9,3.28,1,1,3.28,Low Value,One-time (1)
cqxcs1xs,3.28,1,1,3.28,Low Value,One-time (1)
lmyf2s15,3.28,1,1,3.28,Low Value,One-time (1)
wooal1g9,3.28,1,1,3.28,Low Value,One-time (1)
ia8f6aqp,3.28,1,1,3.28,Low Value,One-time (1)
87vei6fj,3.28,1,1,3.28,Low Value,One-time (1)
axtdbhwi,3.28,1,1,3.28,Low Value,One-time (1)
w0wbzb38,3.28,1,1,3.28,Low Value,One-time (1)
2nwdn9q3,3.28,1,1,3.28,Low Value,One-time (1)
98eex9wx,3.28,1,1,3.28,Low Value,One-time (1)
3eors4bz,3.28,1,1,3.28,Low Value,One-time (1)
u9swht2z,3.28,1,1,3.28,Low Value,One-time (1)
1xsglthi,3.28,1,1,3.28,Low Value,One-time (1)
8ablgbrq,3.28,1,1,3.28,Low Value,One-time (1)
1ouc93wj,3.28,1,1,3.28,Low Value,One-time (1)
8zilw2jj,3.28,1,1,3.28,Low Value,One-time (1)
47ibg4kp,3.28,1,1,3.28,Low Value,One-time (1)
xhacud4u,3.28,1,1,3.28,Low Value,One-time (1)
hq9l8ktg,3.28,1,1,3.28,Low Value,One-time (1)
sxaa2oqp,3.28,1,1,3.28,Low Value,One-time (1)
fff77hkg,3.28,1,1,3.28,Low Value,One-time (1)
acbr53yf,3.28,1,1,3.28,Low Value,One-time (1)
cgye59dt,3.28,1,1,3.28,Low Value,One-time (1)
2dw9f92u,3.28,1,1,3.28,Low Value,One-time (1)
hrkmw74g,3.28,1,1,3.28,Low Value,One-time (1)
l8gfx03g,3.28,1,1,3.28,Low Value,One-time (1)
t0iem6zn,3.28,1,1,3.28,Low Value,One-time (1)
1ofa5p9c,3.28,1,2,3.28,Low Value,One-time (1)
t2313new,3.28,1,1,3.28,Low Value,One-time (1)
l6y6zzbk,3.28,1,1,3.28,Low Value,One-time (1)
1jhuzun2,3.28,1,1,3.28,Low Value,One-time (1)
667zq5ir,3.28,1,1,3.28,Low Value,One-time (1)
myk8516s,3.28,1,1,3.28,Low Value,One-time (1)
5o8frlh6,3.28,1,1,3.28,Low Value,One-time (1)
mntfk7or,3.28,1,1,3.28,Low Value,One-time (1)
7bj2x25m,3.28,1,1,3.28,Low Value,One-time (1)
4wgr15en,3.28,1,2,3.28,Low Value,One-time (1)
h0q6e85b,3.28,1,1,3.28,Low Value,One-time (1)
rqnxp2n7,3.28,1,2,3.28,Low Value,One-time (1)
xr78ucui,3.28,1,2,3.28,Low Value,One-time (1)
bx76108p,3.28,1,1,3.28,Low Value,One-time (1)
rmr85cgz,3.28,1,2,3.28,Low Value,One-time (1)
rn7nmk46,3.28,1,1,3.28,Low Value,One-time (1)
mfqy3kw6,3.28,1,2,3.28,Low Value,One-time (1)
rafk1reu,3.28,1,1,3.28,Low Value,One-time (1)
f11rd06f,3.28,1,1,3.28,Low Value,One-time (1)
mn95wer1,3.28,1,2,3.28,Low Value,One-time (1)
52pihfkw,3.28,1,2,3.28,Low Value,One-time (1)
794hmmk1,3.28,1,2,3.28,Low Value,One-time (1)
d1bi9vtk,3.28,1,1,3.28,Low Value,One-time (1)
zxjtl00t,3.28,1,1,3.28,Low Value,One-time (1)
6dy4vmsm,3.28,1,1,3.28,Low Value,One-time (1)
raejpfaw,3.28,1,1,3.28,Low Value,One-time (1)
z86ilh98,3.27,1,1,3.27,Low Value,One-time (1)
q5rfjq5o,3.26,1,1,3.26,Low Value,One-time (1)
3mh0twz5,3.26,1,1,3.26,Low Value,One-time (1)
61q3puwg,3.26,1,1,3.26,Low Value,One-time (1)
2xibxtgi,3.26,1,1,3.26,Low Value,One-time (1)
73vrw92p,3.25,1,1,3.25,Low Value,One-time (1)
zikbptqo,3.25,1,1,3.25,Low Value,One-time (1)
dv8e2lay,3.25,1,1,3.25,Low Value,One-time (1)
d496sgf4,3.25,1,1,3.25,Low Value,One-time (1)
v6w22iv7,3.25,1,1,3.25,Low Value,One-time (1)
d7kyllhg,3.25,1,1,3.25,Low Value,One-time (1)
0mgyj4ih,3.25,1,1,3.25,Low Value,One-time (1)
z22oecjm,3.25,1,1,3.25,Low Value,One-time (1)
mghv2vs7,3.25,1,1,3.25,Low Value,One-time (1)
618leu6z,3.24,1,1,3.24,Low Value,One-time (1)
obfjo4of,3.24,1,1,3.24,Low Value,One-time (1)
qu0qi7n2,3.24,1,1,3.24,Low Value,One-time (1)
7vp805k7,3.24,1,1,3.24,Low Value,One-time (1)
2bpcye1y,3.24,1,1,3.24,Low Value,One-time (1)
g0lp7duv,3.24,1,1,3.24,Low Value,One-time (1)
5fm0xkiv,3.24,1,1,3.24,Low Value,One-time (1)
a90mlxxr,3.24,1,1,3.24,Low Value,One-time (1)
cykibqwe,3.24,1,1,3.24,Low Value,One-time (1)
om3tc2sc,3.24,1,1,3.24,Low Value,One-time (1)
fkt98e8w,3.24,1,1,3.24,Low Value,One-time (1)
2biunia7,3.24,1,1,3.24,Low Value,One-time (1)
rdpnwm96,3.24,1,1,3.24,Low Value,One-time (1)
9g2vjae7,3.24,1,1,3.24,Low Value,One-time (1)
ov8naqpf,3.24,1,1,3.24,Low Value,One-time (1)
cu0auscv,3.24,1,1,3.24,Low Value,One-time (1)
mov5f948,3.24,1,1,3.24,Low Value,One-time (1)
bj2tu1d6,3.24,1,1,3.24,Low Value,One-time (1)
9wcskhw4,3.24,1,1,3.24,Low Value,One-time (1)
bqugz079,3.24,1,1,3.24,Low Value,One-time (1)
98tdp15a,3.24,1,1,3.24,Low Value,One-time (1)
wvw2nx3s,3.24,1,1,3.24,Low Value,One-time (1)
qs3qpsb6,3.24,1,1,3.24,Low Value,One-time (1)
h0ebnb3i,3.24,1,1,3.24,Low Value,One-time (1)
s0xx8oe6,3.24,1,1,3.24,Low Value,One-time (1)
5yhrzzy5,3.24,1,1,3.24,Low Value,One-time (1)
gphp05kr,3.24,1,1,3.24,Low Value,One-time (1)
v1209uoi,3.24,1,1,3.24,Low Value,One-time (1)
n04ns4f4,3.24,1,1,3.24,Low Value,One-time (1)
2mmjyf70,3.24,1,1,3.24,Low Value,One-time (1)
al97iqis,3.24,1,1,3.24,Low Value,One-time (1)
ti221xj7,3.24,1,1,3.24,Low Value,One-time (1)
o6571myi,3.24,1,1,3.24,Low Value,One-time (1)
vdilq59c,3.24,1,1,3.24,Low Value,One-time (1)
cqp8in7g,3.24,1,1,3.24,Low Value,One-time (1)
cp7zfb8f,3.24,1,1,3.24,Low Value,One-time (1)
cohbe03n,3.24,1,1,3.24,Low Value,One-time (1)
2v2uxkg7,3.24,1,1,3.24,Low Value,One-time (1)
5dsk7n8l,3.24,1,1,3.24,Low Value,One-time (1)
k9341pb8,3.24,1,1,3.24,Low Value,One-time (1)
y3ohvvas,3.24,1,1,3.24,Low Value,One-time (1)
6su41iue,3.24,1,1,3.24,Low Value,One-time (1)
dntnmq24,3.24,1,1,3.24,Low Value,One-time (1)
vl56ycdb,3.24,1,1,3.24,Low Value,One-time (1)
ftxo5gyd,3.24,1,2,3.24,Low Value,One-time (1)
q3hecf61,3.24,1,1,3.24,Low Value,One-time (1)
hhg60hdb,3.24,1,1,3.24,Low Value,One-time (1)
2ty7byva,3.24,1,1,3.24,Low Value,One-time (1)
lsr36i4m,3.24,1,1,3.24,Low Value,One-time (1)
vx7pdi8m,3.24,1,1,3.24,Low Value,One-time (1)
n2t2qa8p,3.24,1,1,3.24,Low Value,One-time (1)
lh9h8ai3,3.24,1,1,3.24,Low Value,One-time (1)
8p71qdkj,3.24,1,1,3.24,Low Value,One-time (1)
maxwc477,3.24,1,2,3.24,Low Value,One-time (1)
jle55sfe,3.24,1,1,3.24,Low Value,One-time (1)
akx57x8y,3.24,1,1,3.24,Low Value,One-time (1)
cc8uuxop,3.23,1,1,3.23,Low Value,One-time (1)
sc81xv9t,3.23,1,1,3.23,Low Value,One-time (1)
e5hw0lz5,3.23,1,1,3.23,Low Value,One-time (1)
h2k7r2gn,3.23,1,1,3.23,Low Value,One-time (1)
9j56nmx2,3.23,1,1,3.23,Low Value,One-time (1)
a8lm2hh5,3.23,1,2,3.23,Low Value,One-time (1)
odednf9y,3.23,1,1,3.23,Low Value,One-time (1)
v5ecaz5j,3.23,1,1,3.23,Low Value,One-time (1)
xztgk6hk,3.23,1,1,3.23,Low Value,One-time (1)
a2uesuvr,3.23,1,1,3.23,Low Value,One-time (1)
81ywuqxk,3.23,1,1,3.23,Low Value,One-time (1)
mpiy4d6c,3.23,1,1,3.23,Low Value,One-time (1)
k9uo5qm4,3.23,1,1,3.23,Low Value,One-time (1)
p07vuym9,3.23,1,1,3.23,Low Value,One-time (1)
uuqr12e0,3.23,1,1,3.23,Low Value,One-time (1)
neqpwp5p,3.23,1,1,3.23,Low Value,One-time (1)
pzmm2jcy,3.23,1,1,3.23,Low Value,One-time (1)
sdpph9n4,3.23,1,1,3.23,Low Value,One-time (1)
gwjqk8n4,3.23,1,1,3.23,Low Value,One-time (1)
2vlhl8az,3.23,1,1,3.23,Low Value,One-time (1)
ty71wlkr,3.22,1,1,3.22,Low Value,One-time (1)
2jf8jzwt,3.22,1,1,3.22,Low Value,One-time (1)
y0q8lyqy,3.22,1,1,3.22,Low Value,One-time (1)
g337ayhe,3.22,1,1,3.22,Low Value,One-time (1)
4su88a5t,3.22,1,1,3.22,Low Value,One-time (1)
n0a7yljm,3.22,1,1,3.22,Low Value,One-time (1)
p4vg6t51,3.22,1,1,3.22,Low Value,One-time (1)
l8w5vq87,3.22,1,1,3.22,Low Value,One-time (1)
gp7l1z1t,3.22,1,1,3.22,Low Value,One-time (1)
5ub1qx50,3.22,1,1,3.22,Low Value,One-time (1)
7vezeig4,3.22,1,1,3.22,Low Value,One-time (1)
0m8ti2re,3.22,1,1,3.22,Low Value,One-time (1)
2o4lzirf,3.22,1,1,3.22,Low Value,One-time (1)
7hdcnt21,3.22,1,1,3.22,Low Value,One-time (1)
kffofu6p,3.22,1,1,3.22,Low Value,One-time (1)
mgvu4iso,3.22,1,1,3.22,Low Value,One-time (1)
7xfs9pl1,3.22,1,1,3.22,Low Value,One-time (1)
9aw71a98,3.22,1,1,3.22,Low Value,One-time (1)
6wvsw2mb,3.21,1,1,3.21,Low Value,One-time (1)
ln6y1793,3.21,1,1,3.21,Low Value,One-time (1)
9bishdgq,3.21,1,1,3.21,Low Value,One-time (1)
x3s3gxed,3.21,1,1,3.21,Low Value,One-time (1)
jv7gp3v0,3.21,1,1,3.21,Low Value,One-time (1)
ub705tij,3.21,1,1,3.21,Low Value,One-time (1)
3ep3rmrd,3.21,1,1,3.21,Low Value,One-time (1)
y4lyk64k,3.21,1,1,3.21,Low Value,One-time (1)
ypq48fwt,3.21,1,1,3.21,Low Value,One-time (1)
iam14il5,3.21,1,1,3.21,Low Value,One-time (1)
jfb6ljmi,3.21,1,1,3.21,Low Value,One-time (1)
yt7r5ktc,3.21,1,1,3.21,Low Value,One-time (1)
lv5o4rra,3.21,1,1,3.21,Low Value,One-time (1)
p8zmeqn9,3.21,1,1,3.21,Low Value,One-time (1)
uu8yxzom,3.21,1,1,3.21,Low Value,One-time (1)
9lebje0m,3.21,1,1,3.21,Low Value,One-time (1)
nzt6y3dy,3.21,1,1,3.21,Low Value,One-time (1)
ut4mg6ba,3.21,1,1,3.21,Low Value,One-time (1)
ebv6r26q,3.21,1,1,3.21,Low Value,One-time (1)
y0mlbt8b,3.21,1,1,3.21,Low Value,One-time (1)
n7uvdk6t,3.21,1,1,3.21,Low Value,One-time (1)
0bekkxyy,3.21,1,1,3.21,Low Value,One-time (1)
q4pyn5cx,3.21,1,1,3.21,Low Value,One-time (1)
te2xtiit,3.21,1,1,3.21,Low Value,One-time (1)
uzeuzqfa,3.21,1,1,3.21,Low Value,One-time (1)
8mxrhubp,3.21,1,1,3.21,Low Value,One-time (1)
xeux2uem,3.21,1,1,3.21,Low Value,One-time (1)
b1fv9z7k,3.21,1,1,3.21,Low Value,One-time (1)
qru62152,3.21,1,1,3.21,Low Value,One-time (1)
w341o9w7,3.21,1,1,3.21,Low Value,One-time (1)
abidz5me,3.21,1,1,3.21,Low Value,One-time (1)
regz5ipu,3.21,1,1,3.21,Low Value,One-time (1)
668xansz,3.21,1,1,3.21,Low Value,One-time (1)
gf6eilbw,3.21,1,1,3.21,Low Value,One-time (1)
u47q0p2r,3.21,1,1,3.21,Low Value,One-time (1)
ofkfk1i4,3.21,1,1,3.21,Low Value,One-time (1)
zioc5l75,3.21,1,1,3.21,Low Value,One-time (1)
rb9j85cp,3.21,1,1,3.21,Low Value,One-time (1)
vrwvmqex,3.21,1,1,3.21,Low Value,One-time (1)
cjg5u5lk,3.2,1,1,3.2,Low Value,One-time (1)
8yyp17o1,3.2,1,1,3.2,Low Value,One-time (1)
79nj9mrk,3.2,1,1,3.2,Low Value,One-time (1)
yeyjc2fi,3.2,1,2,3.2,Low Value,One-time (1)
ag54sbk4,3.2,1,1,3.2,Low Value,One-time (1)
y195tbfl,3.2,1,1,3.2,Low Value,One-time (1)
aom5a4vb,3.2,1,1,3.2,Low Value,One-time (1)
f54wvqxp,3.2,1,1,3.2,Low Value,One-time (1)
jvuq1mhm,3.2,1,1,3.2,Low Value,One-time (1)
afyh1fkj,3.2,1,1,3.2,Low Value,One-time (1)
y1kth53x,3.2,1,1,3.2,Low Value,One-time (1)
z649x8ky,3.2,1,1,3.2,Low Value,One-time (1)
3iu7uiea,3.2,1,1,3.2,Low Value,One-time (1)
7lsi5q4h,3.2,1,1,3.2,Low Value,One-time (1)
my614sqd,3.2,1,1,3.2,Low Value,One-time (1)
qtnp8m4e,3.2,1,1,3.2,Low Value,One-time (1)
92cmu1xx,3.2,1,1,3.2,Low Value,One-time (1)
ezcwaucg,3.2,1,1,3.2,Low Value,One-time (1)
tkov8mw6,3.2,1,1,3.2,Low Value,One-time (1)
5dfcmq5h,3.2,1,1,3.2,Low Value,One-time (1)
45825cpj,3.2,1,1,3.2,Low Value,One-time (1)
zrn9576g,3.2,1,1,3.2,Low Value,One-time (1)
1b91hxkj,3.2,1,1,3.2,Low Value,One-time (1)
jssw48gm,3.2,1,1,3.2,Low Value,One-time (1)
4c2v4io1,3.2,1,1,3.2,Low Value,One-time (1)
ocid1tyo,3.2,1,1,3.2,Low Value,One-time (1)
b0z0dbjr,3.2,1,1,3.2,Low Value,One-time (1)
j7xo5lum,3.2,1,1,3.2,Low Value,One-time (1)
j7awgcd5,3.2,1,1,3.2,Low Value,One-time (1)
r850itwz,3.2,1,1,3.2,Low Value,One-time (1)
bt3yw715,3.2,1,1,3.2,Low Value,One-time (1)
2habnosy,3.2,1,1,3.2,Low Value,One-time (1)
spozkxgb,3.2,1,1,3.2,Low Value,One-time (1)
28r7a3e4,3.2,1,1,3.2,Low Value,One-time (1)
xeh4lu7n,3.2,1,1,3.2,Low Value,One-time (1)
2d1jqbex,3.2,1,1,3.2,Low Value,One-time (1)
c3vfrnr4,3.2,1,1,3.2,Low Value,One-time (1)
e9znwvp0,3.2,1,1,3.2,Low Value,One-time (1)
s1bpexh5,3.2,1,1,3.2,Low Value,One-time (1)
ogusm9h0,3.2,1,1,3.2,Low Value,One-time (1)
t4ygad58,3.2,1,1,3.2,Low Value,One-time (1)
uwrt25mp,3.2,1,1,3.2,Low Value,One-time (1)
53ubxyxo,3.2,1,1,3.2,Low Value,One-time (1)
27bmavux,3.2,1,1,3.2,Low Value,One-time (1)
8f8uvcx8,3.2,1,1,3.2,Low Value,One-time (1)
wyqhnck2,3.2,1,1,3.2,Low Value,One-time (1)
c36c3vo4,3.2,1,1,3.2,Low Value,One-time (1)
t2bfmc8x,3.2,1,1,3.2,Low Value,One-time (1)
ieed3fj3,3.2,1,1,3.2,Low Value,One-time (1)
vbl0p9wy,3.2,1,1,3.2,Low Value,One-time (1)
x2dqzbdf,3.2,1,1,3.2,Low Value,One-time (1)
hgib87vz,3.2,1,1,3.2,Low Value,One-time (1)
cf081ah9,3.2,1,1,3.2,Low Value,One-time (1)
8r23dldg,3.2,1,1,3.2,Low Value,One-time (1)
76uqhde7,3.2,1,1,3.2,Low Value,One-time (1)
fonix6v2,3.2,1,1,3.2,Low Value,One-time (1)
zc6azecj,3.2,1,1,3.2,Low Value,One-time (1)
kluu02qh,3.2,1,1,3.2,Low Value,One-time (1)
3djn4tyt,3.2,1,1,3.2,Low Value,One-time (1)
5jzl6d78,3.2,1,1,3.2,Low Value,One-time (1)
fd4d3xza,3.2,1,1,3.2,Low Value,One-time (1)
ue5z7w1r,3.2,1,1,3.2,Low Value,One-time (1)
3dbnxbmc,3.2,1,1,3.2,Low Value,One-time (1)
gy4nnqoy,3.2,1,1,3.2,Low Value,One-time (1)
6buwnbb2,3.2,1,1,3.2,Low Value,One-time (1)
xb1fbygh,3.2,1,1,3.2,Low Value,One-time (1)
lnrux9km,3.2,1,1,3.2,Low Value,One-time (1)
orxhyduz,3.2,1,1,3.2,Low Value,One-time (1)
i009gif6,3.2,1,1,3.2,Low Value,One-time (1)
0cqyiff4,3.2,1,1,3.2,Low Value,One-time (1)
ib9cwtob,3.2,1,1,3.2,Low Value,One-time (1)
tl28kg2i,3.2,1,1,3.2,Low Value,One-time (1)
6giv2q38,3.2,1,1,3.2,Low Value,One-time (1)
ui39lmru,3.2,1,1,3.2,Low Value,One-time (1)
n8ovlgyb,3.2,1,1,3.2,Low Value,One-time (1)
x2ekromx,3.2,1,1,3.2,Low Value,One-time (1)
ryqqb5be,3.2,1,1,3.2,Low Value,One-time (1)
xhcng9w7,3.19,1,1,3.19,Low Value,One-time (1)
l9js335r,3.19,1,1,3.19,Low Value,One-time (1)
enwbbadl,3.19,1,1,3.19,Low Value,One-time (1)
cwq5amf3,3.19,1,1,3.19,Low Value,One-time (1)
lhyvoukh,3.19,1,1,3.19,Low Value,One-time (1)
guzgx00m,3.19,1,1,3.19,Low Value,One-time (1)
h6srh97z,3.19,1,1,3.19,Low Value,One-time (1)
kmh53psg,3.19,1,1,3.19,Low Value,One-time (1)
zav82j8c,3.19,1,1,3.19,Low Value,One-time (1)
4fuuy918,3.19,1,1,3.19,Low Value,One-time (1)
mkouyub8,3.19,1,1,3.19,Low Value,One-time (1)
38003ab1,3.19,1,1,3.19,Low Value,One-time (1)
urcbdz6a,3.19,1,1,3.19,Low Value,One-time (1)
mkp807sz,3.19,1,1,3.19,Low Value,One-time (1)
jtl8uujx,3.19,1,1,3.19,Low Value,One-time (1)
697d5s3p,3.19,1,1,3.19,Low Value,One-time (1)
vk1ud45x,3.19,1,1,3.19,Low Value,One-time (1)
d1efvauw,3.19,1,1,3.19,Low Value,One-time (1)
bqgu3oby,3.19,1,1,3.19,Low Value,One-time (1)
k4vumfmz,3.19,1,1,3.19,Low Value,One-time (1)
1d0kpkbs,3.19,1,1,3.19,Low Value,One-time (1)
c1dbnpsg,3.19,1,1,3.19,Low Value,One-time (1)
jm23xq9w,3.19,1,1,3.19,Low Value,One-time (1)
mb5m9j98,3.19,1,1,3.19,Low Value,One-time (1)
n3lkwknz,3.19,1,1,3.19,Low Value,One-time (1)
eiccrmxj,3.18,1,1,3.18,Low Value,One-time (1)
ckody3gi,3.18,1,1,3.18,Low Value,One-time (1)
faf85qvx,3.18,1,1,3.18,Low Value,One-time (1)
xsh7zi8j,3.18,1,1,3.18,Low Value,One-time (1)
xoyzm6es,3.18,1,1,3.18,Low Value,One-time (1)
czc0wqmg,3.18,1,1,3.18,Low Value,One-time (1)
k23l9yvy,3.18,1,1,3.18,Low Value,One-time (1)
j9cc8fu1,3.18,1,1,3.18,Low Value,One-time (1)
8xyeytjq,3.18,1,1,3.18,Low Value,One-time (1)
ork1djrw,3.18,1,1,3.18,Low Value,One-time (1)
d2q6op3m,3.18,1,1,3.18,Low Value,One-time (1)
5sq53w0d,3.18,1,1,3.18,Low Value,One-time (1)
8n5fg9mx,3.18,1,1,3.18,Low Value,One-time (1)
tsyn2q77,3.17,1,1,3.17,Low Value,One-time (1)
d85bg4mm,3.17,1,1,3.17,Low Value,One-time (1)
i874u77w,3.17,1,1,3.17,Low Value,One-time (1)
p8q1d2k0,3.17,1,1,3.17,Low Value,One-time (1)
rn7juq8c,3.17,1,1,3.17,Low Value,One-time (1)
s4p1n32m,3.17,1,1,3.17,Low Value,One-time (1)
g088xqyv,3.17,1,1,3.17,Low Value,One-time (1)
rfgr8r9a,3.17,1,1,3.17,Low Value,One-time (1)
x3t27xke,3.17,1,1,3.17,Low Value,One-time (1)
e3o2411n,3.17,1,1,3.17,Low Value,One-time (1)
5psi6cdq,3.17,1,1,3.17,Low Value,One-time (1)
nusg9l9q,3.17,1,1,3.17,Low Value,One-time (1)
2cu7yeh6,3.17,1,1,3.17,Low Value,One-time (1)
9vldgnc3,3.17,1,1,3.17,Low Value,One-time (1)
2dtddobv,3.17,1,1,3.17,Low Value,One-time (1)
zihzvzgm,3.17,1,1,3.17,Low Value,One-time (1)
rqp8ki1n,3.17,1,1,3.17,Low Value,One-time (1)
289nf3mh,3.17,1,1,3.17,Low Value,One-time (1)
48rgryqb,3.17,1,1,3.17,Low Value,One-time (1)
2de16290,3.17,1,1,3.17,Low Value,One-time (1)
bpug5swk,3.17,1,1,3.17,Low Value,One-time (1)
llor9g8r,3.17,1,1,3.17,Low Value,One-time (1)
wzhmmh01,3.17,1,1,3.17,Low Value,One-time (1)
wrz4emr5,3.17,1,1,3.17,Low Value,One-time (1)
tvm7j146,3.17,1,1,3.17,Low Value,One-time (1)
aa4uaolk,3.17,1,1,3.17,Low Value,One-time (1)
qsseeinf,3.17,1,1,3.17,Low Value,One-time (1)
aa3yt2y6,3.17,1,1,3.17,Low Value,One-time (1)
npcnfhpn,3.17,1,1,3.17,Low Value,One-time (1)
ygsv9sbb,3.17,1,1,3.17,Low Value,One-time (1)
l5pyy15q,3.15,1,1,3.15,Low Value,One-time (1)
xvq9qmu4,3.15,1,1,3.15,Low Value,One-time (1)
iasfg121,3.15,1,1,3.15,Low Value,One-time (1)
glhkvadj,3.15,1,1,3.15,Low Value,One-time (1)
4dee40sh,3.15,1,1,3.15,Low Value,One-time (1)
xxw80kt1,3.15,1,1,3.15,Low Value,One-time (1)
zrvhx8zf,3.15,1,1,3.15,Low Value,One-time (1)
znqb3whi,3.14,1,1,3.14,Low Value,One-time (1)
ky6bvmbn,3.14,1,1,3.14,Low Value,One-time (1)
719xonsw,3.14,1,1,3.14,Low Value,One-time (1)
g4xv349n,3.14,1,1,3.14,Low Value,One-time (1)
9wka31oj,3.14,1,1,3.14,Low Value,One-time (1)
yr1w9bg4,3.14,1,1,3.14,Low Value,One-time (1)
zwmshgo0,3.14,1,1,3.14,Low Value,One-time (1)
zm87w1xg,3.14,1,1,3.14,Low Value,One-time (1)
v0ahen6c,3.14,1,1,3.14,Low Value,One-time (1)
tdw3jduq,3.14,1,1,3.14,Low Value,One-time (1)
85eguhgv,3.14,1,1,3.14,Low Value,One-time (1)
9j893yvt,3.14,1,1,3.14,Low Value,One-time (1)
cii1piu4,3.14,1,1,3.14,Low Value,One-time (1)
1ulv8alo,3.14,1,1,3.14,Low Value,One-time (1)
t0z6vk19,3.14,1,1,3.14,Low Value,One-time (1)
zpig5cmh,3.14,1,1,3.14,Low Value,One-time (1)
yf49y0rj,3.14,1,1,3.14,Low Value,One-time (1)
h0t0wci3,3.14,1,1,3.14,Low Value,One-time (1)
d69bgnza,3.14,1,1,3.14,Low Value,One-time (1)
irs0qkao,3.14,1,1,3.14,Low Value,One-time (1)
tx5wmh2r,3.14,1,1,3.14,Low Value,One-time (1)
hu0yictt,3.14,1,1,3.14,Low Value,One-time (1)
ik4vzwdw,3.14,1,1,3.14,Low Value,One-time (1)
mn2317mm,3.14,1,1,3.14,Low Value,One-time (1)
gme0r9wn,3.14,1,1,3.14,Low Value,One-time (1)
5ykvyv8w,3.14,1,1,3.14,Low Value,One-time (1)
extbuxpl,3.14,1,1,3.14,Low Value,One-time (1)
03ffk680,3.14,1,1,3.14,Low Value,One-time (1)
qfcbommc,3.14,1,1,3.14,Low Value,One-time (1)
fxx3pb6k,3.14,1,1,3.14,Low Value,One-time (1)
3ka9g90k,3.14,1,1,3.14,Low Value,One-time (1)
w0bnzu3y,3.14,1,1,3.14,Low Value,One-time (1)
6cn0dl6t,3.14,1,1,3.14,Low Value,One-time (1)
23q8749x,3.14,1,1,3.14,Low Value,One-time (1)
hph13shw,3.14,1,1,3.14,Low Value,One-time (1)
nogf3ahd,3.14,1,1,3.14,Low Value,One-time (1)
qjumlgty,3.14,1,1,3.14,Low Value,One-time (1)
osx8d9pb,3.14,1,1,3.14,Low Value,One-time (1)
72xg54lx,3.14,1,1,3.14,Low Value,One-time (1)
5u8oen49,3.14,1,1,3.14,Low Value,One-time (1)
wmobvv2n,3.14,1,1,3.14,Low Value,One-time (1)
g01icgxf,3.14,1,1,3.14,Low Value,One-time (1)
cdowm55e,3.14,1,1,3.14,Low Value,One-time (1)
2a9yr0p4,3.14,1,1,3.14,Low Value,One-time (1)
9xx6415x,3.14,1,1,3.14,Low Value,One-time (1)
1inzvj1f,3.14,1,1,3.14,Low Value,One-time (1)
zn2p8c19,3.14,1,1,3.14,Low Value,One-time (1)
2ba738ej,3.14,1,1,3.14,Low Value,One-time (1)
wjzp1kyn,3.14,1,1,3.14,Low Value,One-time (1)
pbizzp9i,3.14,1,1,3.14,Low Value,One-time (1)
amn12mbr,3.14,1,1,3.14,Low Value,One-time (1)
hq3pkvva,3.14,1,1,3.14,Low Value,One-time (1)
a7dww43k,3.14,1,1,3.14,Low Value,One-time (1)
wqz8gcgx,3.14,1,1,3.14,Low Value,One-time (1)
4cii9onp,3.14,1,1,3.14,Low Value,One-time (1)
4v1ro71e,3.14,1,1,3.14,Low Value,One-time (1)
s7s3t6l8,3.13,1,1,3.13,Low Value,One-time (1)
6hapz20r,3.13,1,1,3.13,Low Value,One-time (1)
85stucur,3.13,1,1,3.13,Low Value,One-time (1)
msl5ji1c,3.13,1,1,3.13,Low Value,One-time (1)
4ax2b26v,3.13,1,1,3.13,Low Value,One-time (1)
qganyqu7,3.13,1,1,3.13,Low Value,One-time (1)
3d1eoeln,3.13,1,1,3.13,Low Value,One-time (1)
5btazk4s,3.13,1,1,3.13,Low Value,One-time (1)
8ej9xd1p,3.13,1,1,3.13,Low Value,One-time (1)
pld4va4c,3.13,1,1,3.13,Low Value,One-time (1)
4sf5jxnr,3.13,1,1,3.13,Low Value,One-time (1)
esv6gy3u,3.13,1,1,3.13,Low Value,One-time (1)
ka1fszxs,3.13,1,1,3.13,Low Value,One-time (1)
7w3lk0jv,3.13,1,1,3.13,Low Value,One-time (1)
u7julvut,3.13,1,1,3.13,Low Value,One-time (1)
ajsgggws,3.13,1,1,3.13,Low Value,One-time (1)
mh7x364c,3.13,1,1,3.13,Low Value,One-time (1)
p80rv1mw,3.13,1,1,3.13,Low Value,One-time (1)
mpn6937x,3.13,1,1,3.13,Low Value,One-time (1)
sci4c9mq,3.13,1,1,3.13,Low Value,One-time (1)
egm6htry,3.13,1,1,3.13,Low Value,One-time (1)
6nsqwo9r,3.13,1,1,3.13,Low Value,One-time (1)
pso5yk0k,3.13,1,1,3.13,Low Value,One-time (1)
ngp8jtec,3.13,1,1,3.13,Low Value,One-time (1)
7jsryf2s,3.13,1,1,3.13,Low Value,One-time (1)
2s5i0uh2,3.13,1,1,3.13,Low Value,One-time (1)
hq2tu7bq,3.13,1,1,3.13,Low Value,One-time (1)
mnvwvy1q,3.13,1,1,3.13,Low Value,One-time (1)
9ybpirgw,3.13,1,1,3.13,Low Value,One-time (1)
x6jstekz,3.13,1,1,3.13,Low Value,One-time (1)
zti376fq,3.13,1,1,3.13,Low Value,One-time (1)
ab98z8bo,3.13,1,1,3.13,Low Value,One-time (1)
1hn25i5a,3.13,1,1,3.13,Low Value,One-time (1)
eeurxhw0,3.13,1,1,3.13,Low Value,One-time (1)
6h25b1oo,3.13,1,1,3.13,Low Value,One-time (1)
9ofivpa1,3.13,1,1,3.13,Low Value,One-time (1)
os3vyc08,3.12,1,1,3.12,Low Value,One-time (1)
w01e884c,3.12,1,1,3.12,Low Value,One-time (1)
9o2nbn7o,3.12,1,1,3.12,Low Value,One-time (1)
tyt0hyxa,3.12,1,1,3.12,Low Value,One-time (1)
mebza355,3.12,1,1,3.12,Low Value,One-time (1)
46x0wf2x,3.12,1,1,3.12,Low Value,One-time (1)
ptwydkps,3.12,1,1,3.12,Low Value,One-time (1)
4974f28q,3.12,1,1,3.12,Low Value,One-time (1)
9qogmnn0,3.12,1,1,3.12,Low Value,One-time (1)
l9cd60wt,3.12,1,1,3.12,Low Value,One-time (1)
hagyfxj9,3.12,1,1,3.12,Low Value,One-time (1)
mi4vgiuv,3.12,1,1,3.12,Low Value,One-time (1)
oreke3op,3.12,1,1,3.12,Low Value,One-time (1)
tyclxmdw,3.12,1,1,3.12,Low Value,One-time (1)
l7lqrbkm,3.12,1,1,3.12,Low Value,One-time (1)
c4w4w2aa,3.12,1,1,3.12,Low Value,One-time (1)
8tfyteea,3.12,1,1,3.12,Low Value,One-time (1)
d4y7z018,3.12,1,1,3.12,Low Value,One-time (1)
94ovbu53,3.12,1,1,3.12,Low Value,One-time (1)
wuqqea0s,3.12,1,1,3.12,Low Value,One-time (1)
eyxuyx8q,3.12,1,1,3.12,Low Value,One-time (1)
o3i3gfrs,3.12,1,1,3.12,Low Value,One-time (1)
a7uaktbw,3.12,1,1,3.12,Low Value,One-time (1)
em1ovlin,3.12,1,1,3.12,Low Value,One-time (1)
e7kq6kue,3.12,1,1,3.12,Low Value,One-time (1)
rabr6rtc,3.12,1,1,3.12,Low Value,One-time (1)
9jlxouxf,3.12,1,1,3.12,Low Value,One-time (1)
u7o6kg74,3.12,1,1,3.12,Low Value,One-time (1)
s37p4dca,3.12,1,1,3.12,Low Value,One-time (1)
q3dl0kxg,3.12,1,1,3.12,Low Value,One-time (1)
6djek1j2,3.12,1,1,3.12,Low Value,One-time (1)
jvnm3u7u,3.12,1,1,3.12,Low Value,One-time (1)
17r7b8lc,3.12,1,1,3.12,Low Value,One-time (1)
ucnwsmmr,3.12,1,1,3.12,Low Value,One-time (1)
1xerp3ly,3.12,1,1,3.12,Low Value,One-time (1)
d9p2tvy9,3.12,1,1,3.12,Low Value,One-time (1)
deuaq89g,3.12,1,1,3.12,Low Value,One-time (1)
sqp1v0ib,3.12,1,1,3.12,Low Value,One-time (1)
6n0u3ih1,3.12,1,1,3.12,Low Value,One-time (1)
qd6vasif,3.11,1,1,3.11,Low Value,One-time (1)
wjpnlmkm,3.11,1,1,3.11,Low Value,One-time (1)
vbxwjv2d,3.11,1,1,3.11,Low Value,One-time (1)
8op69w1y,3.11,1,1,3.11,Low Value,One-time (1)
x9nbyc3d,3.11,1,1,3.11,Low Value,One-time (1)
ykmyc1lp,3.11,1,1,3.11,Low Value,One-time (1)
sw96cgow,3.11,1,1,3.11,Low Value,One-time (1)
ahbrow57,3.11,1,1,3.11,Low Value,One-time (1)
lgacmyhj,3.11,1,1,3.11,Low Value,One-time (1)
nak1u9o4,3.11,1,1,3.11,Low Value,One-time (1)
8ynmf0qc,3.11,1,1,3.11,Low Value,One-time (1)
kmtdcjea,3.1,1,1,3.1,Low Value,One-time (1)
ehpzrv7v,3.1,1,1,3.1,Low Value,One-time (1)
0oh011kj,3.1,1,1,3.1,Low Value,One-time (1)
1ufrfvrm,3.1,1,1,3.1,Low Value,One-time (1)
9e13q0wr,3.1,1,1,3.1,Low Value,One-time (1)
52kvuhhh,3.1,1,1,3.1,Low Value,One-time (1)
jd4ah8v4,3.1,1,1,3.1,Low Value,One-time (1)
329gfp29,3.1,1,1,3.1,Low Value,One-time (1)
7doou2jk,3.1,1,1,3.1,Low Value,One-time (1)
f044s5ci,3.1,1,1,3.1,Low Value,One-time (1)
fptlljz4,3.1,1,1,3.1,Low Value,One-time (1)
9w595lgp,3.1,1,1,3.1,Low Value,One-time (1)
kkh40xtc,3.1,1,1,3.1,Low Value,One-time (1)
k3cp42yp,3.1,1,1,3.1,Low Value,One-time (1)
iinjpk2c,3.1,1,1,3.1,Low Value,One-time (1)
4x9jpepa,3.1,1,1,3.1,Low Value,One-time (1)
ijixkvuh,3.1,1,1,3.1,Low Value,One-time (1)
k63hrcrl,3.1,1,1,3.1,Low Value,One-time (1)
yd7i1d7x,3.1,1,1,3.1,Low Value,One-time (1)
fjfbnah4,3.1,1,1,3.1,Low Value,One-time (1)
pgj8n5py,3.1,1,1,3.1,Low Value,One-time (1)
6ffcmg21,3.1,1,1,3.1,Low Value,One-time (1)
xst9u7l9,3.1,1,1,3.1,Low Value,One-time (1)
floutsg8,3.1,1,1,3.1,Low Value,One-time (1)
xq6p8zrj,3.1,1,1,3.1,Low Value,One-time (1)
hplbj9do,3.1,1,1,3.1,Low Value,One-time (1)
55ranfku,3.1,1,1,3.1,Low Value,One-time (1)
22h7puem,3.09,1,1,3.09,Low Value,One-time (1)
jjqxt30q,3.09,1,1,3.09,Low Value,One-time (1)
lsjbwldh,3.09,1,1,3.09,Low Value,One-time (1)
ztufagxk,3.09,1,1,3.09,Low Value,One-time (1)
3svxkllr,3.09,1,1,3.09,Low Value,One-time (1)
dy5v44bv,3.09,1,1,3.09,Low Value,One-time (1)
r7oub6rr,3.09,1,1,3.09,Low Value,One-time (1)
o1hfkwcn,3.09,1,1,3.09,Low Value,One-time (1)
yfcec8dk,3.09,1,1,3.09,Low Value,One-time (1)
w2kpkcmq,3.09,1,1,3.09,Low Value,One-time (1)
8guuay6q,3.09,1,1,3.09,Low Value,One-time (1)
2ih2zgl1,3.09,1,1,3.09,Low Value,One-time (1)
dtbyrgc8,3.09,1,1,3.09,Low Value,One-time (1)
eff7ml6b,3.09,1,1,3.09,Low Value,One-time (1)
nhrz2dss,3.09,1,1,3.09,Low Value,One-time (1)
8lnhijx1,3.09,1,1,3.09,Low Value,One-time (1)
vb0ziyv0,3.09,1,1,3.09,Low Value,One-time (1)
znfutzqq,3.09,1,1,3.09,Low Value,One-time (1)
ahe00ibp,3.09,1,1,3.09,Low Value,One-time (1)
9ljhq7ws,3.09,1,1,3.09,Low Value,One-time (1)
8ecly65l,3.09,1,1,3.09,Low Value,One-time (1)
r3ys9h2m,3.09,1,1,3.09,Low Value,One-time (1)
m52ingig,3.09,1,1,3.09,Low Value,One-time (1)
5a9gu795,3.09,1,1,3.09,Low Value,One-time (1)
08k6xip5,3.09,1,1,3.09,Low Value,One-time (1)
vlinqujs,3.09,1,1,3.09,Low Value,One-time (1)
p41bw6ai,3.09,1,1,3.09,Low Value,One-time (1)
2b9e5xz4,3.09,1,1,3.09,Low Value,One-time (1)
rcyr2o8l,3.09,1,1,3.09,Low Value,One-time (1)
sn1lhjy9,3.09,1,1,3.09,Low Value,One-time (1)
ne1mk4qc,3.09,1,1,3.09,Low Value,One-time (1)
vyr7yzdx,3.09,1,1,3.09,Low Value,One-time (1)
bv2hh4hu,3.09,1,1,3.09,Low Value,One-time (1)
mgxk1tg3,3.09,1,1,3.09,Low Value,One-time (1)
v3u2gdkb,3.09,1,1,3.09,Low Value,One-time (1)
1q4omgff,3.09,1,1,3.09,Low Value,One-time (1)
mop5m9jf,3.09,1,1,3.09,Low Value,One-time (1)
fkowt75f,3.09,1,1,3.09,Low Value,One-time (1)
wq8fkpa4,3.09,1,1,3.09,Low Value,One-time (1)
mtc36j7l,3.09,1,1,3.09,Low Value,One-time (1)
hnl9khp6,3.08,1,1,3.08,Low Value,One-time (1)
aanqbmj6,3.08,1,1,3.08,Low Value,One-time (1)
7cpvkht4,3.08,1,1,3.08,Low Value,One-time (1)
5z0nb7wh,3.08,1,1,3.08,Low Value,One-time (1)
ik89ge38,3.08,1,1,3.08,Low Value,One-time (1)
22rlwkbg,3.08,1,1,3.08,Low Value,One-time (1)
pfxdefw7,3.08,1,1,3.08,Low Value,One-time (1)
zk55blky,3.08,1,1,3.08,Low Value,One-time (1)
c3peunfz,3.08,1,1,3.08,Low Value,One-time (1)
jzc4zksy,3.08,1,1,3.08,Low Value,One-time (1)
657bgcxv,3.08,1,1,3.08,Low Value,One-time (1)
cedhafs4,3.08,1,1,3.08,Low Value,One-time (1)
kzv68p9l,3.08,1,1,3.08,Low Value,One-time (1)
vp3b3h2y,3.08,1,1,3.08,Low Value,One-time (1)
r3n7s6yz,3.08,1,1,3.08,Low Value,One-time (1)
zuwgfnem,3.08,1,1,3.08,Low Value,One-time (1)
i2xw1z5t,3.08,1,1,3.08,Low Value,One-time (1)
zvgchuz6,3.08,1,1,3.08,Low Value,One-time (1)
pyutxpz2,3.08,1,1,3.08,Low Value,One-time (1)
kv0j1m3i,3.08,1,1,3.08,Low Value,One-time (1)
gofs6wxq,3.08,1,1,3.08,Low Value,One-time (1)
d2upmljr,3.08,1,1,3.08,Low Value,One-time (1)
cw02i0xn,3.08,1,1,3.08,Low Value,One-time (1)
vj2qn5n1,3.08,1,1,3.08,Low Value,One-time (1)
ep986lsg,3.06,1,1,3.06,Low Value,One-time (1)
pj7kw6xx,3.06,1,1,3.06,Low Value,One-time (1)
739tgbro,3.06,1,1,3.06,Low Value,One-time (1)
7wdlcj37,3.06,1,1,3.06,Low Value,One-time (1)
8m50sk9k,3.06,1,1,3.06,Low Value,One-time (1)
iz0i44su,3.06,1,1,3.06,Low Value,One-time (1)
736uovou,3.06,1,1,3.06,Low Value,One-time (1)
ftuzdxfk,3.06,1,1,3.06,Low Value,One-time (1)
p756mii5,3.06,1,1,3.06,Low Value,One-time (1)
dgmsdl6x,3.06,1,1,3.06,Low Value,One-time (1)
5ccasbuo,3.06,1,1,3.06,Low Value,One-time (1)
24rlq562,3.06,1,1,3.06,Low Value,One-time (1)
btdeztif,3.06,1,1,3.06,Low Value,One-time (1)
fg9lx3av,3.06,1,1,3.06,Low Value,One-time (1)
xem0907e,3.06,1,1,3.06,Low Value,One-time (1)
aa0h3t15,3.06,1,1,3.06,Low Value,One-time (1)
i3on8jt7,3.06,1,1,3.06,Low Value,One-time (1)
mfvmsucn,3.06,1,1,3.06,Low Value,One-time (1)
7ndlohp6,3.06,1,1,3.06,Low Value,One-time (1)
ebez8eih,3.06,1,1,3.06,Low Value,One-time (1)
gfkvc822,3.06,1,1,3.06,Low Value,One-time (1)
mk3tw59g,3.06,1,1,3.06,Low Value,One-time (1)
qf34vteb,3.06,1,1,3.06,Low Value,One-time (1)
37jr2f52,3.06,1,1,3.06,Low Value,One-time (1)
9m019ua0,3.06,1,1,3.06,Low Value,One-time (1)
jcrfqlb4,3.06,1,1,3.06,Low Value,One-time (1)
njzycj79,3.06,1,1,3.06,Low Value,One-time (1)
0bpn8u3j,3.06,1,1,3.06,Low Value,One-time (1)
43qupyv6,3.06,1,1,3.06,Low Value,One-time (1)
heghw49a,3.06,1,1,3.06,Low Value,One-time (1)
f6932fjp,3.06,1,1,3.06,Low Value,One-time (1)
7eqkv2pn,3.06,1,1,3.06,Low Value,One-time (1)
rkled77w,3.06,1,1,3.06,Low Value,One-time (1)
x7y92u5k,3.06,1,1,3.06,Low Value,One-time (1)
0a906ip2,3.06,1,1,3.06,Low Value,One-time (1)
kpx89t2e,3.06,1,1,3.06,Low Value,One-time (1)
ckj7209j,3.06,1,1,3.06,Low Value,One-time (1)
q6migr74,3.06,1,1,3.06,Low Value,One-time (1)
6itqikb8,3.06,1,1,3.06,Low Value,One-time (1)
wbx6d9t1,3.06,1,1,3.06,Low Value,One-time (1)
2412sw51,3.06,1,1,3.06,Low Value,One-time (1)
139b2a0x,3.06,1,1,3.06,Low Value,One-time (1)
69l4uf1a,3.06,1,1,3.06,Low Value,One-time (1)
3p0p9k60,3.06,1,1,3.06,Low Value,One-time (1)
jrwd9gqq,3.06,1,1,3.06,Low Value,One-time (1)
q8olmijv,3.06,1,1,3.06,Low Value,One-time (1)
q1hutjqz,3.06,1,1,3.06,Low Value,One-time (1)
q162ww94,3.06,1,1,3.06,Low Value,One-time (1)
p45vxxj9,3.06,1,1,3.06,Low Value,One-time (1)
x9tmzrke,3.06,1,1,3.06,Low Value,One-time (1)
tlwgwmjh,3.06,1,1,3.06,Low Value,One-time (1)
pexts2ng,3.06,1,1,3.06,Low Value,One-time (1)
9q4vfm8f,3.06,1,1,3.06,Low Value,One-time (1)
kinkuyvc,3.06,1,1,3.06,Low Value,One-time (1)
r34gaska,3.06,1,1,3.06,Low Value,One-time (1)
3q7gktmq,3.06,1,1,3.06,Low Value,One-time (1)
bdjanzwj,3.06,1,1,3.06,Low Value,One-time (1)
90myndl6,3.06,1,1,3.06,Low Value,One-time (1)
xusidrns,3.06,1,1,3.06,Low Value,One-time (1)
tqk0zg63,3.06,1,1,3.06,Low Value,One-time (1)
vzcscnsv,3.06,1,1,3.06,Low Value,One-time (1)
svezx2n4,3.06,1,1,3.06,Low Value,One-time (1)
qigkx1dn,3.06,1,1,3.06,Low Value,One-time (1)
52l9oe7p,3.06,1,1,3.06,Low Value,One-time (1)
vzit5xv5,3.06,1,1,3.06,Low Value,One-time (1)
7jtx1o5j,3.06,1,1,3.06,Low Value,One-time (1)
rgnw0c3q,3.06,1,1,3.06,Low Value,One-time (1)
uk6i6h9e,3.06,1,1,3.06,Low Value,One-time (1)
yy3m2mms,3.06,1,1,3.06,Low Value,One-time (1)
wuzl1vah,3.06,1,1,3.06,Low Value,One-time (1)
s0iplwrt,3.06,1,1,3.06,Low Value,One-time (1)
wuucwj5r,3.06,1,1,3.06,Low Value,One-time (1)
zz94s4ss,3.06,1,1,3.06,Low Value,One-time (1)
a4vxfi1v,3.06,1,1,3.06,Low Value,One-time (1)
ao4iikqh,3.06,1,1,3.06,Low Value,One-time (1)
od1fjpp5,3.06,1,1,3.06,Low Value,One-time (1)
sh3nrybv,3.06,1,1,3.06,Low Value,One-time (1)
gqjwd2d5,3.06,1,1,3.06,Low Value,One-time (1)
rzn0s2e0,3.06,1,1,3.06,Low Value,One-time (1)
xilm07is,3.05,1,1,3.05,Low Value,One-time (1)
bfbl0u18,3.04,1,1,3.04,Low Value,One-time (1)
kx1u1u31,3.04,1,1,3.04,Low Value,One-time (1)
kx3m0n4f,3.04,1,1,3.04,Low Value,One-time (1)
qnxgrtom,3.04,1,1,3.04,Low Value,One-time (1)
m0m0dwbl,3.04,1,1,3.04,Low Value,One-time (1)
jpfof5ez,3.04,1,1,3.04,Low Value,One-time (1)
n35yuyjk,3.04,1,1,3.04,Low Value,One-time (1)
vplaiwds,3.04,1,1,3.04,Low Value,One-time (1)
fz90hz2r,3.04,1,1,3.04,Low Value,One-time (1)
tq6gbvc9,3.04,1,1,3.04,Low Value,One-time (1)
e5vx39kz,3.04,1,1,3.04,Low Value,One-time (1)
h2boc08p,3.04,1,1,3.04,Low Value,One-time (1)
pbqpqje0,3.04,1,1,3.04,Low Value,One-time (1)
xk1ds24z,3.04,1,1,3.04,Low Value,One-time (1)
h75896ao,3.04,1,1,3.04,Low Value,One-time (1)
zxqctbq9,3.04,1,1,3.04,Low Value,One-time (1)
lqv62j16,3.04,1,1,3.04,Low Value,One-time (1)
oasc6osa,3.04,1,1,3.04,Low Value,One-time (1)
q4a63hua,3.04,1,1,3.04,Low Value,One-time (1)
9dtfrzgi,3.04,1,1,3.04,Low Value,One-time (1)
lyxcrhy9,3.04,1,1,3.04,Low Value,One-time (1)
3x0z2rab,3.04,1,1,3.04,Low Value,One-time (1)
cb1kjtgq,3.04,1,1,3.04,Low Value,One-time (1)
fzhxsi13,3.04,1,1,3.04,Low Value,One-time (1)
55vgux1a,3.04,1,1,3.04,Low Value,One-time (1)
jtb3k29t,3.04,1,1,3.04,Low Value,One-time (1)
r5jmyxg0,3.04,1,1,3.04,Low Value,One-time (1)
lorxdtg5,3.04,1,1,3.04,Low Value,One-time (1)
4ld2m5tw,3.04,1,1,3.04,Low Value,One-time (1)
86e95nm3,3.04,1,1,3.04,Low Value,One-time (1)
8rcwoyiy,3.04,1,1,3.04,Low Value,One-time (1)
1zzb4x6y,3.04,1,1,3.04,Low Value,One-time (1)
u9slog2k,3.04,1,1,3.04,Low Value,One-time (1)
tegc8bi6,3.04,1,1,3.04,Low Value,One-time (1)
376lr85j,3.04,1,1,3.04,Low Value,One-time (1)
s7xyj331,3.04,1,1,3.04,Low Value,One-time (1)
977ps21x,3.04,1,1,3.04,Low Value,One-time (1)
pyhnb4az,3.04,1,1,3.04,Low Value,One-time (1)
tpdusdx9,3.04,1,1,3.04,Low Value,One-time (1)
nqlcsiic,3.04,1,1,3.04,Low Value,One-time (1)
fkp7dh6t,3.04,1,1,3.04,Low Value,One-time (1)
adjx9e5n,3.04,1,1,3.04,Low Value,One-time (1)
0x65mufm,3.04,1,1,3.04,Low Value,One-time (1)
da9zo1um,3.04,1,1,3.04,Low Value,One-time (1)
y81u45uz,3.04,1,1,3.04,Low Value,One-time (1)
dfovd79c,3.04,1,1,3.04,Low Value,One-time (1)
n5276q4j,3.04,1,1,3.04,Low Value,One-time (1)
plr76wa0,3.04,1,1,3.04,Low Value,One-time (1)
u3f0mee0,3.04,1,1,3.04,Low Value,One-time (1)
6so59ent,3.04,1,1,3.04,Low Value,One-time (1)
oyhinc07,3.04,1,1,3.04,Low Value,One-time (1)
o0rqp40y,3.04,1,1,3.04,Low Value,One-time (1)
b62iw9so,3.04,1,1,3.04,Low Value,One-time (1)
2vtsfrde,3.04,1,1,3.04,Low Value,One-time (1)
yj50qf5y,3.04,1,1,3.04,Low Value,One-time (1)
eqmyh7c3,3.04,1,1,3.04,Low Value,One-time (1)
eqt0eqms,3.04,1,1,3.04,Low Value,One-time (1)
k6ygill0,3.04,1,1,3.04,Low Value,One-time (1)
9qmrgf3g,3.04,1,1,3.04,Low Value,One-time (1)
2lmq10w4,3.04,1,1,3.04,Low Value,One-time (1)
3lpbrf69,3.04,1,1,3.04,Low Value,One-time (1)
b1beyziw,3.04,1,1,3.04,Low Value,One-time (1)
5qhae27s,3.04,1,1,3.04,Low Value,One-time (1)
yo5r79yp,3.04,1,1,3.04,Low Value,One-time (1)
scnxsfhf,3.04,1,1,3.04,Low Value,One-time (1)
43olnyif,3.04,1,1,3.04,Low Value,One-time (1)
0t6dvwrb,3.04,1,1,3.04,Low Value,One-time (1)
b1kj1fjp,3.04,1,1,3.04,Low Value,One-time (1)
r9i8uisp,3.04,1,1,3.04,Low Value,One-time (1)
43sqiobt,3.04,1,1,3.04,Low Value,One-time (1)
gn4qgxnc,3.04,1,1,3.04,Low Value,One-time (1)
4pauek0k,3.04,1,1,3.04,Low Value,One-time (1)
3lj8s2b7,3.04,1,1,3.04,Low Value,One-time (1)
eczwfpbb,3.04,1,1,3.04,Low Value,One-time (1)
cpiw4q2h,3.04,1,1,3.04,Low Value,One-time (1)
91b0zw6h,3.04,1,1,3.04,Low Value,One-time (1)
oe0nlhg6,3.04,1,1,3.04,Low Value,One-time (1)
78tm6nvz,3.04,1,1,3.04,Low Value,One-time (1)
gpbszn6x,3.04,1,1,3.04,Low Value,One-time (1)
utuv6iit,3.04,1,1,3.04,Low Value,One-time (1)
wsuxhyhq,3.04,1,1,3.04,Low Value,One-time (1)
oem92sjh,3.04,1,1,3.04,Low Value,One-time (1)
3cmu756k,3.03,1,1,3.03,Low Value,One-time (1)
f2fmsz2x,3.02,1,1,3.02,Low Value,One-time (1)
kp0zgphb,3.02,1,1,3.02,Low Value,One-time (1)
r2hk1dz4,3.02,1,1,3.02,Low Value,One-time (1)
aidljvm2,3.02,1,1,3.02,Low Value,One-time (1)
d84u89yj,3.02,1,1,3.02,Low Value,One-time (1)
qohn3dg6,3.02,1,1,3.02,Low Value,One-time (1)
9k2eyylv,3.02,1,1,3.02,Low Value,One-time (1)
dltkkkge,3.02,1,1,3.02,Low Value,One-time (1)
c3w4gnmo,3.02,1,1,3.02,Low Value,One-time (1)
hblf5523,3.02,1,1,3.02,Low Value,One-time (1)
lmlp6zcj,3.02,1,1,3.02,Low Value,One-time (1)
3zs3fgtn,3.02,1,1,3.02,Low Value,One-time (1)
3jn7hvbg,3.02,1,1,3.02,Low Value,One-time (1)
xqk5cck0,3.02,1,1,3.02,Low Value,One-time (1)
irzt6yqd,3.02,1,1,3.02,Low Value,One-time (1)
q8h9spck,3.02,1,1,3.02,Low Value,One-time (1)
ggsnpuev,3.02,1,1,3.02,Low Value,One-time (1)
z41ltlxv,3.02,1,1,3.02,Low Value,One-time (1)
vjwud6ku,3.02,1,1,3.02,Low Value,One-time (1)
d5hh7pix,3.02,1,1,3.02,Low Value,One-time (1)
ih4ko41x,3.02,1,1,3.02,Low Value,One-time (1)
ssoy5dxn,3.02,1,1,3.02,Low Value,One-time (1)
356fq6uh,3.02,1,1,3.02,Low Value,One-time (1)
fzg5t2tv,3.02,1,1,3.02,Low Value,One-time (1)
a99mme7u,3.02,1,1,3.02,Low Value,One-time (1)
yazge1vo,3.02,1,1,3.02,Low Value,One-time (1)
5e49ap5p,3.02,1,1,3.02,Low Value,One-time (1)
l77bcseu,3.02,1,1,3.02,Low Value,One-time (1)
pvnjzud8,3.02,1,1,3.02,Low Value,One-time (1)
x4oujwa0,3.01,1,1,3.01,Low Value,One-time (1)
wpgxud9d,3.01,1,1,3.01,Low Value,One-time (1)
3ry1rpiw,3.01,1,1,3.01,Low Value,One-time (1)
cjvnptci,3.01,1,1,3.01,Low Value,One-time (1)
gwmjlf7m,3.01,1,1,3.01,Low Value,One-time (1)
idsgrs7j,3.01,1,1,3.01,Low Value,One-time (1)
lzlrokhu,3.01,1,1,3.01,Low Value,One-time (1)
2eclces1,3.01,1,1,3.01,Low Value,One-time (1)
8pzasofs,3.01,1,1,3.01,Low Value,One-time (1)
hjbtq7vu,3.01,1,1,3.01,Low Value,One-time (1)
mz4orlvr,3.01,1,1,3.01,Low Value,One-time (1)
5vsc5yen,3.01,1,1,3.01,Low Value,One-time (1)
c2nrzkeu,3.01,1,1,3.01,Low Value,One-time (1)
o74i60n0,3.01,1,1,3.01,Low Value,One-time (1)
wsiwod67,3.01,1,1,3.01,Low Value,One-time (1)
pi7s9mm9,3.01,1,1,3.01,Low Value,One-time (1)
4ikaqzlr,3.01,1,1,3.01,Low Value,One-time (1)
15vf92ei,3.01,1,1,3.01,Low Value,One-time (1)
5cmd00mw,3.01,1,1,3.01,Low Value,One-time (1)
6pifueen,3.01,1,1,3.01,Low Value,One-time (1)
qdyqk46g,3.01,1,1,3.01,Low Value,One-time (1)
dmxzmzow,3.01,1,1,3.01,Low Value,One-time (1)
dbgo48ys,3.01,1,1,3.01,Low Value,One-time (1)
pv7rl2ev,3.01,1,1,3.01,Low Value,One-time (1)
dkr93cvn,3.01,1,1,3.01,Low Value,One-time (1)
y75fz65n,3.01,1,1,3.01,Low Value,One-time (1)
uhhubwy4,3.01,1,1,3.01,Low Value,One-time (1)
zu0lx4ry,3.01,1,1,3.01,Low Value,One-time (1)
dx7x30jn,3.01,1,1,3.01,Low Value,One-time (1)
a9kxqcr5,3.01,1,1,3.01,Low Value,One-time (1)
v7lzwyx1,3.01,1,1,3.01,Low Value,One-time (1)
47ka72ui,3.01,1,1,3.01,Low Value,One-time (1)
rbddmcyr,3.01,1,1,3.01,Low Value,One-time (1)
4bghc8i4,3.01,1,1,3.01,Low Value,One-time (1)
jyljhker,3.01,1,1,3.01,Low Value,One-time (1)
hoebenpa,3.01,1,1,3.01,Low Value,One-time (1)
292gvjnk,3.01,1,1,3.01,Low Value,One-time (1)
frrn341n,3.01,1,1,3.01,Low Value,One-time (1)
ip3iaj4m,3.01,1,1,3.01,Low Value,One-time (1)
j21e5k89,3.01,1,1,3.01,Low Value,One-time (1)
x087i6qe,3.01,1,1,3.01,Low Value,One-time (1)
ud1m0ajv,3.01,1,1,3.01,Low Value,One-time (1)
a44lz6v7,3.01,1,1,3.01,Low Value,One-time (1)
pszff8oy,3.01,1,2,3.01,Low Value,One-time (1)
m5p9dsw8,3.01,1,1,3.01,Low Value,One-time (1)
kvlzott1,3.01,1,1,3.01,Low Value,One-time (1)
zt69rk3w,3.01,1,1,3.01,Low Value,One-time (1)
alqinod2,3.01,1,1,3.01,Low Value,One-time (1)
oofiihef,3.01,1,1,3.01,Low Value,One-time (1)
ib8tjtk7,3.01,1,1,3.01,Low Value,One-time (1)
2rkj2lbt,3.01,1,1,3.01,Low Value,One-time (1)
gxnhp98u,3.0,1,1,3.0,Low Value,One-time (1)
7jqy8mvs,3.0,1,1,3.0,Low Value,One-time (1)
p0y4y27t,3.0,1,1,3.0,Low Value,One-time (1)
5hqjt970,3.0,1,1,3.0,Low Value,One-time (1)
stl49yaf,3.0,1,1,3.0,Low Value,One-time (1)
87k634jt,3.0,1,1,3.0,Low Value,One-time (1)
ugy3rwrb,3.0,1,1,3.0,Low Value,One-time (1)
yx0mu5gh,3.0,1,1,3.0,Low Value,One-time (1)
jh604idc,3.0,1,1,3.0,Low Value,One-time (1)
k4ok693n,3.0,1,1,3.0,Low Value,One-time (1)
cid8tk94,3.0,1,1,3.0,Low Value,One-time (1)
q76m0y4x,3.0,1,1,3.0,Low Value,One-time (1)
nv0k1dre,3.0,1,1,3.0,Low Value,One-time (1)
2jkv9dyo,3.0,1,1,3.0,Low Value,One-time (1)
39ad05pb,3.0,1,1,3.0,Low Value,One-time (1)
5mvanjol,3.0,1,1,3.0,Low Value,One-time (1)
lgfusvpa,3.0,1,1,3.0,Low Value,One-time (1)
36b5co5j,3.0,1,1,3.0,Low Value,One-time (1)
tmbgyoip,3.0,1,1,3.0,Low Value,One-time (1)
pqkus7ej,3.0,1,1,3.0,Low Value,One-time (1)
23wp748s,3.0,1,1,3.0,Low Value,One-time (1)
baubb8km,3.0,1,1,3.0,Low Value,One-time (1)
4soctvuq,3.0,1,1,3.0,Low Value,One-time (1)
qv4csvdh,3.0,1,1,3.0,Low Value,One-time (1)
8whyiy95,2.99,1,1,2.99,Low Value,One-time (1)
ud8omkrd,2.99,1,1,2.99,Low Value,One-time (1)
yocdm47z,2.99,1,1,2.99,Low Value,One-time (1)
od8atesz,2.99,1,1,2.99,Low Value,One-time (1)
1bp6nwkx,2.99,1,1,2.99,Low Value,One-time (1)
4qdci2kl,2.99,1,1,2.99,Low Value,One-time (1)
2v9qs8ul,2.99,1,1,2.99,Low Value,One-time (1)
lns01mrd,2.99,1,1,2.99,Low Value,One-time (1)
71kqynds,2.99,1,1,2.99,Low Value,One-time (1)
qx3t6y1m,2.99,1,1,2.99,Low Value,One-time (1)
i0dix6i3,2.99,1,1,2.99,Low Value,One-time (1)
d8odmkib,2.99,1,1,2.99,Low Value,One-time (1)
hr6slwzp,2.99,1,1,2.99,Low Value,One-time (1)
rnznzmcc,2.99,1,1,2.99,Low Value,One-time (1)
twbozd1a,2.99,1,1,2.99,Low Value,One-time (1)
4qj9fdeh,2.99,1,1,2.99,Low Value,One-time (1)
sxw9iozm,2.99,1,1,2.99,Low Value,One-time (1)
ss9l015n,2.99,1,1,2.99,Low Value,One-time (1)
ggjkitrg,2.99,1,1,2.99,Low Value,One-time (1)
va70d1ah,2.99,1,1,2.99,Low Value,One-time (1)
2b1u1u82,2.99,1,1,2.99,Low Value,One-time (1)
n7j65c4i,2.99,1,1,2.99,Low Value,One-time (1)
d9owouko,2.99,1,1,2.99,Low Value,One-time (1)
m8y0xa7g,2.99,1,1,2.99,Low Value,One-time (1)
gd8t7ebc,2.99,1,1,2.99,Low Value,One-time (1)
e5i735fn,2.99,1,1,2.99,Low Value,One-time (1)
ujhqkef2,2.99,1,1,2.99,Low Value,One-time (1)
c6y9h21m,2.99,1,1,2.99,Low Value,One-time (1)
j0ptufuh,2.99,1,1,2.99,Low Value,One-time (1)
7j6l3bt8,2.99,1,1,2.99,Low Value,One-time (1)
847ms2ps,2.99,1,1,2.99,Low Value,One-time (1)
1zql16ti,2.99,1,1,2.99,Low Value,One-time (1)
owke8b5l,2.99,1,1,2.99,Low Value,One-time (1)
mv562b87,2.99,1,1,2.99,Low Value,One-time (1)
7v27a8yx,2.98,1,1,2.98,Low Value,One-time (1)
r0xwe1xa,2.98,1,1,2.98,Low Value,One-time (1)
crysauuj,2.98,1,1,2.98,Low Value,One-time (1)
ljsi7j7z,2.98,1,1,2.98,Low Value,One-time (1)
yfsif3l8,2.98,1,1,2.98,Low Value,One-time (1)
x0l49oij,2.98,1,1,2.98,Low Value,One-time (1)
ucu20j5v,2.98,1,1,2.98,Low Value,One-time (1)
lqpaeo39,2.98,1,1,2.98,Low Value,One-time (1)
pvy9tma0,2.98,1,1,2.98,Low Value,One-time (1)
92dmfve2,2.98,1,1,2.98,Low Value,One-time (1)
dn66azri,2.98,1,1,2.98,Low Value,One-time (1)
o2l5enwr,2.98,1,1,2.98,Low Value,One-time (1)
039ra0cu,2.98,1,1,2.98,Low Value,One-time (1)
8rnvlfeq,2.97,1,1,2.97,Low Value,One-time (1)
c32ktblo,2.97,1,1,2.97,Low Value,One-time (1)
i9txtidr,2.97,1,1,2.97,Low Value,One-time (1)
l9vtfl8r,2.97,1,1,2.97,Low Value,One-time (1)
tsf8c0ed,2.97,1,1,2.97,Low Value,One-time (1)
4k7eoo22,2.97,1,1,2.97,Low Value,One-time (1)
kjka8p37,2.97,1,1,2.97,Low Value,One-time (1)
n64cl4qp,2.97,1,1,2.97,Low Value,One-time (1)
wlxdsc4e,2.97,1,1,2.97,Low Value,One-time (1)
tzdjt4fd,2.97,1,1,2.97,Low Value,One-time (1)
hbdgqu4o,2.97,1,1,2.97,Low Value,One-time (1)
31yh9sxn,2.97,1,1,2.97,Low Value,One-time (1)
umnu9d3m,2.97,1,1,2.97,Low Value,One-time (1)
t5fqs1dy,2.97,1,1,2.97,Low Value,One-time (1)
wnnfpgvq,2.97,1,1,2.97,Low Value,One-time (1)
93i51nyo,2.97,1,1,2.97,Low Value,One-time (1)
fyw4pwip,2.97,1,1,2.97,Low Value,One-time (1)
bs6ydi1e,2.97,1,1,2.97,Low Value,One-time (1)
71xae07e,2.97,1,1,2.97,Low Value,One-time (1)
cmh35wtc,2.97,1,1,2.97,Low Value,One-time (1)
xuxpzg9n,2.97,1,1,2.97,Low Value,One-time (1)
vtl9xvru,2.97,1,1,2.97,Low Value,One-time (1)
qx82smj7,2.97,1,1,2.97,Low Value,One-time (1)
txk6vktx,2.97,1,1,2.97,Low Value,One-time (1)
kx7odtlx,2.97,1,1,2.97,Low Value,One-time (1)
qk00hii8,2.97,1,1,2.97,Low Value,One-time (1)
j528ks0q,2.97,1,1,2.97,Low Value,One-time (1)
pm60dzya,2.97,1,1,2.97,Low Value,One-time (1)
yd8bv8ol,2.97,1,1,2.97,Low Value,One-time (1)
mgyv3xsb,2.97,1,1,2.97,Low Value,One-time (1)
s39x1twh,2.97,1,1,2.97,Low Value,One-time (1)
0munya1g,2.97,1,1,2.97,Low Value,One-time (1)
447k60w7,2.97,1,1,2.97,Low Value,One-time (1)
yh1djt0q,2.97,1,1,2.97,Low Value,One-time (1)
b0do180z,2.97,1,1,2.97,Low Value,One-time (1)
wph52b75,2.97,1,1,2.97,Low Value,One-time (1)
d3sthr6s,2.97,1,1,2.97,Low Value,One-time (1)
2pgym9uc,2.97,1,1,2.97,Low Value,One-time (1)
dk3qxj94,2.97,1,1,2.97,Low Value,One-time (1)
e2zzxokt,2.97,1,1,2.97,Low Value,One-time (1)
b3vmzpv3,2.97,1,1,2.97,Low Value,One-time (1)
knl2luhh,2.97,1,1,2.97,Low Value,One-time (1)
e5lix1vl,2.97,1,1,2.97,Low Value,One-time (1)
7ykccum7,2.97,1,1,2.97,Low Value,One-time (1)
tu8juces,2.97,1,1,2.97,Low Value,One-time (1)
tj2igscp,2.97,1,1,2.97,Low Value,One-time (1)
v3j0msmv,2.96,1,1,2.96,Low Value,One-time (1)
rk75s6dd,2.95,1,1,2.95,Low Value,One-time (1)
i54v7b2k,2.95,1,1,2.95,Low Value,One-time (1)
ax5672ca,2.95,1,1,2.95,Low Value,One-time (1)
kduwtn5p,2.95,1,1,2.95,Low Value,One-time (1)
2lwzgyon,2.95,1,1,2.95,Low Value,One-time (1)
qr3qeb5a,2.95,1,1,2.95,Low Value,One-time (1)
3fyk44bv,2.95,1,1,2.95,Low Value,One-time (1)
5dsr5iw5,2.95,1,1,2.95,Low Value,One-time (1)
oi5j8yit,2.95,1,1,2.95,Low Value,One-time (1)
u0vp2q5p,2.95,1,1,2.95,Low Value,One-time (1)
1lnf2ide,2.95,1,1,2.95,Low Value,One-time (1)
iwd6x6yy,2.95,1,1,2.95,Low Value,One-time (1)
purpdqe5,2.95,1,2,2.95,Low Value,One-time (1)
s53259dh,2.95,1,1,2.95,Low Value,One-time (1)
1wa734rc,2.95,1,1,2.95,Low Value,One-time (1)
b3chjgub,2.95,1,1,2.95,Low Value,One-time (1)
xykuq2ma,2.95,1,1,2.95,Low Value,One-time (1)
fuvggkfe,2.95,1,1,2.95,Low Value,One-time (1)
xkmanbk3,2.95,1,1,2.95,Low Value,One-time (1)
uw12e310,2.95,1,1,2.95,Low Value,One-time (1)
g563475h,2.95,1,1,2.95,Low Value,One-time (1)
s13zwxqq,2.95,1,1,2.95,Low Value,One-time (1)
3a20ce2o,2.95,1,1,2.95,Low Value,One-time (1)
9w5u4tzo,2.95,1,1,2.95,Low Value,One-time (1)
kob2dsao,2.95,1,1,2.95,Low Value,One-time (1)
a8rkt6xj,2.95,1,1,2.95,Low Value,One-time (1)
ujkb0le2,2.95,1,1,2.95,Low Value,One-time (1)
cqfajy40,2.95,1,1,2.95,Low Value,One-time (1)
d9lygxp8,2.95,1,1,2.95,Low Value,One-time (1)
drgp8s2o,2.95,1,1,2.95,Low Value,One-time (1)
j48hwxv4,2.95,1,1,2.95,Low Value,One-time (1)
t7ouu90e,2.95,1,1,2.95,Low Value,One-time (1)
l1aokfzh,2.95,1,1,2.95,Low Value,One-time (1)
zgj4ba5d,2.95,1,1,2.95,Low Value,One-time (1)
w0pd8l9d,2.95,1,1,2.95,Low Value,One-time (1)
yvc3eosj,2.95,1,1,2.95,Low Value,One-time (1)
j44h0cfi,2.95,1,1,2.95,Low Value,One-time (1)
xedcvfsn,2.95,1,1,2.95,Low Value,One-time (1)
6r63y3b7,2.95,1,1,2.95,Low Value,One-time (1)
ta72d92e,2.95,1,1,2.95,Low Value,One-time (1)
h91jq8po,2.95,1,2,2.95,Low Value,One-time (1)
zs25fkkx,2.95,1,1,2.95,Low Value,One-time (1)
170ebfom,2.95,1,1,2.95,Low Value,One-time (1)
7smqq8u8,2.95,1,1,2.95,Low Value,One-time (1)
rwlto90y,2.95,1,1,2.95,Low Value,One-time (1)
wujt4ftl,2.95,1,1,2.95,Low Value,One-time (1)
mqr9hgs8,2.95,1,1,2.95,Low Value,One-time (1)
8e80asuf,2.95,1,1,2.95,Low Value,One-time (1)
znyokcxk,2.95,1,1,2.95,Low Value,One-time (1)
5qry6yf5,2.95,1,1,2.95,Low Value,One-time (1)
dcl3anx6,2.95,1,1,2.95,Low Value,One-time (1)
ef45i1rf,2.95,1,1,2.95,Low Value,One-time (1)
qpj2fzw2,2.95,1,1,2.95,Low Value,One-time (1)
hqlna543,2.95,1,2,2.95,Low Value,One-time (1)
y4r0023h,2.95,1,1,2.95,Low Value,One-time (1)
lbyraivr,2.95,1,1,2.95,Low Value,One-time (1)
3cnn9peg,2.95,1,1,2.95,Low Value,One-time (1)
qz93vnsn,2.95,1,1,2.95,Low Value,One-time (1)
vfs3eqwq,2.95,1,1,2.95,Low Value,One-time (1)
0rla0v2c,2.95,1,1,2.95,Low Value,One-time (1)
dvj66veu,2.95,1,1,2.95,Low Value,One-time (1)
2vlqy259,2.95,1,1,2.95,Low Value,One-time (1)
ogqmrdpx,2.95,1,1,2.95,Low Value,One-time (1)
zc5z2k9l,2.95,1,1,2.95,Low Value,One-time (1)
xt2bj292,2.95,1,1,2.95,Low Value,One-time (1)
klimuvjv,2.95,1,1,2.95,Low Value,One-time (1)
wpogztjv,2.95,1,1,2.95,Low Value,One-time (1)
q432sq0n,2.95,1,1,2.95,Low Value,One-time (1)
bm29lylc,2.95,1,1,2.95,Low Value,One-time (1)
yuf5lxcz,2.95,1,1,2.95,Low Value,One-time (1)
7fo71ynd,2.95,1,1,2.95,Low Value,One-time (1)
l8qawpkw,2.95,1,1,2.95,Low Value,One-time (1)
fhja13zj,2.95,1,1,2.95,Low Value,One-time (1)
5hd3w7k8,2.95,1,1,2.95,Low Value,One-time (1)
4n78kfam,2.94,1,1,2.94,Low Value,One-time (1)
ammdzxc3,2.94,1,1,2.94,Low Value,One-time (1)
wx56dbf6,2.94,1,1,2.94,Low Value,One-time (1)
7k2pl99q,2.94,1,1,2.94,Low Value,One-time (1)
zi5s9vxe,2.94,1,1,2.94,Low Value,One-time (1)
9w46ht2y,2.94,1,1,2.94,Low Value,One-time (1)
u546194b,2.94,1,1,2.94,Low Value,One-time (1)
r9sdn7w6,2.94,1,1,2.94,Low Value,One-time (1)
1v45bolf,2.94,1,1,2.94,Low Value,One-time (1)
nasj6d9e,2.94,1,1,2.94,Low Value,One-time (1)
t0fg2u25,2.94,1,1,2.94,Low Value,One-time (1)
xf856k3y,2.94,1,1,2.94,Low Value,One-time (1)
yhjl9t2z,2.94,1,1,2.94,Low Value,One-time (1)
uufuwbwv,2.94,1,1,2.94,Low Value,One-time (1)
1pcadrqu,2.94,1,1,2.94,Low Value,One-time (1)
e9n8mw7r,2.94,1,1,2.94,Low Value,One-time (1)
g5ko8k7o,2.94,1,1,2.94,Low Value,One-time (1)
8yye5rvh,2.94,1,1,2.94,Low Value,One-time (1)
4y2wk724,2.94,1,1,2.94,Low Value,One-time (1)
p2c5d1q0,2.94,1,1,2.94,Low Value,One-time (1)
72dp3e6n,2.94,1,1,2.94,Low Value,One-time (1)
8fbffhey,2.94,1,1,2.94,Low Value,One-time (1)
qyezg52k,2.94,1,1,2.94,Low Value,One-time (1)
2da5b4l6,2.94,1,1,2.94,Low Value,One-time (1)
izdyq533,2.94,1,1,2.94,Low Value,One-time (1)
mekhbczw,2.94,1,1,2.94,Low Value,One-time (1)
spdomt0a,2.94,1,1,2.94,Low Value,One-time (1)
gbmxikvr,2.94,1,1,2.94,Low Value,One-time (1)
tqr4h652,2.94,1,1,2.94,Low Value,One-time (1)
n2qopz8o,2.94,1,1,2.94,Low Value,One-time (1)
op1euf4m,2.94,1,1,2.94,Low Value,One-time (1)
c40x4jzy,2.94,1,1,2.94,Low Value,One-time (1)
6u13aya0,2.94,1,1,2.94,Low Value,One-time (1)
20uprb2j,2.94,1,1,2.94,Low Value,One-time (1)
2hx4ow5y,2.94,1,1,2.94,Low Value,One-time (1)
6wl6zmog,2.94,1,1,2.94,Low Value,One-time (1)
dfbfiydw,2.94,1,1,2.94,Low Value,One-time (1)
m1qqvsil,2.94,1,1,2.94,Low Value,One-time (1)
cdnidlig,2.94,1,1,2.94,Low Value,One-time (1)
jtkb2d3k,2.94,1,1,2.94,Low Value,One-time (1)
ybot78y8,2.94,1,1,2.94,Low Value,One-time (1)
i0upjj0m,2.94,1,1,2.94,Low Value,One-time (1)
vehyqdbw,2.94,1,1,2.94,Low Value,One-time (1)
ay4t5lkw,2.94,1,1,2.94,Low Value,One-time (1)
tkox5ge1,2.94,1,1,2.94,Low Value,One-time (1)
ovlkv91p,2.94,1,1,2.94,Low Value,One-time (1)
th394kcu,2.94,1,1,2.94,Low Value,One-time (1)
74853xc4,2.94,1,1,2.94,Low Value,One-time (1)
x4qtxmlc,2.94,1,1,2.94,Low Value,One-time (1)
2s6gpbzy,2.94,1,1,2.94,Low Value,One-time (1)
mube5f3a,2.94,1,1,2.94,Low Value,One-time (1)
d0aynbyx,2.94,1,1,2.94,Low Value,One-time (1)
4qbrgw0h,2.94,1,1,2.94,Low Value,One-time (1)
e20iftgp,2.94,1,1,2.94,Low Value,One-time (1)
vp9nw00s,2.94,1,1,2.94,Low Value,One-time (1)
w4tcf6bf,2.94,1,1,2.94,Low Value,One-time (1)
a9btds8y,2.94,1,1,2.94,Low Value,One-time (1)
9htmwg2j,2.94,1,1,2.94,Low Value,One-time (1)
dh9pn4r4,2.94,1,1,2.94,Low Value,One-time (1)
ieplcelu,2.94,1,1,2.94,Low Value,One-time (1)
yqetqdtu,2.94,1,1,2.94,Low Value,One-time (1)
kruafwcc,2.94,1,1,2.94,Low Value,One-time (1)
vfua9bq1,2.94,1,1,2.94,Low Value,One-time (1)
z60b9o61,2.94,1,1,2.94,Low Value,One-time (1)
aih0n4wx,2.94,1,1,2.94,Low Value,One-time (1)
joeodwal,2.93,1,1,2.93,Low Value,One-time (1)
9yt4b74g,2.93,1,1,2.93,Low Value,One-time (1)
77ng9h8l,2.93,1,1,2.93,Low Value,One-time (1)
qleuc5cs,2.93,1,1,2.93,Low Value,One-time (1)
6spshgy9,2.93,1,1,2.93,Low Value,One-time (1)
jslwqfk1,2.93,1,1,2.93,Low Value,One-time (1)
e2mi1aa6,2.93,1,1,2.93,Low Value,One-time (1)
zzwkk82a,2.93,1,1,2.93,Low Value,One-time (1)
lwt7rmpp,2.93,1,1,2.93,Low Value,One-time (1)
upuo7w5t,2.93,1,1,2.93,Low Value,One-time (1)
qpvghf55,2.93,1,1,2.93,Low Value,One-time (1)
5vte0utx,2.93,1,1,2.93,Low Value,One-time (1)
829zve3z,2.93,1,1,2.93,Low Value,One-time (1)
ap8wrhng,2.93,1,1,2.93,Low Value,One-time (1)
xp7vrkik,2.93,1,1,2.93,Low Value,One-time (1)
u9f0s2od,2.93,1,1,2.93,Low Value,One-time (1)
504n3zoo,2.93,1,1,2.93,Low Value,One-time (1)
obb74y7t,2.93,1,1,2.93,Low Value,One-time (1)
1p5cl56s,2.93,1,1,2.93,Low Value,One-time (1)
v8mhx3kr,2.93,1,1,2.93,Low Value,One-time (1)
n4e39s0g,2.93,1,1,2.93,Low Value,One-time (1)
5jf8lx7c,2.93,1,1,2.93,Low Value,One-time (1)
bq3iyk3a,2.93,1,1,2.93,Low Value,One-time (1)
rxjpxohm,2.93,1,1,2.93,Low Value,One-time (1)
mazxsi1f,2.93,1,1,2.93,Low Value,One-time (1)
1ffyh34s,2.93,1,1,2.93,Low Value,One-time (1)
ldhcjouo,2.93,1,1,2.93,Low Value,One-time (1)
kwnzwpxq,2.93,1,1,2.93,Low Value,One-time (1)
3urxqwvw,2.93,1,1,2.93,Low Value,One-time (1)
hvi43pt5,2.93,1,1,2.93,Low Value,One-time (1)
qxhlf2cb,2.93,1,1,2.93,Low Value,One-time (1)
ru779okc,2.93,1,1,2.93,Low Value,One-time (1)
nog2bp35,2.93,1,1,2.93,Low Value,One-time (1)
i5hyva9x,2.93,1,1,2.93,Low Value,One-time (1)
t9bibnme,2.93,1,1,2.93,Low Value,One-time (1)
6ps55sdr,2.93,1,1,2.93,Low Value,One-time (1)
k8341932,2.93,1,1,2.93,Low Value,One-time (1)
r0qjczy3,2.93,1,1,2.93,Low Value,One-time (1)
esgxbsu3,2.93,1,1,2.93,Low Value,One-time (1)
ntigwtc9,2.93,1,1,2.93,Low Value,One-time (1)
6ys445gd,2.93,1,1,2.93,Low Value,One-time (1)
t3c9o46j,2.93,1,1,2.93,Low Value,One-time (1)
8wi2l2f1,2.93,1,1,2.93,Low Value,One-time (1)
0cd8a2ib,2.93,1,1,2.93,Low Value,One-time (1)
6084uexw,2.93,1,1,2.93,Low Value,One-time (1)
b9lzs34j,2.93,1,1,2.93,Low Value,One-time (1)
looafzdy,2.93,1,1,2.93,Low Value,One-time (1)
i3qk2iag,2.93,1,1,2.93,Low Value,One-time (1)
nhk66kqk,2.93,1,1,2.93,Low Value,One-time (1)
qeybfumh,2.93,1,1,2.93,Low Value,One-time (1)
zvl7gbxt,2.93,1,1,2.93,Low Value,One-time (1)
a59yu1d2,2.93,1,1,2.93,Low Value,One-time (1)
85cewgq8,2.93,1,1,2.93,Low Value,One-time (1)
djl7slw9,2.93,1,1,2.93,Low Value,One-time (1)
x8kipo1m,2.93,1,1,2.93,Low Value,One-time (1)
qyarukgd,2.93,1,1,2.93,Low Value,One-time (1)
lf17hq46,2.93,1,1,2.93,Low Value,One-time (1)
61h8x4wl,2.93,1,1,2.93,Low Value,One-time (1)
6qqhv7gx,2.93,1,1,2.93,Low Value,One-time (1)
cp9pak64,2.93,1,1,2.93,Low Value,One-time (1)
7y2doxyh,2.92,1,1,2.92,Low Value,One-time (1)
28bauvw0,2.92,1,1,2.92,Low Value,One-time (1)
bfa37dl9,2.92,1,1,2.92,Low Value,One-time (1)
lf6kkc93,2.92,1,1,2.92,Low Value,One-time (1)
y6s43kg6,2.92,1,1,2.92,Low Value,One-time (1)
z0lqx6ju,2.92,1,1,2.92,Low Value,One-time (1)
b50de9gz,2.92,1,1,2.92,Low Value,One-time (1)
3vvjzt2x,2.92,1,1,2.92,Low Value,One-time (1)
tvd3ydjz,2.92,1,1,2.92,Low Value,One-time (1)
qydp1aqo,2.92,1,1,2.92,Low Value,One-time (1)
xmxbif5i,2.92,1,1,2.92,Low Value,One-time (1)
7p8qjmz6,2.92,1,1,2.92,Low Value,One-time (1)
5o82ql9f,2.92,1,1,2.92,Low Value,One-time (1)
eykc2mng,2.92,1,1,2.92,Low Value,One-time (1)
4t67gun7,2.92,1,1,2.92,Low Value,One-time (1)
h3i0b0d2,2.92,1,1,2.92,Low Value,One-time (1)
66e5cit4,2.92,1,1,2.92,Low Value,One-time (1)
55zeoch0,2.92,1,1,2.92,Low Value,One-time (1)
32c2bn2s,2.92,1,1,2.92,Low Value,One-time (1)
y5tx20fk,2.92,1,1,2.92,Low Value,One-time (1)
c1g7op31,2.92,1,1,2.92,Low Value,One-time (1)
e76voji9,2.92,1,1,2.92,Low Value,One-time (1)
k4xt36q1,2.92,1,1,2.92,Low Value,One-time (1)
wy7ro935,2.92,1,1,2.92,Low Value,One-time (1)
2iehk9sy,2.91,1,1,2.91,Low Value,One-time (1)
7alqwi5i,2.91,1,1,2.91,Low Value,One-time (1)
mqhx8liw,2.91,1,1,2.91,Low Value,One-time (1)
0c7heqdy,2.91,1,1,2.91,Low Value,One-time (1)
y19gwmgo,2.91,1,1,2.91,Low Value,One-time (1)
ae3l1xtr,2.91,1,1,2.91,Low Value,One-time (1)
gwdfaw99,2.91,1,1,2.91,Low Value,One-time (1)
jja9qwz9,2.91,1,1,2.91,Low Value,One-time (1)
jkjwj90a,2.91,1,1,2.91,Low Value,One-time (1)
808lez6o,2.91,1,1,2.91,Low Value,One-time (1)
to4g4gk6,2.91,1,1,2.91,Low Value,One-time (1)
jmxrbowi,2.91,1,1,2.91,Low Value,One-time (1)
xvfpww23,2.91,1,1,2.91,Low Value,One-time (1)
p77mge2k,2.91,1,1,2.91,Low Value,One-time (1)
wpj8yi34,2.91,1,1,2.91,Low Value,One-time (1)
vyzx4fwo,2.91,1,1,2.91,Low Value,One-time (1)
qqc1rllm,2.91,1,1,2.91,Low Value,One-time (1)
03zdvpb9,2.91,1,1,2.91,Low Value,One-time (1)
an5x3rf7,2.91,1,1,2.91,Low Value,One-time (1)
advsyheg,2.91,1,1,2.91,Low Value,One-time (1)
8lfbvabw,2.91,1,1,2.91,Low Value,One-time (1)
olt0ufhu,2.91,1,1,2.91,Low Value,One-time (1)
xyub2axm,2.91,1,1,2.91,Low Value,One-time (1)
pxql57ar,2.91,1,1,2.91,Low Value,One-time (1)
utf37ibw,2.91,1,1,2.91,Low Value,One-time (1)
y43r2odj,2.91,1,1,2.91,Low Value,One-time (1)
sq9p7y6s,2.91,1,1,2.91,Low Value,One-time (1)
persujo2,2.91,1,1,2.91,Low Value,One-time (1)
otteqpxv,2.91,1,1,2.91,Low Value,One-time (1)
bd6rgx6h,2.91,1,1,2.91,Low Value,One-time (1)
hx9t0b6s,2.91,1,1,2.91,Low Value,One-time (1)
ogyb6pjn,2.91,1,1,2.91,Low Value,One-time (1)
j4nq2q62,2.91,1,1,2.91,Low Value,One-time (1)
ktyuyeji,2.91,1,1,2.91,Low Value,One-time (1)
9h4ybvy7,2.91,1,1,2.91,Low Value,One-time (1)
bb2qum5v,2.9,1,1,2.9,Low Value,One-time (1)
8j086qcp,2.9,1,1,2.9,Low Value,One-time (1)
wcz14jlh,2.9,1,1,2.9,Low Value,One-time (1)
nwfku59a,2.9,1,1,2.9,Low Value,One-time (1)
887hbxwz,2.9,1,1,2.9,Low Value,One-time (1)
i9ucrqd2,2.9,1,1,2.9,Low Value,One-time (1)
72jt8ud5,2.9,1,1,2.9,Low Value,One-time (1)
146vey0a,2.9,1,1,2.9,Low Value,One-time (1)
ecazyybv,2.9,1,1,2.9,Low Value,One-time (1)
vxgasj7u,2.9,1,1,2.9,Low Value,One-time (1)
1j90bl98,2.9,1,1,2.9,Low Value,One-time (1)
rrsz1bd7,2.9,1,1,2.9,Low Value,One-time (1)
apezxurz,2.9,1,1,2.9,Low Value,One-time (1)
g83k3a0n,2.9,1,1,2.9,Low Value,One-time (1)
o04xvs8s,2.9,1,1,2.9,Low Value,One-time (1)
g9d7wz4n,2.9,1,1,2.9,Low Value,One-time (1)
33i4spm0,2.9,1,1,2.9,Low Value,One-time (1)
unhp3tt1,2.9,1,1,2.9,Low Value,One-time (1)
8dpjl5c8,2.9,1,1,2.9,Low Value,One-time (1)
t124dm87,2.9,1,1,2.9,Low Value,One-time (1)
skp3vwgp,2.9,1,1,2.9,Low Value,One-time (1)
7mjtmovg,2.9,1,1,2.9,Low Value,One-time (1)
dq6s1j3w,2.9,1,1,2.9,Low Value,One-time (1)
j5hey1jx,2.9,1,1,2.9,Low Value,One-time (1)
5oj6e7ne,2.9,1,1,2.9,Low Value,One-time (1)
0gfs6a3q,2.9,1,1,2.9,Low Value,One-time (1)
ieza930i,2.9,1,1,2.9,Low Value,One-time (1)
qsh95gh4,2.9,1,1,2.9,Low Value,One-time (1)
ej5pt48b,2.9,1,1,2.9,Low Value,One-time (1)
4xcu1x0o,2.9,1,1,2.9,Low Value,One-time (1)
d2ik8odz,2.9,1,1,2.9,Low Value,One-time (1)
prkqzij9,2.9,1,1,2.9,Low Value,One-time (1)
mhwfif64,2.9,1,1,2.9,Low Value,One-time (1)
c4x4l7li,2.9,1,1,2.9,Low Value,One-time (1)
mj0apgzy,2.9,1,1,2.9,Low Value,One-time (1)
4fy5coov,2.9,1,1,2.9,Low Value,One-time (1)
ng692u1z,2.89,1,1,2.89,Low Value,One-time (1)
p4enrr1w,2.89,1,1,2.89,Low Value,One-time (1)
u9rcvhm8,2.89,1,1,2.89,Low Value,One-time (1)
kd139glg,2.89,1,1,2.89,Low Value,One-time (1)
tvjbe5bz,2.89,1,1,2.89,Low Value,One-time (1)
5rgsg6a8,2.89,1,1,2.89,Low Value,One-time (1)
9kwv08hh,2.89,1,1,2.89,Low Value,One-time (1)
2im7h9m3,2.89,1,1,2.89,Low Value,One-time (1)
5915i6wt,2.89,1,1,2.89,Low Value,One-time (1)
ime6acvw,2.89,1,1,2.89,Low Value,One-time (1)
pd4x773q,2.88,1,1,2.88,Low Value,One-time (1)
q9tz60lw,2.88,1,1,2.88,Low Value,One-time (1)
jdymgpg3,2.88,1,1,2.88,Low Value,One-time (1)
hvze4h6q,2.88,1,1,2.88,Low Value,One-time (1)
0ywd2l79,2.88,1,1,2.88,Low Value,One-time (1)
1riux7gv,2.88,1,1,2.88,Low Value,One-time (1)
e78kfh7n,2.88,1,1,2.88,Low Value,One-time (1)
8fwnamie,2.88,1,1,2.88,Low Value,One-time (1)
s20mb5rz,2.88,1,1,2.88,Low Value,One-time (1)
z7tss5if,2.88,1,1,2.88,Low Value,One-time (1)
s1bloxw8,2.88,1,1,2.88,Low Value,One-time (1)
dctqehn3,2.88,1,1,2.88,Low Value,One-time (1)
4igwi2l2,2.88,1,1,2.88,Low Value,One-time (1)
pnlxo3tu,2.88,1,1,2.88,Low Value,One-time (1)
3qiua08e,2.88,1,1,2.88,Low Value,One-time (1)
jnvwrxgk,2.88,1,1,2.88,Low Value,One-time (1)
q5u6jzv9,2.88,1,1,2.88,Low Value,One-time (1)
5kf3stlz,2.88,1,1,2.88,Low Value,One-time (1)
go5305ex,2.88,1,1,2.88,Low Value,One-time (1)
wnzl2nhi,2.88,1,1,2.88,Low Value,One-time (1)
ucw3gxeh,2.88,1,1,2.88,Low Value,One-time (1)
sdu1tzkd,2.88,1,1,2.88,Low Value,One-time (1)
smado8e7,2.88,1,1,2.88,Low Value,One-time (1)
zx8l2csp,2.88,1,1,2.88,Low Value,One-time (1)
hx0hhvgv,2.88,1,1,2.88,Low Value,One-time (1)
244qc15o,2.88,1,1,2.88,Low Value,One-time (1)
ft3zu61n,2.88,1,1,2.88,Low Value,One-time (1)
ev8pm8m0,2.88,1,1,2.88,Low Value,One-time (1)
inoze864,2.88,1,1,2.88,Low Value,One-time (1)
987eerx5,2.88,1,1,2.88,Low Value,One-time (1)
8la0sknx,2.88,1,1,2.88,Low Value,One-time (1)
n4e6u846,2.88,1,1,2.88,Low Value,One-time (1)
qc2fbbby,2.88,1,1,2.88,Low Value,One-time (1)
6xg6f4jm,2.88,1,1,2.88,Low Value,One-time (1)
m08hglj0,2.88,1,1,2.88,Low Value,One-time (1)
zham72mw,2.88,1,1,2.88,Low Value,One-time (1)
supqjv0o,2.88,1,1,2.88,Low Value,One-time (1)
lbbpcjms,2.88,1,1,2.88,Low Value,One-time (1)
uc4pb8ez,2.88,1,1,2.88,Low Value,One-time (1)
jznrcbwm,2.88,1,1,2.88,Low Value,One-time (1)
ujyt871o,2.88,1,1,2.88,Low Value,One-time (1)
x1i4quz9,2.88,1,1,2.88,Low Value,One-time (1)
9ojo7bho,2.88,1,1,2.88,Low Value,One-time (1)
2kg7efpt,2.88,1,1,2.88,Low Value,One-time (1)
jmdh59qp,2.88,1,1,2.88,Low Value,One-time (1)
d8m9ozw8,2.88,1,1,2.88,Low Value,One-time (1)
034pf29b,2.87,1,1,2.87,Low Value,One-time (1)
6jdzsjxc,2.87,1,1,2.87,Low Value,One-time (1)
3zbg3w7i,2.87,1,1,2.87,Low Value,One-time (1)
vnxbkxmq,2.87,1,1,2.87,Low Value,One-time (1)
9on02am2,2.87,1,1,2.87,Low Value,One-time (1)
04ojxee4,2.87,1,1,2.87,Low Value,One-time (1)
sn7940kv,2.87,1,1,2.87,Low Value,One-time (1)
qyb4psfr,2.87,1,1,2.87,Low Value,One-time (1)
4zo0x9qd,2.87,1,1,2.87,Low Value,One-time (1)
v4c36h01,2.87,1,1,2.87,Low Value,One-time (1)
ost218az,2.87,1,1,2.87,Low Value,One-time (1)
t7c8r6sa,2.87,1,1,2.87,Low Value,One-time (1)
ar9lsbnl,2.86,1,1,2.86,Low Value,One-time (1)
bk2pmo20,2.86,1,1,2.86,Low Value,One-time (1)
mmvzkpfb,2.86,1,1,2.86,Low Value,One-time (1)
brp7hq12,2.86,1,1,2.86,Low Value,One-time (1)
qo69h3fq,2.86,1,1,2.86,Low Value,One-time (1)
hs8hm9nw,2.86,1,1,2.86,Low Value,One-time (1)
yj1dw950,2.86,1,1,2.86,Low Value,One-time (1)
obt9l5wg,2.86,1,1,2.86,Low Value,One-time (1)
y7jfacrt,2.85,1,1,2.85,Low Value,One-time (1)
jgfhz52q,2.85,1,1,2.85,Low Value,One-time (1)
kxjggf7e,2.85,1,1,2.85,Low Value,One-time (1)
z661qyii,2.85,1,1,2.85,Low Value,One-time (1)
dpzuvbmy,2.85,1,1,2.85,Low Value,One-time (1)
tgc2i156,2.85,1,1,2.85,Low Value,One-time (1)
k6g9lp3x,2.85,1,1,2.85,Low Value,One-time (1)
tksuu5ut,2.85,1,1,2.85,Low Value,One-time (1)
n9cj6inw,2.85,1,1,2.85,Low Value,One-time (1)
84pqbnex,2.85,1,1,2.85,Low Value,One-time (1)
j6whz711,2.85,1,1,2.85,Low Value,One-time (1)
b4mgee08,2.85,1,1,2.85,Low Value,One-time (1)
ezx5wet5,2.85,1,1,2.85,Low Value,One-time (1)
2m33tr11,2.85,1,1,2.85,Low Value,One-time (1)
1h1zafjk,2.85,1,1,2.85,Low Value,One-time (1)
t3qjd502,2.85,1,1,2.85,Low Value,One-time (1)
fky1ctim,2.85,1,1,2.85,Low Value,One-time (1)
ck3f7ke2,2.85,1,1,2.85,Low Value,One-time (1)
flrdpl19,2.85,1,1,2.85,Low Value,One-time (1)
w94ss3o0,2.85,1,1,2.85,Low Value,One-time (1)
2kzi1iq6,2.85,1,1,2.85,Low Value,One-time (1)
3a75gvuk,2.85,1,1,2.85,Low Value,One-time (1)
lkzva4m5,2.85,1,1,2.85,Low Value,One-time (1)
4bktcv1l,2.85,1,1,2.85,Low Value,One-time (1)
f1o61whl,2.85,1,1,2.85,Low Value,One-time (1)
oqvdgzfn,2.85,1,1,2.85,Low Value,One-time (1)
jyc3hhqw,2.85,1,1,2.85,Low Value,One-time (1)
0hrdp4hg,2.85,1,1,2.85,Low Value,One-time (1)
82cs8bxy,2.85,1,1,2.85,Low Value,One-time (1)
8ma32p2k,2.85,1,1,2.85,Low Value,One-time (1)
3ah5w75q,2.85,1,1,2.85,Low Value,One-time (1)
xdm9073r,2.85,1,1,2.85,Low Value,One-time (1)
uie9ofpl,2.85,1,1,2.85,Low Value,One-time (1)
dtixzs24,2.85,1,1,2.85,Low Value,One-time (1)
wb2h08nq,2.85,1,1,2.85,Low Value,One-time (1)
ctar0fa2,2.85,1,1,2.85,Low Value,One-time (1)
fu9w8gm9,2.85,1,1,2.85,Low Value,One-time (1)
500422ws,2.85,1,1,2.85,Low Value,One-time (1)
su33v4wn,2.85,1,1,2.85,Low Value,One-time (1)
fpex23yq,2.85,1,1,2.85,Low Value,One-time (1)
t232d09j,2.85,1,1,2.85,Low Value,One-time (1)
qt479loc,2.85,1,1,2.85,Low Value,One-time (1)
x83svfy8,2.85,1,1,2.85,Low Value,One-time (1)
dfutmawr,2.85,1,1,2.85,Low Value,One-time (1)
coccdt7h,2.85,1,1,2.85,Low Value,One-time (1)
opib73mv,2.85,1,1,2.85,Low Value,One-time (1)
85b938gq,2.85,1,1,2.85,Low Value,One-time (1)
sxzhl8jk,2.85,1,1,2.85,Low Value,One-time (1)
ahzcymy6,2.85,1,1,2.85,Low Value,One-time (1)
lb01u0zl,2.85,1,1,2.85,Low Value,One-time (1)
kfate0iq,2.85,1,1,2.85,Low Value,One-time (1)
n5uby4vb,2.85,1,1,2.85,Low Value,One-time (1)
4pe3j3qg,2.85,1,1,2.85,Low Value,One-time (1)
gsxyc7vz,2.85,1,1,2.85,Low Value,One-time (1)
vhad7w2y,2.85,1,1,2.85,Low Value,One-time (1)
a1l9hoop,2.85,1,1,2.85,Low Value,One-time (1)
5yd38zcg,2.85,1,1,2.85,Low Value,One-time (1)
rvwzwa0a,2.85,1,1,2.85,Low Value,One-time (1)
vj6rgn9h,2.85,1,1,2.85,Low Value,One-time (1)
a4ttbkay,2.85,1,1,2.85,Low Value,One-time (1)
302g3ks4,2.85,1,1,2.85,Low Value,One-time (1)
quhl6ye2,2.85,1,1,2.85,Low Value,One-time (1)
2cm20uhn,2.85,1,1,2.85,Low Value,One-time (1)
orlv6liz,2.85,1,1,2.85,Low Value,One-time (1)
wpd2k4u6,2.84,1,1,2.84,Low Value,One-time (1)
rw4vnzvz,2.84,1,1,2.84,Low Value,One-time (1)
owkixkwg,2.84,1,1,2.84,Low Value,One-time (1)
4q1zdebk,2.84,1,1,2.84,Low Value,One-time (1)
51pru5n6,2.84,1,1,2.84,Low Value,One-time (1)
iy0k6q0d,2.84,1,1,2.84,Low Value,One-time (1)
kh5840ac,2.84,1,1,2.84,Low Value,One-time (1)
nzl9csqw,2.84,1,1,2.84,Low Value,One-time (1)
ciwd5t6n,2.84,1,1,2.84,Low Value,One-time (1)
a4zmq8c7,2.84,1,1,2.84,Low Value,One-time (1)
mez0me5x,2.84,1,1,2.84,Low Value,One-time (1)
w8uq8uo1,2.84,1,1,2.84,Low Value,One-time (1)
proh9mov,2.84,1,1,2.84,Low Value,One-time (1)
6e7oj4vl,2.84,1,1,2.84,Low Value,One-time (1)
z4zjesjg,2.84,1,1,2.84,Low Value,One-time (1)
typd672s,2.84,1,1,2.84,Low Value,One-time (1)
nvzkd6qo,2.84,1,1,2.84,Low Value,One-time (1)
2jn67lm8,2.84,1,1,2.84,Low Value,One-time (1)
b93izhqe,2.84,1,1,2.84,Low Value,One-time (1)
cjxky6pn,2.84,1,1,2.84,Low Value,One-time (1)
xedscmgq,2.84,1,1,2.84,Low Value,One-time (1)
09iu1jq1,2.84,1,1,2.84,Low Value,One-time (1)
k9r2d7jk,2.84,1,1,2.84,Low Value,One-time (1)
b4ys3kcr,2.84,1,1,2.84,Low Value,One-time (1)
bp4pyq60,2.84,1,1,2.84,Low Value,One-time (1)
52ip1ww0,2.84,1,1,2.84,Low Value,One-time (1)
dsmuwrkv,2.84,1,1,2.84,Low Value,One-time (1)
t11z2r7o,2.84,1,1,2.84,Low Value,One-time (1)
n6jnx768,2.84,1,1,2.84,Low Value,One-time (1)
dg1f65wl,2.84,1,1,2.84,Low Value,One-time (1)
5qs6y9h2,2.84,1,1,2.84,Low Value,One-time (1)
y4k8pf4w,2.84,1,1,2.84,Low Value,One-time (1)
65lscx7w,2.84,1,1,2.84,Low Value,One-time (1)
ffz5um8n,2.83,1,1,2.83,Low Value,One-time (1)
47en48ny,2.83,1,1,2.83,Low Value,One-time (1)
eyuhnfp0,2.83,1,1,2.83,Low Value,One-time (1)
o5jtb2eb,2.83,1,1,2.83,Low Value,One-time (1)
yrolwoft,2.83,1,1,2.83,Low Value,One-time (1)
avde9ol1,2.83,1,1,2.83,Low Value,One-time (1)
dp2du84q,2.83,1,1,2.83,Low Value,One-time (1)
uq7xb71h,2.83,1,1,2.83,Low Value,One-time (1)
tgkykxf5,2.83,1,1,2.83,Low Value,One-time (1)
tsc6ksig,2.83,1,1,2.83,Low Value,One-time (1)
4eohjxvp,2.83,1,1,2.83,Low Value,One-time (1)
j7meb5jt,2.83,1,1,2.83,Low Value,One-time (1)
c8lfkv9z,2.83,1,1,2.83,Low Value,One-time (1)
wqlgm4cu,2.83,1,1,2.83,Low Value,One-time (1)
uojbu87t,2.83,1,1,2.83,Low Value,One-time (1)
vjbu2uin,2.83,1,1,2.83,Low Value,One-time (1)
0n51ekjg,2.83,1,1,2.83,Low Value,One-time (1)
5rdqv62o,2.83,1,1,2.83,Low Value,One-time (1)
93oawqyy,2.83,1,1,2.83,Low Value,One-time (1)
ve90o331,2.83,1,1,2.83,Low Value,One-time (1)
4hx1cfjt,2.83,1,1,2.83,Low Value,One-time (1)
eg3jebgf,2.83,1,1,2.83,Low Value,One-time (1)
1svqbx0e,2.83,1,1,2.83,Low Value,One-time (1)
befrdv64,2.83,1,1,2.83,Low Value,One-time (1)
s53de0zk,2.83,1,1,2.83,Low Value,One-time (1)
dnxwxhi1,2.83,1,1,2.83,Low Value,One-time (1)
9lvim9yu,2.83,1,1,2.83,Low Value,One-time (1)
sk4aexvt,2.83,1,1,2.83,Low Value,One-time (1)
bghzeb67,2.83,1,1,2.83,Low Value,One-time (1)
0q96nlac,2.83,1,1,2.83,Low Value,One-time (1)
cyouv5zs,2.83,1,1,2.83,Low Value,One-time (1)
t7g9o17k,2.83,1,1,2.83,Low Value,One-time (1)
s8qwepb5,2.83,1,1,2.83,Low Value,One-time (1)
y7h789a6,2.83,1,1,2.83,Low Value,One-time (1)
6jheprzx,2.83,1,1,2.83,Low Value,One-time (1)
nz95cte6,2.83,1,1,2.83,Low Value,One-time (1)
t7dx895s,2.83,1,1,2.83,Low Value,One-time (1)
xk4dw6ud,2.83,1,1,2.83,Low Value,One-time (1)
fxp3v4aw,2.83,1,1,2.83,Low Value,One-time (1)
4hrtaonm,2.82,1,1,2.82,Low Value,One-time (1)
897yam1f,2.82,1,1,2.82,Low Value,One-time (1)
xhfqyyyi,2.82,1,1,2.82,Low Value,One-time (1)
1uwqpwm2,2.82,1,1,2.82,Low Value,One-time (1)
pepyts91,2.82,1,1,2.82,Low Value,One-time (1)
mbi4opra,2.82,1,1,2.82,Low Value,One-time (1)
zwkhcu9s,2.82,1,1,2.82,Low Value,One-time (1)
4schaezg,2.82,1,1,2.82,Low Value,One-time (1)
sxk16tx7,2.82,1,1,2.82,Low Value,One-time (1)
doxof2lw,2.82,1,1,2.82,Low Value,One-time (1)
d21fqxbg,2.82,1,1,2.82,Low Value,One-time (1)
zp6mt8dl,2.82,1,1,2.82,Low Value,One-time (1)
vxemchqm,2.82,1,1,2.82,Low Value,One-time (1)
i6zq2c66,2.82,1,1,2.82,Low Value,One-time (1)
s1l2wdws,2.82,1,1,2.82,Low Value,One-time (1)
pomyo1w1,2.82,1,1,2.82,Low Value,One-time (1)
m8w1gyt9,2.82,1,1,2.82,Low Value,One-time (1)
o8tmmrc4,2.82,1,1,2.82,Low Value,One-time (1)
fya8o62a,2.82,1,1,2.82,Low Value,One-time (1)
zj9qxcvl,2.82,1,1,2.82,Low Value,One-time (1)
dpv1iw6b,2.82,1,1,2.82,Low Value,One-time (1)
23egtyn6,2.82,1,1,2.82,Low Value,One-time (1)
dkomfhfa,2.82,1,1,2.82,Low Value,One-time (1)
lter3gv3,2.82,1,1,2.82,Low Value,One-time (1)
mda4cy4r,2.82,1,1,2.82,Low Value,One-time (1)
yhuiytcw,2.82,1,1,2.82,Low Value,One-time (1)
9t3g47og,2.82,1,1,2.82,Low Value,One-time (1)
bp8799fd,2.82,1,1,2.82,Low Value,One-time (1)
2jq0dg67,2.82,1,1,2.82,Low Value,One-time (1)
snw6i51w,2.82,1,1,2.82,Low Value,One-time (1)
m725a2sm,2.82,1,1,2.82,Low Value,One-time (1)
rfkyfjz7,2.82,1,1,2.82,Low Value,One-time (1)
sogq2pv7,2.82,1,1,2.82,Low Value,One-time (1)
jucjzyu4,2.82,1,1,2.82,Low Value,One-time (1)
rjp8ww1p,2.82,1,1,2.82,Low Value,One-time (1)
1qu880w3,2.82,1,1,2.82,Low Value,One-time (1)
clqmgu3s,2.82,1,1,2.82,Low Value,One-time (1)
lqtfgv5q,2.82,1,1,2.82,Low Value,One-time (1)
p0tzxq5e,2.82,1,1,2.82,Low Value,One-time (1)
gymi88fh,2.82,1,1,2.82,Low Value,One-time (1)
d4tby44i,2.82,1,1,2.82,Low Value,One-time (1)
7n5ir9nc,2.82,1,1,2.82,Low Value,One-time (1)
4k7qvjoz,2.82,1,1,2.82,Low Value,One-time (1)
0coi500f,2.82,1,1,2.82,Low Value,One-time (1)
qt2k27tj,2.82,1,1,2.82,Low Value,One-time (1)
0z5env8f,2.82,1,1,2.82,Low Value,One-time (1)
etikbnpy,2.82,1,1,2.82,Low Value,One-time (1)
h7lph6a3,2.82,1,1,2.82,Low Value,One-time (1)
ttbhg7ub,2.82,1,1,2.82,Low Value,One-time (1)
254pp232,2.82,1,1,2.82,Low Value,One-time (1)
tknxouc3,2.82,1,1,2.82,Low Value,One-time (1)
sagwwrqj,2.82,1,1,2.82,Low Value,One-time (1)
tjrqyafv,2.82,1,1,2.82,Low Value,One-time (1)
vq41herc,2.82,1,1,2.82,Low Value,One-time (1)
a0bn977j,2.82,1,1,2.82,Low Value,One-time (1)
cisjq5lt,2.81,1,1,2.81,Low Value,One-time (1)
rq2we1x2,2.81,1,1,2.81,Low Value,One-time (1)
ikhnhxvk,2.81,1,1,2.81,Low Value,One-time (1)
b84dvrmv,2.81,1,1,2.81,Low Value,One-time (1)
uw4qwoaj,2.81,1,1,2.81,Low Value,One-time (1)
wx4oouyj,2.81,1,1,2.81,Low Value,One-time (1)
qixe2bqd,2.81,1,1,2.81,Low Value,One-time (1)
xkbfuhnp,2.81,1,1,2.81,Low Value,One-time (1)
8rwbw1xh,2.81,1,1,2.81,Low Value,One-time (1)
oidm7urq,2.81,1,1,2.81,Low Value,One-time (1)
mvllmbof,2.81,1,1,2.81,Low Value,One-time (1)
61zqb3xi,2.81,1,1,2.81,Low Value,One-time (1)
ry1ytdyx,2.81,1,1,2.81,Low Value,One-time (1)
opacs9m4,2.81,1,1,2.81,Low Value,One-time (1)
gqwxq825,2.81,1,1,2.81,Low Value,One-time (1)
pwu6kjnk,2.81,1,1,2.81,Low Value,One-time (1)
54jwhyx8,2.81,1,1,2.81,Low Value,One-time (1)
6uzsn67a,2.81,1,1,2.81,Low Value,One-time (1)
yir2vcol,2.81,1,1,2.81,Low Value,One-time (1)
uzv4r22j,2.81,1,1,2.81,Low Value,One-time (1)
xyoes0kk,2.81,1,1,2.81,Low Value,One-time (1)
kbkcvtuh,2.81,1,1,2.81,Low Value,One-time (1)
imzbxijd,2.81,1,1,2.81,Low Value,One-time (1)
ymbkuih3,2.81,1,1,2.81,Low Value,One-time (1)
f62udejl,2.81,1,1,2.81,Low Value,One-time (1)
ec5e5ehw,2.81,1,1,2.81,Low Value,One-time (1)
qz9mrp3v,2.81,1,1,2.81,Low Value,One-time (1)
pc7k2i00,2.81,1,1,2.81,Low Value,One-time (1)
v0e3m23y,2.81,1,1,2.81,Low Value,One-time (1)
mlayw7rt,2.81,1,1,2.81,Low Value,One-time (1)
sxfedbd8,2.81,1,1,2.81,Low Value,One-time (1)
0kt5f3qv,2.81,1,1,2.81,Low Value,One-time (1)
jbq68lsj,2.81,1,1,2.81,Low Value,One-time (1)
3qwo95n4,2.8,1,1,2.8,Low Value,One-time (1)
ql3dy1jo,2.8,1,1,2.8,Low Value,One-time (1)
9edgnyig,2.8,1,1,2.8,Low Value,One-time (1)
o0g4udnr,2.8,1,1,2.8,Low Value,One-time (1)
r8ud6cgf,2.8,1,1,2.8,Low Value,One-time (1)
djj254nn,2.8,1,1,2.8,Low Value,One-time (1)
88bqzh6n,2.8,1,1,2.8,Low Value,One-time (1)
bx5jrbwy,2.8,1,1,2.8,Low Value,One-time (1)
y1hi1624,2.8,1,1,2.8,Low Value,One-time (1)
onamop6o,2.8,1,1,2.8,Low Value,One-time (1)
yxhrcmpz,2.8,1,1,2.8,Low Value,One-time (1)
y611vhoh,2.8,1,1,2.8,Low Value,One-time (1)
8tub2epg,2.8,1,1,2.8,Low Value,One-time (1)
rl8nijhl,2.8,1,1,2.8,Low Value,One-time (1)
2n94ftph,2.8,1,1,2.8,Low Value,One-time (1)
ffwp7g76,2.8,1,1,2.8,Low Value,One-time (1)
edz7toxm,2.8,1,1,2.8,Low Value,One-time (1)
4ztlfazd,2.8,1,1,2.8,Low Value,One-time (1)
vjn1dwu1,2.8,1,1,2.8,Low Value,One-time (1)
v0fjpsnn,2.8,1,1,2.8,Low Value,One-time (1)
riozmmp8,2.8,1,1,2.8,Low Value,One-time (1)
oc20l86m,2.8,1,1,2.8,Low Value,One-time (1)
8bz5n293,2.79,1,1,2.79,Low Value,One-time (1)
6fmxc7wq,2.79,1,1,2.79,Low Value,One-time (1)
wm9q7ftm,2.79,1,1,2.79,Low Value,One-time (1)
k6ko3b7b,2.78,1,1,2.78,Low Value,One-time (1)
02m2j0dt,2.78,1,1,2.78,Low Value,One-time (1)
g0fh9t4n,2.78,1,1,2.78,Low Value,One-time (1)
u0mmwihv,2.77,1,1,2.77,Low Value,One-time (1)
c1hcst62,2.77,1,1,2.77,Low Value,One-time (1)
6h17ff4x,2.77,1,1,2.77,Low Value,One-time (1)
b4zvs9yi,2.77,1,1,2.77,Low Value,One-time (1)
y6nz8x24,2.76,1,1,2.76,Low Value,One-time (1)
sylptw6g,2.76,1,1,2.76,Low Value,One-time (1)
gawsm549,2.76,1,1,2.76,Low Value,One-time (1)
lrhq36lb,2.76,1,1,2.76,Low Value,One-time (1)
ef26fu3y,2.76,1,1,2.76,Low Value,One-time (1)
iuds6u9e,2.76,1,1,2.76,Low Value,One-time (1)
w5rw0taz,2.76,1,1,2.76,Low Value,One-time (1)
69staaes,2.76,1,1,2.76,Low Value,One-time (1)
2oyjo8ht,2.76,1,1,2.76,Low Value,One-time (1)
g9b3gp3q,2.76,1,1,2.76,Low Value,One-time (1)
83h7asqb,2.76,1,1,2.76,Low Value,One-time (1)
xgdpi1bh,2.76,1,1,2.76,Low Value,One-time (1)
kgrcynev,2.76,1,1,2.76,Low Value,One-time (1)
1e90p8qt,2.76,1,1,2.76,Low Value,One-time (1)
sebc9b6c,2.76,1,1,2.76,Low Value,One-time (1)
xx97wu3l,2.76,1,1,2.76,Low Value,One-time (1)
6ij75pbu,2.76,1,1,2.76,Low Value,One-time (1)
0ryi98gr,2.76,1,1,2.76,Low Value,One-time (1)
5e51h3wq,2.76,1,1,2.76,Low Value,One-time (1)
82ya4aaz,2.76,1,1,2.76,Low Value,One-time (1)
mbtbgjkw,2.76,1,1,2.76,Low Value,One-time (1)
4r3aset5,2.76,1,1,2.76,Low Value,One-time (1)
4rzd0ig1,2.76,1,1,2.76,Low Value,One-time (1)
cjg8vuaz,2.76,1,1,2.76,Low Value,One-time (1)
tnb4lvmg,2.76,1,1,2.76,Low Value,One-time (1)
n28h2rww,2.76,1,1,2.76,Low Value,One-time (1)
ca0x49dm,2.76,1,1,2.76,Low Value,One-time (1)
gs0do4hf,2.76,1,1,2.76,Low Value,One-time (1)
1a5fchwo,2.76,1,1,2.76,Low Value,One-time (1)
d5wdnpse,2.76,1,1,2.76,Low Value,One-time (1)
bj2n2t5q,2.76,1,1,2.76,Low Value,One-time (1)
n2zab1w0,2.76,1,1,2.76,Low Value,One-time (1)
iuvj2o0j,2.76,1,1,2.76,Low Value,One-time (1)
661s8ll1,2.76,1,1,2.76,Low Value,One-time (1)
uues90hn,2.76,1,1,2.76,Low Value,One-time (1)
8h006az2,2.76,1,1,2.76,Low Value,One-time (1)
8nq3zojz,2.76,1,1,2.76,Low Value,One-time (1)
21viv6z8,2.76,1,1,2.76,Low Value,One-time (1)
r25mdf7f,2.76,1,1,2.76,Low Value,One-time (1)
wjubom38,2.76,1,1,2.76,Low Value,One-time (1)
n371ydor,2.76,1,1,2.76,Low Value,One-time (1)
dxpc5f5m,2.76,1,1,2.76,Low Value,One-time (1)
3xlw0w3s,2.76,1,1,2.76,Low Value,One-time (1)
z0eryx85,2.76,1,1,2.76,Low Value,One-time (1)
qvjjash9,2.76,1,1,2.76,Low Value,One-time (1)
dag8s072,2.76,1,1,2.76,Low Value,One-time (1)
sp39tkj5,2.76,1,1,2.76,Low Value,One-time (1)
11ikx0rb,2.76,1,1,2.76,Low Value,One-time (1)
gjsf4g52,2.76,1,1,2.76,Low Value,One-time (1)
fqqzhqud,2.76,1,1,2.76,Low Value,One-time (1)
ig8cvcmw,2.76,1,1,2.76,Low Value,One-time (1)
e7zcytoq,2.76,1,1,2.76,Low Value,One-time (1)
g6ov7zrs,2.76,1,1,2.76,Low Value,One-time (1)
0xn1fn55,2.76,1,1,2.76,Low Value,One-time (1)
5pjvwozu,2.76,1,1,2.76,Low Value,One-time (1)
93j21ex4,2.76,1,1,2.76,Low Value,One-time (1)
z6e4ph7x,2.76,1,1,2.76,Low Value,One-time (1)
ij859o3q,2.76,1,1,2.76,Low Value,One-time (1)
ch0qtq6p,2.76,1,1,2.76,Low Value,One-time (1)
8zx637ig,2.76,1,1,2.76,Low Value,One-time (1)
zpgp5kyi,2.76,1,1,2.76,Low Value,One-time (1)
xfaymugr,2.76,1,1,2.76,Low Value,One-time (1)
of5mcrkd,2.76,1,1,2.76,Low Value,One-time (1)
30nky93v,2.76,1,1,2.76,Low Value,One-time (1)
a8xb7mzl,2.76,1,1,2.76,Low Value,One-time (1)
iwpghx7y,2.76,1,1,2.76,Low Value,One-time (1)
rq881s6x,2.76,1,1,2.76,Low Value,One-time (1)
qv2u6t8k,2.76,1,1,2.76,Low Value,One-time (1)
nqo6gi1s,2.76,1,1,2.76,Low Value,One-time (1)
l4620r8a,2.76,1,1,2.76,Low Value,One-time (1)
k192mzhg,2.76,1,1,2.76,Low Value,One-time (1)
fw2vefnf,2.76,1,1,2.76,Low Value,One-time (1)
jx0exnnl,2.76,1,1,2.76,Low Value,One-time (1)
7pqc4ps8,2.76,1,1,2.76,Low Value,One-time (1)
xkmkt642,2.76,1,1,2.76,Low Value,One-time (1)
hzaq24xm,2.76,1,1,2.76,Low Value,One-time (1)
ctwpludo,2.76,1,1,2.76,Low Value,One-time (1)
lns1465k,2.76,1,1,2.76,Low Value,One-time (1)
7pp1pdvr,2.76,1,1,2.76,Low Value,One-time (1)
c7oit17j,2.75,1,1,2.75,Low Value,One-time (1)
ap6w4gz0,2.75,1,1,2.75,Low Value,One-time (1)
20h1yn8k,2.75,1,1,2.75,Low Value,One-time (1)
q882pa3g,2.75,1,1,2.75,Low Value,One-time (1)
2p1vtyw0,2.75,1,1,2.75,Low Value,One-time (1)
a1h023pe,2.75,1,1,2.75,Low Value,One-time (1)
ax2k9836,2.75,1,1,2.75,Low Value,One-time (1)
vysdzf3y,2.75,1,1,2.75,Low Value,One-time (1)
qaj454cg,2.75,1,1,2.75,Low Value,One-time (1)
vqf38shx,2.75,1,1,2.75,Low Value,One-time (1)
hcmbvf71,2.75,1,1,2.75,Low Value,One-time (1)
f6kfezy5,2.75,1,1,2.75,Low Value,One-time (1)
qilyfjoj,2.75,1,1,2.75,Low Value,One-time (1)
qexapywu,2.75,1,1,2.75,Low Value,One-time (1)
ql5zqbli,2.75,1,1,2.75,Low Value,One-time (1)
0xkny2yv,2.75,1,1,2.75,Low Value,One-time (1)
wrhrcj57,2.75,1,1,2.75,Low Value,One-time (1)
gum5xdwk,2.75,1,1,2.75,Low Value,One-time (1)
a66y6flk,2.75,1,1,2.75,Low Value,One-time (1)
evy5f2dh,2.75,1,1,2.75,Low Value,One-time (1)
obnmkukq,2.75,1,1,2.75,Low Value,One-time (1)
i9yt4s85,2.75,1,1,2.75,Low Value,One-time (1)
ihikwepd,2.75,1,1,2.75,Low Value,One-time (1)
haoyyk0k,2.75,1,1,2.75,Low Value,One-time (1)
9vzp6iuu,2.75,1,1,2.75,Low Value,One-time (1)
6rwzyf1a,2.75,1,1,2.75,Low Value,One-time (1)
wn6r9bww,2.75,1,1,2.75,Low Value,One-time (1)
hcvyq987,2.75,1,1,2.75,Low Value,One-time (1)
23wx2kwj,2.75,1,1,2.75,Low Value,One-time (1)
whz2p604,2.75,1,1,2.75,Low Value,One-time (1)
5uiyty94,2.75,1,1,2.75,Low Value,One-time (1)
abhqxqw3,2.75,1,1,2.75,Low Value,One-time (1)
fnam6cc0,2.75,1,1,2.75,Low Value,One-time (1)
k16emtkp,2.75,1,1,2.75,Low Value,One-time (1)
x05zf2id,2.75,1,1,2.75,Low Value,One-time (1)
7vtp7c05,2.75,1,1,2.75,Low Value,One-time (1)
fv7yg5e2,2.75,1,1,2.75,Low Value,One-time (1)
zsj4hx0h,2.75,1,1,2.75,Low Value,One-time (1)
s4vocelp,2.75,1,1,2.75,Low Value,One-time (1)
q15gm09y,2.75,1,1,2.75,Low Value,One-time (1)
8umlglh5,2.75,1,1,2.75,Low Value,One-time (1)
5r5d7v6k,2.75,1,1,2.75,Low Value,One-time (1)
xwe8en3x,2.75,1,1,2.75,Low Value,One-time (1)
r4k2vlba,2.75,1,1,2.75,Low Value,One-time (1)
sag3q47v,2.75,1,1,2.75,Low Value,One-time (1)
r3z3yp7k,2.75,1,1,2.75,Low Value,One-time (1)
tnx29099,2.75,1,1,2.75,Low Value,One-time (1)
nqvpt8wd,2.75,1,1,2.75,Low Value,One-time (1)
gmwjvspn,2.75,1,1,2.75,Low Value,One-time (1)
3juyt82z,2.75,1,1,2.75,Low Value,One-time (1)
4n5b3xwo,2.75,1,1,2.75,Low Value,One-time (1)
54umy5en,2.75,1,1,2.75,Low Value,One-time (1)
1orndoqk,2.75,1,1,2.75,Low Value,One-time (1)
b5fbah2a,2.75,1,1,2.75,Low Value,One-time (1)
jz27iwlq,2.75,1,1,2.75,Low Value,One-time (1)
7m4akgxh,2.75,1,1,2.75,Low Value,One-time (1)
xzecjwhb,2.75,1,1,2.75,Low Value,One-time (1)
7tr6hdt6,2.75,1,1,2.75,Low Value,One-time (1)
xrzi3a8j,2.75,1,1,2.75,Low Value,One-time (1)
3e31lq4j,2.75,1,1,2.75,Low Value,One-time (1)
xsd92qr0,2.75,1,1,2.75,Low Value,One-time (1)
bqd321sc,2.75,1,1,2.75,Low Value,One-time (1)
9al3shcp,2.75,1,1,2.75,Low Value,One-time (1)
ug58drtd,2.75,1,1,2.75,Low Value,One-time (1)
e5ncr8hv,2.75,1,1,2.75,Low Value,One-time (1)
9ensmb76,2.75,1,1,2.75,Low Value,One-time (1)
tfhp0e33,2.75,1,1,2.75,Low Value,One-time (1)
5qxe3cym,2.75,1,1,2.75,Low Value,One-time (1)
pzijke9a,2.75,1,1,2.75,Low Value,One-time (1)
xgggj8wv,2.75,1,1,2.75,Low Value,One-time (1)
dp52ixbd,2.75,1,1,2.75,Low Value,One-time (1)
v1tchuhx,2.75,1,1,2.75,Low Value,One-time (1)
9o88gxys,2.75,1,1,2.75,Low Value,One-time (1)
30v4pzor,2.75,1,1,2.75,Low Value,One-time (1)
2w0ni3ht,2.75,1,1,2.75,Low Value,One-time (1)
lhazapim,2.75,1,1,2.75,Low Value,One-time (1)
0mxt0tst,2.75,1,1,2.75,Low Value,One-time (1)
87tslds8,2.75,1,1,2.75,Low Value,One-time (1)
dg3c6sci,2.75,1,1,2.75,Low Value,One-time (1)
c8f9youm,2.75,1,1,2.75,Low Value,One-time (1)
akab93b2,2.74,1,1,2.74,Low Value,One-time (1)
zlmyqhkt,2.74,1,1,2.74,Low Value,One-time (1)
1fh9w7du,2.74,1,1,2.74,Low Value,One-time (1)
fqk47abp,2.74,1,1,2.74,Low Value,One-time (1)
y5eg8qb2,2.74,1,1,2.74,Low Value,One-time (1)
llxpjq1k,2.74,1,1,2.74,Low Value,One-time (1)
6meqq7ut,2.74,1,1,2.74,Low Value,One-time (1)
isetuk1o,2.74,1,1,2.74,Low Value,One-time (1)
up6kfgx2,2.74,1,1,2.74,Low Value,One-time (1)
tbkc8v3l,2.74,1,1,2.74,Low Value,One-time (1)
i94r8g23,2.74,1,1,2.74,Low Value,One-time (1)
rjah6bb2,2.74,1,1,2.74,Low Value,One-time (1)
1q6l8nae,2.74,1,1,2.74,Low Value,One-time (1)
i9d4x05h,2.74,1,1,2.74,Low Value,One-time (1)
nvbhkpok,2.74,1,1,2.74,Low Value,One-time (1)
0wmw08ts,2.74,1,1,2.74,Low Value,One-time (1)
6squfd0t,2.74,1,1,2.74,Low Value,One-time (1)
p0atphw2,2.74,1,1,2.74,Low Value,One-time (1)
er5y5esz,2.74,1,1,2.74,Low Value,One-time (1)
qiyfrwsk,2.74,1,1,2.74,Low Value,One-time (1)
9cyclf2m,2.74,1,1,2.74,Low Value,One-time (1)
dlincamc,2.74,1,1,2.74,Low Value,One-time (1)
oby3jhpk,2.74,1,1,2.74,Low Value,One-time (1)
1wr0n7xt,2.74,1,1,2.74,Low Value,One-time (1)
54h7g63t,2.74,1,1,2.74,Low Value,One-time (1)
8z2veqnv,2.74,1,1,2.74,Low Value,One-time (1)
gbqd5nxa,2.74,1,1,2.74,Low Value,One-time (1)
w2eowlcf,2.74,1,1,2.74,Low Value,One-time (1)
536ycxl0,2.74,1,1,2.74,Low Value,One-time (1)
iyfbbtcq,2.74,1,1,2.74,Low Value,One-time (1)
kpwo8j6o,2.74,1,1,2.74,Low Value,One-time (1)
ngyr0g05,2.74,1,1,2.74,Low Value,One-time (1)
gxglnvqk,2.74,1,1,2.74,Low Value,One-time (1)
2gilabcc,2.74,1,1,2.74,Low Value,One-time (1)
xf1pi2oo,2.74,1,1,2.74,Low Value,One-time (1)
i5gn3zkc,2.74,1,1,2.74,Low Value,One-time (1)
kj1peva8,2.74,1,1,2.74,Low Value,One-time (1)
iw4zltx3,2.74,1,1,2.74,Low Value,One-time (1)
hhjo8ml7,2.74,1,1,2.74,Low Value,One-time (1)
5f24271m,2.74,1,1,2.74,Low Value,One-time (1)
onrlj63s,2.74,1,1,2.74,Low Value,One-time (1)
z3fjdgot,2.74,1,1,2.74,Low Value,One-time (1)
m261l074,2.74,1,1,2.74,Low Value,One-time (1)
t2pnjka3,2.73,1,1,2.73,Low Value,One-time (1)
w48u15co,2.73,1,1,2.73,Low Value,One-time (1)
x4254ptz,2.73,1,1,2.73,Low Value,One-time (1)
m8t47l2v,2.73,1,1,2.73,Low Value,One-time (1)
nm8tq0ta,2.73,1,1,2.73,Low Value,One-time (1)
wk8ao36n,2.73,1,1,2.73,Low Value,One-time (1)
ufw4my2z,2.73,1,1,2.73,Low Value,One-time (1)
15lyjs86,2.73,1,1,2.73,Low Value,One-time (1)
0875qmdk,2.73,1,1,2.73,Low Value,One-time (1)
zox30y1x,2.73,1,1,2.73,Low Value,One-time (1)
sf81dy2l,2.73,1,1,2.73,Low Value,One-time (1)
npix3l5d,2.73,1,1,2.73,Low Value,One-time (1)
ui02klot,2.73,1,1,2.73,Low Value,One-time (1)
guywvo83,2.73,1,1,2.73,Low Value,One-time (1)
7ooijeo3,2.73,1,1,2.73,Low Value,One-time (1)
9yog3rto,2.73,1,1,2.73,Low Value,One-time (1)
exuzvety,2.73,1,1,2.73,Low Value,One-time (1)
bv2j3t4h,2.73,1,1,2.73,Low Value,One-time (1)
sky9cyzz,2.73,1,1,2.73,Low Value,One-time (1)
lk43bh12,2.73,1,1,2.73,Low Value,One-time (1)
kd8cgva4,2.73,1,1,2.73,Low Value,One-time (1)
93jvmyfh,2.73,1,1,2.73,Low Value,One-time (1)
ot2cznpp,2.73,1,1,2.73,Low Value,One-time (1)
zmasg9i6,2.73,1,1,2.73,Low Value,One-time (1)
dj5um0cc,2.73,1,1,2.73,Low Value,One-time (1)
qtlothpi,2.73,1,1,2.73,Low Value,One-time (1)
3gh09ges,2.73,1,1,2.73,Low Value,One-time (1)
0jb743v3,2.73,1,1,2.73,Low Value,One-time (1)
bhntgfoy,2.73,1,1,2.73,Low Value,One-time (1)
kc5q5bpd,2.73,1,1,2.73,Low Value,One-time (1)
shntcvl0,2.73,1,1,2.73,Low Value,One-time (1)
2nrbxzpo,2.73,1,1,2.73,Low Value,One-time (1)
21gj15qa,2.73,1,1,2.73,Low Value,One-time (1)
554a622g,2.73,1,1,2.73,Low Value,One-time (1)
73sedf53,2.73,1,1,2.73,Low Value,One-time (1)
lzzk32m1,2.73,1,1,2.73,Low Value,One-time (1)
59xokl2l,2.73,1,1,2.73,Low Value,One-time (1)
rpue0vi4,2.73,1,1,2.73,Low Value,One-time (1)
33e9mra6,2.73,1,1,2.73,Low Value,One-time (1)
jeg4sv0d,2.73,1,1,2.73,Low Value,One-time (1)
5g9tjfcv,2.73,1,1,2.73,Low Value,One-time (1)
7gyapnfj,2.73,1,1,2.73,Low Value,One-time (1)
otvc7vgp,2.73,1,1,2.73,Low Value,One-time (1)
mz7x7om8,2.73,1,1,2.73,Low Value,One-time (1)
ytytftwl,2.73,1,1,2.73,Low Value,One-time (1)
9t84azyt,2.73,1,1,2.73,Low Value,One-time (1)
30632aj8,2.73,1,1,2.73,Low Value,One-time (1)
id4rljft,2.73,1,1,2.73,Low Value,One-time (1)
wxx2g3qe,2.73,1,1,2.73,Low Value,One-time (1)
whs0rpok,2.73,1,1,2.73,Low Value,One-time (1)
jbxidyy3,2.73,1,1,2.73,Low Value,One-time (1)
x1nfwbaq,2.73,1,1,2.73,Low Value,One-time (1)
qpb85bgo,2.73,1,1,2.73,Low Value,One-time (1)
aonpdiqu,2.72,1,1,2.72,Low Value,One-time (1)
vajlwpsp,2.72,1,1,2.72,Low Value,One-time (1)
miqjjfc9,2.72,1,1,2.72,Low Value,One-time (1)
qip60gx7,2.72,1,1,2.72,Low Value,One-time (1)
bsfdfjka,2.72,1,1,2.72,Low Value,One-time (1)
b36s4y1r,2.72,1,1,2.72,Low Value,One-time (1)
wa3pgqie,2.72,1,1,2.72,Low Value,One-time (1)
wm591jq5,2.72,1,1,2.72,Low Value,One-time (1)
tnyod1ct,2.72,1,1,2.72,Low Value,One-time (1)
iiv2dg74,2.72,1,1,2.72,Low Value,One-time (1)
ws1zl7p7,2.72,1,1,2.72,Low Value,One-time (1)
6y6r3bm3,2.72,1,1,2.72,Low Value,One-time (1)
q7vmhxry,2.72,1,1,2.72,Low Value,One-time (1)
a25x4ja5,2.72,1,1,2.72,Low Value,One-time (1)
a6loqea0,2.72,1,1,2.72,Low Value,One-time (1)
i7hrvr51,2.72,1,1,2.72,Low Value,One-time (1)
xv1ouiio,2.72,1,1,2.72,Low Value,One-time (1)
emfv3rtf,2.72,1,1,2.72,Low Value,One-time (1)
o6pbkhaj,2.72,1,1,2.72,Low Value,One-time (1)
m0fibxkk,2.72,1,1,2.72,Low Value,One-time (1)
xvtzjr7c,2.72,1,1,2.72,Low Value,One-time (1)
0g6p046u,2.72,1,1,2.72,Low Value,One-time (1)
mmwhhc35,2.72,1,1,2.72,Low Value,One-time (1)
p351wjk1,2.72,1,1,2.72,Low Value,One-time (1)
6x2yxkpf,2.72,1,1,2.72,Low Value,One-time (1)
mrncx8ue,2.72,1,1,2.72,Low Value,One-time (1)
jcxi022n,2.72,1,1,2.72,Low Value,One-time (1)
ul52e63z,2.72,1,1,2.72,Low Value,One-time (1)
23ps6qis,2.72,1,1,2.72,Low Value,One-time (1)
ggucv1fd,2.72,1,1,2.72,Low Value,One-time (1)
lkjk15fp,2.72,1,1,2.72,Low Value,One-time (1)
l5sraqiz,2.72,1,1,2.72,Low Value,One-time (1)
dhxg71od,2.72,1,1,2.72,Low Value,One-time (1)
1b0z3nx3,2.72,1,1,2.72,Low Value,One-time (1)
vw7zksa0,2.72,1,1,2.72,Low Value,One-time (1)
n48uact4,2.72,1,1,2.72,Low Value,One-time (1)
1xakmil3,2.72,1,1,2.72,Low Value,One-time (1)
iqf6sk2g,2.72,1,1,2.72,Low Value,One-time (1)
qlb0tcq0,2.72,1,1,2.72,Low Value,One-time (1)
ofam1k1e,2.72,1,1,2.72,Low Value,One-time (1)
hs8vajbf,2.72,1,1,2.72,Low Value,One-time (1)
r7u3j4yn,2.72,1,1,2.72,Low Value,One-time (1)
f5pxhu2h,2.72,1,1,2.72,Low Value,One-time (1)
0bd2pu10,2.72,1,1,2.72,Low Value,One-time (1)
5bwikotc,2.72,1,1,2.72,Low Value,One-time (1)
qq13wfdm,2.72,1,1,2.72,Low Value,One-time (1)
g42k0705,2.72,1,1,2.72,Low Value,One-time (1)
gj7psgef,2.71,1,1,2.71,Low Value,One-time (1)
1swjckjl,2.71,1,1,2.71,Low Value,One-time (1)
74x0lqd2,2.71,1,1,2.71,Low Value,One-time (1)
kfhf3kp5,2.71,1,1,2.71,Low Value,One-time (1)
78ldf86q,2.71,1,1,2.71,Low Value,One-time (1)
3n6ljmee,2.7,1,1,2.7,Low Value,One-time (1)
qhy0rhmp,2.7,1,1,2.7,Low Value,One-time (1)
iozessbq,2.7,1,1,2.7,Low Value,One-time (1)
00w8xae1,2.7,1,1,2.7,Low Value,One-time (1)
j29326yw,2.7,1,1,2.7,Low Value,One-time (1)
pzf7dehl,2.7,1,1,2.7,Low Value,One-time (1)
ygrg4ra9,2.7,1,1,2.7,Low Value,One-time (1)
g51qg48j,2.7,1,1,2.7,Low Value,One-time (1)
mve9t2u5,2.7,1,1,2.7,Low Value,One-time (1)
a3hzl2uk,2.7,1,1,2.7,Low Value,One-time (1)
gw2mow4b,2.7,1,1,2.7,Low Value,One-time (1)
aj9ps9r7,2.7,1,1,2.7,Low Value,One-time (1)
igpbkfxd,2.7,1,1,2.7,Low Value,One-time (1)
v3s2stlk,2.7,1,1,2.7,Low Value,One-time (1)
opk0pyff,2.7,1,1,2.7,Low Value,One-time (1)
becgo877,2.7,1,1,2.7,Low Value,One-time (1)
xy0i2q16,2.7,1,1,2.7,Low Value,One-time (1)
zqc6wv0o,2.7,1,1,2.7,Low Value,One-time (1)
0m1fhssf,2.7,1,1,2.7,Low Value,One-time (1)
kzkwr0az,2.7,1,1,2.7,Low Value,One-time (1)
tgvsmmk7,2.7,1,1,2.7,Low Value,One-time (1)
3u8q3q4t,2.7,1,1,2.7,Low Value,One-time (1)
csoe7qo0,2.7,1,1,2.7,Low Value,One-time (1)
3s8j3803,2.7,1,1,2.7,Low Value,One-time (1)
oqnnqq2d,2.7,1,1,2.7,Low Value,One-time (1)
sbezelfk,2.7,1,1,2.7,Low Value,One-time (1)
dq3dax4c,2.7,1,1,2.7,Low Value,One-time (1)
4ijq2x97,2.7,1,1,2.7,Low Value,One-time (1)
xaji0y6d,2.7,1,1,2.7,Low Value,One-time (1)
6zb2xfc6,2.7,1,1,2.7,Low Value,One-time (1)
tpak0w7r,2.7,1,1,2.7,Low Value,One-time (1)
uu2hbgjp,2.7,1,1,2.7,Low Value,One-time (1)
86zf576k,2.7,1,1,2.7,Low Value,One-time (1)
zbakf2yx,2.7,1,1,2.7,Low Value,One-time (1)
qtq66g08,2.7,1,1,2.7,Low Value,One-time (1)
y1rwpy9b,2.7,1,1,2.7,Low Value,One-time (1)
bht1kr6i,2.7,1,1,2.7,Low Value,One-time (1)
l57ucei7,2.7,1,1,2.7,Low Value,One-time (1)
truf4sm4,2.7,1,1,2.7,Low Value,One-time (1)
7ivkddn0,2.7,1,1,2.7,Low Value,One-time (1)
o847nd99,2.7,1,1,2.7,Low Value,One-time (1)
2ao6cv81,2.7,1,1,2.7,Low Value,One-time (1)
1ngqhfbq,2.7,1,1,2.7,Low Value,One-time (1)
kfdsddql,2.7,1,1,2.7,Low Value,One-time (1)
4mpdvknx,2.7,1,1,2.7,Low Value,One-time (1)
cfdw4cuw,2.7,1,1,2.7,Low Value,One-time (1)
we398lug,2.7,1,1,2.7,Low Value,One-time (1)
3cnswku9,2.7,1,1,2.7,Low Value,One-time (1)
7uik5gpw,2.7,1,1,2.7,Low Value,One-time (1)
cdaoe1f0,2.7,1,1,2.7,Low Value,One-time (1)
um8e297n,2.7,1,1,2.7,Low Value,One-time (1)
u3ufzmgk,2.7,1,1,2.7,Low Value,One-time (1)
8a2402s3,2.7,1,1,2.7,Low Value,One-time (1)
qilqtdwi,2.7,1,1,2.7,Low Value,One-time (1)
99pzplr2,2.7,1,1,2.7,Low Value,One-time (1)
3f7vf7nc,2.7,1,1,2.7,Low Value,One-time (1)
rx9zxofq,2.7,1,1,2.7,Low Value,One-time (1)
7p88528v,2.7,1,1,2.7,Low Value,One-time (1)
jj32desi,2.7,1,1,2.7,Low Value,One-time (1)
mc36n7gh,2.7,1,1,2.7,Low Value,One-time (1)
hbchpi79,2.7,1,1,2.7,Low Value,One-time (1)
c69qfsk9,2.7,1,1,2.7,Low Value,One-time (1)
z4jybhy3,2.7,1,1,2.7,Low Value,One-time (1)
ubcniwgb,2.7,1,1,2.7,Low Value,One-time (1)
rsklqrve,2.7,1,1,2.7,Low Value,One-time (1)
fr2d48yv,2.7,1,1,2.7,Low Value,One-time (1)
qob867kb,2.7,1,1,2.7,Low Value,One-time (1)
hf4qd6lp,2.7,1,1,2.7,Low Value,One-time (1)
jspkqwhl,2.7,1,1,2.7,Low Value,One-time (1)
gnveb3xw,2.69,1,1,2.69,Low Value,One-time (1)
tbh0jddx,2.69,1,1,2.69,Low Value,One-time (1)
1wdj9978,2.69,1,1,2.69,Low Value,One-time (1)
vb9hxkei,2.69,1,1,2.69,Low Value,One-time (1)
6jz6auoc,2.69,1,1,2.69,Low Value,One-time (1)
vbx13vsd,2.69,1,1,2.69,Low Value,One-time (1)
51mk2xi3,2.68,1,1,2.68,Low Value,One-time (1)
dhnnydz8,2.68,1,1,2.68,Low Value,One-time (1)
vcady3kp,2.68,1,1,2.68,Low Value,One-time (1)
eho1rwoj,2.68,1,1,2.68,Low Value,One-time (1)
w0ttavb2,2.68,1,1,2.68,Low Value,One-time (1)
tnhmpkoi,2.68,1,1,2.68,Low Value,One-time (1)
xu1ggqus,2.68,1,1,2.68,Low Value,One-time (1)
ape7be8h,2.68,1,1,2.68,Low Value,One-time (1)
syaowijq,2.68,1,1,2.68,Low Value,One-time (1)
8998qaej,2.68,1,1,2.68,Low Value,One-time (1)
urkdnlji,2.68,1,1,2.68,Low Value,One-time (1)
djwncxo0,2.68,1,1,2.68,Low Value,One-time (1)
x8dvkm6d,2.68,1,1,2.68,Low Value,One-time (1)
hj1fhwfl,2.68,1,1,2.68,Low Value,One-time (1)
l4hfety4,2.67,1,1,2.67,Low Value,One-time (1)
rbew2tly,2.67,1,1,2.67,Low Value,One-time (1)
v641yx39,2.67,1,1,2.67,Low Value,One-time (1)
id8y68f5,2.67,1,1,2.67,Low Value,One-time (1)
1zseutd5,2.67,1,1,2.67,Low Value,One-time (1)
wdr8adgb,2.67,1,1,2.67,Low Value,One-time (1)
sgy5cdsc,2.67,1,1,2.67,Low Value,One-time (1)
oswaaqvx,2.67,1,1,2.67,Low Value,One-time (1)
ccl2h1z0,2.67,1,1,2.67,Low Value,One-time (1)
20760eme,2.67,1,1,2.67,Low Value,One-time (1)
5ail2shv,2.67,1,1,2.67,Low Value,One-time (1)
l7a8sptt,2.67,1,1,2.67,Low Value,One-time (1)
owv6wk6x,2.67,1,1,2.67,Low Value,One-time (1)
ibvg5sos,2.67,1,1,2.67,Low Value,One-time (1)
v6dvrw53,2.67,1,1,2.67,Low Value,One-time (1)
tb7iosbn,2.67,1,1,2.67,Low Value,One-time (1)
0txfok8d,2.67,1,1,2.67,Low Value,One-time (1)
h3ma25ra,2.67,1,1,2.67,Low Value,One-time (1)
6q1m7oc5,2.67,1,1,2.67,Low Value,One-time (1)
98hrtq2c,2.67,1,1,2.67,Low Value,One-time (1)
ro510ini,2.67,1,1,2.67,Low Value,One-time (1)
uijxb23g,2.67,1,1,2.67,Low Value,One-time (1)
06fot0jd,2.67,1,1,2.67,Low Value,One-time (1)
83ty4wtq,2.67,1,1,2.67,Low Value,One-time (1)
l07fuoxz,2.67,1,1,2.67,Low Value,One-time (1)
sxvi9rg5,2.67,1,1,2.67,Low Value,One-time (1)
4sbc85ws,2.67,1,1,2.67,Low Value,One-time (1)
l8jr2mto,2.67,1,1,2.67,Low Value,One-time (1)
jnzdxhv7,2.67,1,1,2.67,Low Value,One-time (1)
lk23lny7,2.67,1,1,2.67,Low Value,One-time (1)
4bqdi506,2.67,1,1,2.67,Low Value,One-time (1)
c6llqebk,2.67,1,1,2.67,Low Value,One-time (1)
43silq0s,2.67,1,1,2.67,Low Value,One-time (1)
yi34if7d,2.67,1,1,2.67,Low Value,One-time (1)
slrprex8,2.67,1,1,2.67,Low Value,One-time (1)
iune6w6d,2.67,1,1,2.67,Low Value,One-time (1)
eqpjqq7x,2.67,1,1,2.67,Low Value,One-time (1)
t57keqcw,2.67,1,1,2.67,Low Value,One-time (1)
8fmiqpu4,2.67,1,1,2.67,Low Value,One-time (1)
5hjjg54b,2.67,1,1,2.67,Low Value,One-time (1)
dmu20x8j,2.67,1,1,2.67,Low Value,One-time (1)
iv8gnzpb,2.67,1,1,2.67,Low Value,One-time (1)
g1erlwp5,2.67,1,1,2.67,Low Value,One-time (1)
fm175hlz,2.67,1,1,2.67,Low Value,One-time (1)
57ztvn5u,2.67,1,1,2.67,Low Value,One-time (1)
9nod6hut,2.67,1,1,2.67,Low Value,One-time (1)
lgcselja,2.67,1,1,2.67,Low Value,One-time (1)
crkjqvai,2.67,1,1,2.67,Low Value,One-time (1)
9cn7r0cm,2.67,1,1,2.67,Low Value,One-time (1)
shybrey2,2.67,1,1,2.67,Low Value,One-time (1)
br2z0pga,2.67,1,1,2.67,Low Value,One-time (1)
b056dfrz,2.67,1,1,2.67,Low Value,One-time (1)
5pgfsd7g,2.67,1,1,2.67,Low Value,One-time (1)
24l5237y,2.67,1,1,2.67,Low Value,One-time (1)
tnyxe239,2.67,1,1,2.67,Low Value,One-time (1)
19xl8e7m,2.67,1,1,2.67,Low Value,One-time (1)
k36bp2fi,2.67,1,1,2.67,Low Value,One-time (1)
xrcxp0jw,2.67,1,1,2.67,Low Value,One-time (1)
6yesr14g,2.67,1,1,2.67,Low Value,One-time (1)
3j0uvnao,2.67,1,1,2.67,Low Value,One-time (1)
4po1i3ms,2.67,1,1,2.67,Low Value,One-time (1)
mexvcjg0,2.67,1,1,2.67,Low Value,One-time (1)
780wbqxi,2.67,1,1,2.67,Low Value,One-time (1)
4vcxoidp,2.67,1,1,2.67,Low Value,One-time (1)
m2h7c2ay,2.67,1,1,2.67,Low Value,One-time (1)
wt8hlmr2,2.67,1,1,2.67,Low Value,One-time (1)
tr1hhk64,2.67,1,1,2.67,Low Value,One-time (1)
ovdaclcy,2.67,1,1,2.67,Low Value,One-time (1)
55xyyteg,2.67,1,1,2.67,Low Value,One-time (1)
at6t1kfa,2.67,1,1,2.67,Low Value,One-time (1)
x4oztxyn,2.67,1,1,2.67,Low Value,One-time (1)
mbivtdx8,2.67,1,1,2.67,Low Value,One-time (1)
z06vook9,2.67,1,1,2.67,Low Value,One-time (1)
d931mb74,2.67,1,1,2.67,Low Value,One-time (1)
jcfovlg7,2.67,1,1,2.67,Low Value,One-time (1)
fwnippkf,2.67,1,1,2.67,Low Value,One-time (1)
9gi1ym1b,2.67,1,1,2.67,Low Value,One-time (1)
wb93gnfz,2.67,1,1,2.67,Low Value,One-time (1)
fdzmr5zr,2.67,1,1,2.67,Low Value,One-time (1)
ns9m7u55,2.67,1,1,2.67,Low Value,One-time (1)
05oul9vz,2.67,1,1,2.67,Low Value,One-time (1)
km7qxida,2.67,1,1,2.67,Low Value,One-time (1)
lx9a5psj,2.67,1,1,2.67,Low Value,One-time (1)
3w5nv3hz,2.67,1,1,2.67,Low Value,One-time (1)
h67mjgo7,2.67,1,1,2.67,Low Value,One-time (1)
aqwzagdy,2.67,1,1,2.67,Low Value,One-time (1)
z7lyq5s5,2.67,1,1,2.67,Low Value,One-time (1)
s37yztxu,2.67,1,1,2.67,Low Value,One-time (1)
i5ba0rry,2.67,1,1,2.67,Low Value,One-time (1)
36zx1tv1,2.67,1,1,2.67,Low Value,One-time (1)
thzhzt1q,2.67,1,1,2.67,Low Value,One-time (1)
4qug6d7w,2.67,1,1,2.67,Low Value,One-time (1)
b9xczple,2.67,1,1,2.67,Low Value,One-time (1)
gzezu4cb,2.67,1,1,2.67,Low Value,One-time (1)
sbhu1gkv,2.67,1,1,2.67,Low Value,One-time (1)
3p7i1bvl,2.67,1,1,2.67,Low Value,One-time (1)
ko7eldkm,2.67,1,1,2.67,Low Value,One-time (1)
fxg3c0ph,2.67,1,1,2.67,Low Value,One-time (1)
tk2w3ijc,2.67,1,1,2.67,Low Value,One-time (1)
whma1mht,2.67,1,1,2.67,Low Value,One-time (1)
qdqx6qd0,2.67,1,1,2.67,Low Value,One-time (1)
8xy5ludw,2.67,1,1,2.67,Low Value,One-time (1)
1o9ey638,2.67,1,1,2.67,Low Value,One-time (1)
ac1sn7uj,2.66,1,1,2.66,Low Value,One-time (1)
9efsng0n,2.66,1,1,2.66,Low Value,One-time (1)
6vb8xtq3,2.66,1,1,2.66,Low Value,One-time (1)
s03ki9ug,2.66,1,1,2.66,Low Value,One-time (1)
0hham8n4,2.66,1,1,2.66,Low Value,One-time (1)
9s5i43k2,2.66,1,1,2.66,Low Value,One-time (1)
nlh3s51f,2.66,1,1,2.66,Low Value,One-time (1)
rp3w1bxd,2.66,1,1,2.66,Low Value,One-time (1)
vl1ii867,2.66,1,1,2.66,Low Value,One-time (1)
imik34u5,2.66,1,1,2.66,Low Value,One-time (1)
92rezz2f,2.66,1,1,2.66,Low Value,One-time (1)
qcsvwe7l,2.66,1,1,2.66,Low Value,One-time (1)
ucea4orv,2.66,1,1,2.66,Low Value,One-time (1)
rtx6u4xl,2.66,1,1,2.66,Low Value,One-time (1)
vgfussis,2.66,1,1,2.66,Low Value,One-time (1)
ao2uccvn,2.66,1,1,2.66,Low Value,One-time (1)
pwwum1yn,2.66,1,1,2.66,Low Value,One-time (1)
qk81qt06,2.66,1,1,2.66,Low Value,One-time (1)
fk2z75us,2.66,1,1,2.66,Low Value,One-time (1)
np1f5kbi,2.66,1,1,2.66,Low Value,One-time (1)
c1me9nd6,2.66,1,1,2.66,Low Value,One-time (1)
ap3k42or,2.66,1,1,2.66,Low Value,One-time (1)
km9du1ut,2.66,1,1,2.66,Low Value,One-time (1)
jxug4qvg,2.66,1,1,2.66,Low Value,One-time (1)
3edxrztg,2.66,1,1,2.66,Low Value,One-time (1)
lyuc36wr,2.66,1,1,2.66,Low Value,One-time (1)
cn9a8d0f,2.66,1,1,2.66,Low Value,One-time (1)
06yoqhq9,2.66,1,1,2.66,Low Value,One-time (1)
ca8t10t6,2.66,1,1,2.66,Low Value,One-time (1)
ry2636s5,2.66,1,1,2.66,Low Value,One-time (1)
5bc3amhe,2.66,1,1,2.66,Low Value,One-time (1)
gj78jp3h,2.66,1,1,2.66,Low Value,One-time (1)
lmyn1azs,2.66,1,1,2.66,Low Value,One-time (1)
hd7vz5ff,2.66,1,1,2.66,Low Value,One-time (1)
ifjot9je,2.66,1,1,2.66,Low Value,One-time (1)
jpsyig31,2.66,1,1,2.66,Low Value,One-time (1)
og2c14b5,2.66,1,1,2.66,Low Value,One-time (1)
ro6v4fdm,2.66,1,1,2.66,Low Value,One-time (1)
dff1ul23,2.66,1,1,2.66,Low Value,One-time (1)
f0553ma2,2.65,1,1,2.65,Low Value,One-time (1)
fs37f5nw,2.65,1,1,2.65,Low Value,One-time (1)
sbwh3lcs,2.65,1,1,2.65,Low Value,One-time (1)
24wjt8hd,2.65,1,1,2.65,Low Value,One-time (1)
lu4fxp6d,2.65,1,1,2.65,Low Value,One-time (1)
fnd91kon,2.65,1,1,2.65,Low Value,One-time (1)
dabbajaq,2.65,1,1,2.65,Low Value,One-time (1)
io50pjlp,2.65,1,1,2.65,Low Value,One-time (1)
t9n1osf5,2.65,1,1,2.65,Low Value,One-time (1)
6co53d77,2.65,1,1,2.65,Low Value,One-time (1)
il5mkzog,2.65,1,1,2.65,Low Value,One-time (1)
hrge9cn8,2.65,1,1,2.65,Low Value,One-time (1)
90a8hjeq,2.65,1,1,2.65,Low Value,One-time (1)
1olqqpv5,2.65,1,1,2.65,Low Value,One-time (1)
2p2yxaa9,2.65,1,1,2.65,Low Value,One-time (1)
o2o5bknx,2.65,1,1,2.65,Low Value,One-time (1)
9p0kkx83,2.65,1,1,2.65,Low Value,One-time (1)
yzr0x2vv,2.65,1,1,2.65,Low Value,One-time (1)
aw9peay1,2.65,1,1,2.65,Low Value,One-time (1)
0lauejfn,2.65,1,1,2.65,Low Value,One-time (1)
8g8u1h1g,2.65,1,1,2.65,Low Value,One-time (1)
nnt48p83,2.65,1,1,2.65,Low Value,One-time (1)
tmmyzy8l,2.64,1,1,2.64,Low Value,One-time (1)
r3wqzt9c,2.64,1,1,2.64,Low Value,One-time (1)
t81f7tew,2.64,1,1,2.64,Low Value,One-time (1)
3zlllfgj,2.64,1,1,2.64,Low Value,One-time (1)
ou3lbgkz,2.64,1,1,2.64,Low Value,One-time (1)
sdgp6pay,2.64,1,1,2.64,Low Value,One-time (1)
buzs38sj,2.64,1,1,2.64,Low Value,One-time (1)
2rw4sfmv,2.64,1,1,2.64,Low Value,One-time (1)
zo0l80vs,2.64,1,1,2.64,Low Value,One-time (1)
ijaegwri,2.64,1,1,2.64,Low Value,One-time (1)
rkqjb40j,2.64,1,1,2.64,Low Value,One-time (1)
pyixogws,2.64,1,1,2.64,Low Value,One-time (1)
pecx9xqc,2.64,1,1,2.64,Low Value,One-time (1)
dx5l5tw9,2.64,1,1,2.64,Low Value,One-time (1)
vvkbowx3,2.64,1,1,2.64,Low Value,One-time (1)
m4clcj4l,2.64,1,1,2.64,Low Value,One-time (1)
jhc552ao,2.64,1,1,2.64,Low Value,One-time (1)
hfs8ah0s,2.64,1,1,2.64,Low Value,One-time (1)
lekqxxo1,2.64,1,1,2.64,Low Value,One-time (1)
fsh6q1ql,2.64,1,1,2.64,Low Value,One-time (1)
fulz2ads,2.64,1,1,2.64,Low Value,One-time (1)
x5teoa49,2.64,1,1,2.64,Low Value,One-time (1)
axyoj6im,2.64,1,1,2.64,Low Value,One-time (1)
7pyq35fs,2.64,1,1,2.64,Low Value,One-time (1)
wkx6n337,2.64,1,1,2.64,Low Value,One-time (1)
rv6yplgo,2.64,1,1,2.64,Low Value,One-time (1)
2fleiyvb,2.64,1,1,2.64,Low Value,One-time (1)
972e4xts,2.64,1,1,2.64,Low Value,One-time (1)
cni7e1jm,2.64,1,1,2.64,Low Value,One-time (1)
l7px1fey,2.64,1,1,2.64,Low Value,One-time (1)
yvj3uu2r,2.64,1,1,2.64,Low Value,One-time (1)
a8mh7sql,2.63,1,1,2.63,Low Value,One-time (1)
ewe1nou9,2.63,1,1,2.63,Low Value,One-time (1)
xmoyoozg,2.63,1,1,2.63,Low Value,One-time (1)
x0d6c8m3,2.63,1,1,2.63,Low Value,One-time (1)
fcaxnig1,2.63,1,1,2.63,Low Value,One-time (1)
gidsn36i,2.63,1,1,2.63,Low Value,One-time (1)
lva2rj7z,2.63,1,1,2.63,Low Value,One-time (1)
82v0vsjf,2.63,1,1,2.63,Low Value,One-time (1)
rjf2pdle,2.63,1,1,2.63,Low Value,One-time (1)
ractvbtr,2.63,1,1,2.63,Low Value,One-time (1)
bddjt8a4,2.63,1,1,2.63,Low Value,One-time (1)
js117fss,2.63,1,1,2.63,Low Value,One-time (1)
v6690ajy,2.63,1,1,2.63,Low Value,One-time (1)
qhrqfbxp,2.63,1,1,2.63,Low Value,One-time (1)
gu3n9v4x,2.63,1,1,2.63,Low Value,One-time (1)
38c0zxip,2.63,1,1,2.63,Low Value,One-time (1)
8edud3yn,2.63,1,1,2.63,Low Value,One-time (1)
a637tj2g,2.63,1,1,2.63,Low Value,One-time (1)
9xtizsf5,2.63,1,1,2.63,Low Value,One-time (1)
9fwci6om,2.63,1,1,2.63,Low Value,One-time (1)
7na6sxyo,2.63,1,1,2.63,Low Value,One-time (1)
ly24anp8,2.63,1,1,2.63,Low Value,One-time (1)
tte7mwwd,2.63,1,1,2.63,Low Value,One-time (1)
5c2i9sgx,2.63,1,1,2.63,Low Value,One-time (1)
maqu5tub,2.63,1,1,2.63,Low Value,One-time (1)
qqx50wjh,2.63,1,1,2.63,Low Value,One-time (1)
7g1luqfg,2.63,1,1,2.63,Low Value,One-time (1)
hvqllzzn,2.63,1,1,2.63,Low Value,One-time (1)
g5lobnay,2.63,1,1,2.63,Low Value,One-time (1)
47dxucf4,2.63,1,1,2.63,Low Value,One-time (1)
2dqu0lbk,2.63,1,1,2.63,Low Value,One-time (1)
d92x4667,2.63,1,1,2.63,Low Value,One-time (1)
y49sl1lj,2.63,1,1,2.63,Low Value,One-time (1)
uzefq89c,2.63,1,1,2.63,Low Value,One-time (1)
lk2y9yv7,2.62,1,1,2.62,Low Value,One-time (1)
nshf54qf,2.62,1,1,2.62,Low Value,One-time (1)
yy86nzb1,2.62,1,1,2.62,Low Value,One-time (1)
rdus5lrq,2.62,1,1,2.62,Low Value,One-time (1)
dbvzb0oi,2.62,1,1,2.62,Low Value,One-time (1)
dbxujbyn,2.62,1,1,2.62,Low Value,One-time (1)
cfv728qn,2.62,1,1,2.62,Low Value,One-time (1)
7vo7czrm,2.62,1,1,2.62,Low Value,One-time (1)
6b9tlh33,2.62,1,1,2.62,Low Value,One-time (1)
7p1xkz3w,2.62,1,1,2.62,Low Value,One-time (1)
bhtg1mgk,2.62,1,1,2.62,Low Value,One-time (1)
3drgsw0x,2.62,1,1,2.62,Low Value,One-time (1)
rsp2ilvw,2.62,1,1,2.62,Low Value,One-time (1)
fs7i19mo,2.62,1,1,2.62,Low Value,One-time (1)
9rnjki04,2.62,1,1,2.62,Low Value,One-time (1)
mpj0rqbt,2.62,1,1,2.62,Low Value,One-time (1)
396sitfi,2.62,1,1,2.62,Low Value,One-time (1)
39pip34l,2.62,1,1,2.62,Low Value,One-time (1)
syo2hb57,2.62,1,1,2.62,Low Value,One-time (1)
6wrzh0o2,2.62,1,1,2.62,Low Value,One-time (1)
m6x9xjrr,2.62,1,1,2.62,Low Value,One-time (1)
ejy08rqo,2.62,1,1,2.62,Low Value,One-time (1)
djkluylu,2.62,1,1,2.62,Low Value,One-time (1)
k7ynxymr,2.62,1,1,2.62,Low Value,One-time (1)
ufjuglxd,2.62,1,1,2.62,Low Value,One-time (1)
fbuye8qr,2.62,1,1,2.62,Low Value,One-time (1)
4t60ploz,2.62,1,1,2.62,Low Value,One-time (1)
al24azrg,2.62,1,1,2.62,Low Value,One-time (1)
z2q7vfrb,2.62,1,1,2.62,Low Value,One-time (1)
plcrljm6,2.62,1,1,2.62,Low Value,One-time (1)
7o0fy1y6,2.62,1,1,2.62,Low Value,One-time (1)
bow8eo8v,2.62,1,1,2.62,Low Value,One-time (1)
z74lav71,2.62,1,1,2.62,Low Value,One-time (1)
2qsvwnob,2.62,1,1,2.62,Low Value,One-time (1)
g8oip8cq,2.62,1,1,2.62,Low Value,One-time (1)
77uir111,2.62,1,1,2.62,Low Value,One-time (1)
t4k620cs,2.62,1,1,2.62,Low Value,One-time (1)
p82j3tps,2.62,1,1,2.62,Low Value,One-time (1)
qvi7oqg2,2.62,1,1,2.62,Low Value,One-time (1)
8m7dew33,2.62,1,1,2.62,Low Value,One-time (1)
4x1efnmo,2.62,1,1,2.62,Low Value,One-time (1)
sg9tzc4y,2.62,1,1,2.62,Low Value,One-time (1)
j0nc9x36,2.62,1,1,2.62,Low Value,One-time (1)
htih0iez,2.62,1,1,2.62,Low Value,One-time (1)
bey03ufy,2.62,1,1,2.62,Low Value,One-time (1)
fp4cs6sg,2.62,1,1,2.62,Low Value,One-time (1)
8khw3e92,2.62,1,1,2.62,Low Value,One-time (1)
1tc82k7b,2.62,1,1,2.62,Low Value,One-time (1)
r3kjxog8,2.62,1,1,2.62,Low Value,One-time (1)
4eyslngc,2.62,1,1,2.62,Low Value,One-time (1)
qwyn924z,2.62,1,1,2.62,Low Value,One-time (1)
t89p9ztw,2.62,1,1,2.62,Low Value,One-time (1)
t6f0t8tp,2.62,1,1,2.62,Low Value,One-time (1)
rgh7ytpn,2.62,1,1,2.62,Low Value,One-time (1)
lpxajmk4,2.62,1,1,2.62,Low Value,One-time (1)
okyvqcow,2.62,1,1,2.62,Low Value,One-time (1)
2ev6dpw3,2.62,1,1,2.62,Low Value,One-time (1)
iyempjho,2.62,1,1,2.62,Low Value,One-time (1)
5wx877me,2.62,1,1,2.62,Low Value,One-time (1)
b2b5ef0n,2.62,1,1,2.62,Low Value,One-time (1)
yozyvro4,2.62,1,1,2.62,Low Value,One-time (1)
ph133hrb,2.62,1,1,2.62,Low Value,One-time (1)
316fc6os,2.62,1,1,2.62,Low Value,One-time (1)
23wph6bt,2.62,1,1,2.62,Low Value,One-time (1)
zcbsrjqk,2.62,1,1,2.62,Low Value,One-time (1)
tldo2wdz,2.62,1,1,2.62,Low Value,One-time (1)
f9zabzwv,2.62,1,1,2.62,Low Value,One-time (1)
j5jkdsvl,2.62,1,1,2.62,Low Value,One-time (1)
zicrlbu6,2.62,1,1,2.62,Low Value,One-time (1)
9xjqi4sz,2.62,1,1,2.62,Low Value,One-time (1)
q052we7f,2.62,1,1,2.62,Low Value,One-time (1)
mqtv3gje,2.62,1,1,2.62,Low Value,One-time (1)
ykchop5u,2.62,1,1,2.62,Low Value,One-time (1)
29sevl7f,2.61,1,1,2.61,Low Value,One-time (1)
qovrt88l,2.61,1,1,2.61,Low Value,One-time (1)
e5cgx4xv,2.61,1,1,2.61,Low Value,One-time (1)
qtme91wq,2.61,1,1,2.61,Low Value,One-time (1)
r6bd2chc,2.61,1,1,2.61,Low Value,One-time (1)
mb8l14qk,2.61,1,1,2.61,Low Value,One-time (1)
xqryw695,2.61,1,1,2.61,Low Value,One-time (1)
eqtsfbit,2.61,1,1,2.61,Low Value,One-time (1)
584t4wcn,2.61,1,1,2.61,Low Value,One-time (1)
q9pkyj2m,2.61,1,1,2.61,Low Value,One-time (1)
zuneinw2,2.61,1,1,2.61,Low Value,One-time (1)
5kh51bfd,2.61,1,1,2.61,Low Value,One-time (1)
fpfiomlu,2.61,1,1,2.61,Low Value,One-time (1)
0sb2jqf9,2.61,1,1,2.61,Low Value,One-time (1)
uxj7nzxv,2.61,1,1,2.61,Low Value,One-time (1)
2uzhbc1c,2.59,1,1,2.59,Low Value,One-time (1)
6fv7oiy2,2.59,1,1,2.59,Low Value,One-time (1)
7fn7tllx,2.59,1,1,2.59,Low Value,One-time (1)
rmcxabfa,2.59,1,1,2.59,Low Value,One-time (1)
7la5z4m0,2.59,1,1,2.59,Low Value,One-time (1)
jjkg866a,2.59,1,1,2.59,Low Value,One-time (1)
9dfblor8,2.59,1,1,2.59,Low Value,One-time (1)
j98ivl76,2.59,1,1,2.59,Low Value,One-time (1)
c7q8perl,2.59,1,1,2.59,Low Value,One-time (1)
mo76jh78,2.59,1,1,2.59,Low Value,One-time (1)
c9on9flk,2.59,1,1,2.59,Low Value,One-time (1)
o3185gp2,2.59,1,1,2.59,Low Value,One-time (1)
q8b72cje,2.59,1,1,2.59,Low Value,One-time (1)
vlcwxibd,2.59,1,1,2.59,Low Value,One-time (1)
xabmdq3v,2.59,1,1,2.59,Low Value,One-time (1)
o8wuuifi,2.59,1,1,2.59,Low Value,One-time (1)
nf9w5n9c,2.59,1,1,2.59,Low Value,One-time (1)
5c34tds5,2.59,1,1,2.59,Low Value,One-time (1)
3l1nxr80,2.59,1,1,2.59,Low Value,One-time (1)
ou2kwqys,2.59,1,1,2.59,Low Value,One-time (1)
u4icbekm,2.59,1,1,2.59,Low Value,One-time (1)
k6cyzeqk,2.59,1,1,2.59,Low Value,One-time (1)
w27cb3b1,2.59,1,1,2.59,Low Value,One-time (1)
ae42uzrk,2.59,1,1,2.59,Low Value,One-time (1)
eips0sg9,2.59,1,1,2.59,Low Value,One-time (1)
b6jsp1tr,2.59,1,1,2.59,Low Value,One-time (1)
vlveaau4,2.59,1,1,2.59,Low Value,One-time (1)
5sa0v7bz,2.59,1,1,2.59,Low Value,One-time (1)
zix881i7,2.59,1,1,2.59,Low Value,One-time (1)
b5suvu3x,2.59,1,1,2.59,Low Value,One-time (1)
1rt5mgd6,2.58,1,1,2.58,Low Value,One-time (1)
3phupepq,2.58,1,1,2.58,Low Value,One-time (1)
cimqy2sj,2.58,1,1,2.58,Low Value,One-time (1)
12wlv1li,2.58,1,1,2.58,Low Value,One-time (1)
nuce7q3m,2.58,1,1,2.58,Low Value,One-time (1)
b8boulul,2.58,1,1,2.58,Low Value,One-time (1)
xrd5heej,2.58,1,1,2.58,Low Value,One-time (1)
buw6n55r,2.58,1,1,2.58,Low Value,One-time (1)
81uhk3up,2.58,1,1,2.58,Low Value,One-time (1)
az2ehlrx,2.58,1,1,2.58,Low Value,One-time (1)
a904epxt,2.58,1,1,2.58,Low Value,One-time (1)
gv812hnc,2.58,1,1,2.58,Low Value,One-time (1)
h4qupmbi,2.58,1,1,2.58,Low Value,One-time (1)
uvca6pqo,2.58,1,1,2.58,Low Value,One-time (1)
sj088w00,2.58,1,1,2.58,Low Value,One-time (1)
soloitca,2.58,1,1,2.58,Low Value,One-time (1)
reljto94,2.58,1,1,2.58,Low Value,One-time (1)
nig67ve0,2.58,1,1,2.58,Low Value,One-time (1)
fo7c62j2,2.58,1,1,2.58,Low Value,One-time (1)
516j8blf,2.58,1,1,2.58,Low Value,One-time (1)
wvhevuit,2.58,1,1,2.58,Low Value,One-time (1)
aqosnhr5,2.58,1,1,2.58,Low Value,One-time (1)
vhop769t,2.58,1,1,2.58,Low Value,One-time (1)
x7j6pb4x,2.58,1,1,2.58,Low Value,One-time (1)
0qy9hz8t,2.58,1,1,2.58,Low Value,One-time (1)
b673vfbv,2.58,1,1,2.58,Low Value,One-time (1)
96yl1s9o,2.58,1,1,2.58,Low Value,One-time (1)
jrkhe0sd,2.58,1,1,2.58,Low Value,One-time (1)
r5p0wezm,2.58,1,1,2.58,Low Value,One-time (1)
vghuq8z6,2.58,1,1,2.58,Low Value,One-time (1)
ft9zzcgl,2.58,1,1,2.58,Low Value,One-time (1)
axbzvqiq,2.58,1,1,2.58,Low Value,One-time (1)
d6qc196i,2.58,1,1,2.58,Low Value,One-time (1)
cd0neyg9,2.58,1,1,2.58,Low Value,One-time (1)
p0huf1yt,2.58,1,1,2.58,Low Value,One-time (1)
3d2jb0ni,2.57,1,1,2.57,Low Value,One-time (1)
ceo6649k,2.57,1,1,2.57,Low Value,One-time (1)
7gysuxkv,2.57,1,1,2.57,Low Value,One-time (1)
6fytawww,2.57,1,1,2.57,Low Value,One-time (1)
a64q7knj,2.57,1,1,2.57,Low Value,One-time (1)
mqvcc8p7,2.57,1,1,2.57,Low Value,One-time (1)
mothjtxz,2.57,1,1,2.57,Low Value,One-time (1)
g6n09vvw,2.57,1,1,2.57,Low Value,One-time (1)
5sbjc4r5,2.57,1,1,2.57,Low Value,One-time (1)
78idu4dx,2.57,1,1,2.57,Low Value,One-time (1)
dxdf6yv2,2.57,1,1,2.57,Low Value,One-time (1)
bdoeoxkj,2.57,1,1,2.57,Low Value,One-time (1)
dls7hgh5,2.57,1,1,2.57,Low Value,One-time (1)
u7h7buqi,2.57,1,1,2.57,Low Value,One-time (1)
dep6vueo,2.56,1,1,2.56,Low Value,One-time (1)
zy9kotaw,2.56,1,1,2.56,Low Value,One-time (1)
o59ata5n,2.56,1,1,2.56,Low Value,One-time (1)
1n9zbn2d,2.56,1,1,2.56,Low Value,One-time (1)
l3u8il9j,2.56,1,1,2.56,Low Value,One-time (1)
ggivu1db,2.56,1,1,2.56,Low Value,One-time (1)
8eekdkow,2.56,1,1,2.56,Low Value,One-time (1)
xjcha3ie,2.56,1,1,2.56,Low Value,One-time (1)
6h3kjvcg,2.56,1,1,2.56,Low Value,One-time (1)
wpf4cuwx,2.56,1,1,2.56,Low Value,One-time (1)
lbenfnx1,2.56,1,1,2.56,Low Value,One-time (1)
zwiczqx6,2.56,1,1,2.56,Low Value,One-time (1)
6ljqv270,2.56,1,1,2.56,Low Value,One-time (1)
z772xi9j,2.56,1,1,2.56,Low Value,One-time (1)
zcq0cvl0,2.56,1,1,2.56,Low Value,One-time (1)
bkp9ebye,2.56,1,1,2.56,Low Value,One-time (1)
x7yc8py5,2.56,1,1,2.56,Low Value,One-time (1)
4kpfnwj2,2.56,1,1,2.56,Low Value,One-time (1)
53k8wj48,2.56,1,1,2.56,Low Value,One-time (1)
8r9pd26a,2.56,1,1,2.56,Low Value,One-time (1)
bpn2lebx,2.56,1,1,2.56,Low Value,One-time (1)
pfb347ae,2.56,1,1,2.56,Low Value,One-time (1)
6if31d2o,2.56,1,1,2.56,Low Value,One-time (1)
y9tlenzt,2.56,1,1,2.56,Low Value,One-time (1)
2iscyqa7,2.56,1,1,2.56,Low Value,One-time (1)
bdzji8s6,2.56,1,1,2.56,Low Value,One-time (1)
1jevpwbi,2.56,1,1,2.56,Low Value,One-time (1)
hztay12y,2.56,1,1,2.56,Low Value,One-time (1)
wq0f508z,2.55,1,1,2.55,Low Value,One-time (1)
gl34r1x7,2.55,1,1,2.55,Low Value,One-time (1)
wukeqq6r,2.55,1,1,2.55,Low Value,One-time (1)
b0f3eheu,2.55,1,1,2.55,Low Value,One-time (1)
5ubp7ee6,2.55,1,1,2.55,Low Value,One-time (1)
g2j4ojd3,2.55,1,1,2.55,Low Value,One-time (1)
b6tscnzo,2.55,1,1,2.55,Low Value,One-time (1)
ycy7v52o,2.55,1,1,2.55,Low Value,One-time (1)
12xppgfe,2.55,1,1,2.55,Low Value,One-time (1)
asfc7ih8,2.55,1,1,2.55,Low Value,One-time (1)
xfvvbn63,2.55,1,1,2.55,Low Value,One-time (1)
ofyyo83e,2.55,1,1,2.55,Low Value,One-time (1)
1iwzy01h,2.55,1,1,2.55,Low Value,One-time (1)
g4t1eon2,2.55,1,1,2.55,Low Value,One-time (1)
17e95ua8,2.55,1,1,2.55,Low Value,One-time (1)
ffkhdiu1,2.55,1,1,2.55,Low Value,One-time (1)
pw6oy1fx,2.55,1,1,2.55,Low Value,One-time (1)
q0e7e2aw,2.55,1,1,2.55,Low Value,One-time (1)
0yknfu84,2.55,1,1,2.55,Low Value,One-time (1)
xq1vp90p,2.55,1,1,2.55,Low Value,One-time (1)
beye0ncs,2.55,1,1,2.55,Low Value,One-time (1)
1q9r1idd,2.55,1,1,2.55,Low Value,One-time (1)
wjcinfi2,2.55,1,1,2.55,Low Value,One-time (1)
fqcd1d36,2.55,1,1,2.55,Low Value,One-time (1)
gu5d922h,2.55,1,1,2.55,Low Value,One-time (1)
uoerqugs,2.55,1,1,2.55,Low Value,One-time (1)
h334fd2a,2.55,1,1,2.55,Low Value,One-time (1)
7fxz6kn9,2.55,1,1,2.55,Low Value,One-time (1)
j3a6jhwi,2.55,1,1,2.55,Low Value,One-time (1)
j5ehs9gr,2.55,1,1,2.55,Low Value,One-time (1)
agftyiap,2.55,1,1,2.55,Low Value,One-time (1)
qnwzaz9t,2.55,1,1,2.55,Low Value,One-time (1)
34r0oges,2.55,1,1,2.55,Low Value,One-time (1)
751x9zw7,2.55,1,1,2.55,Low Value,One-time (1)
6vvhc0sj,2.55,1,1,2.55,Low Value,One-time (1)
qox4p4i4,2.55,1,1,2.55,Low Value,One-time (1)
9c5i3z9x,2.55,1,1,2.55,Low Value,One-time (1)
mtlcc9i3,2.55,1,1,2.55,Low Value,One-time (1)
elowjqjb,2.55,1,1,2.55,Low Value,One-time (1)
oatr9zsh,2.55,1,1,2.55,Low Value,One-time (1)
smbfb02a,2.55,1,1,2.55,Low Value,One-time (1)
hfgivtuo,2.55,1,1,2.55,Low Value,One-time (1)
ljxxd7j4,2.55,1,1,2.55,Low Value,One-time (1)
8z4mb6yc,2.55,1,1,2.55,Low Value,One-time (1)
3k3ivbes,2.55,1,1,2.55,Low Value,One-time (1)
ddwg0wyl,2.55,1,1,2.55,Low Value,One-time (1)
hlz50r4r,2.55,1,1,2.55,Low Value,One-time (1)
aflqvz5v,2.55,1,1,2.55,Low Value,One-time (1)
yta87vvp,2.55,1,1,2.55,Low Value,One-time (1)
mjdimbm2,2.55,1,1,2.55,Low Value,One-time (1)
vl94ez3r,2.55,1,1,2.55,Low Value,One-time (1)
2mqh6n04,2.55,1,1,2.55,Low Value,One-time (1)
4s3lwb3d,2.55,1,1,2.55,Low Value,One-time (1)
2nqxlpfi,2.55,1,1,2.55,Low Value,One-time (1)
qgeoxn40,2.55,1,1,2.55,Low Value,One-time (1)
ehdvgvhg,2.55,1,1,2.55,Low Value,One-time (1)
vd3l9dyr,2.55,1,1,2.55,Low Value,One-time (1)
iz0mqgwh,2.55,1,1,2.55,Low Value,One-time (1)
5l4o65ul,2.55,1,1,2.55,Low Value,One-time (1)
hplvxfpv,2.55,1,1,2.55,Low Value,One-time (1)
m2v1qs7j,2.55,1,1,2.55,Low Value,One-time (1)
ik3rlahz,2.55,1,1,2.55,Low Value,One-time (1)
pbsga5co,2.55,1,1,2.55,Low Value,One-time (1)
ect8f0py,2.55,1,1,2.55,Low Value,One-time (1)
is5pfixi,2.55,1,1,2.55,Low Value,One-time (1)
wc1u12nn,2.55,1,1,2.55,Low Value,One-time (1)
7s6r3flw,2.55,1,1,2.55,Low Value,One-time (1)
qx8h9wp4,2.55,1,1,2.55,Low Value,One-time (1)
tja38kxp,2.55,1,1,2.55,Low Value,One-time (1)
npsv8dkm,2.55,1,1,2.55,Low Value,One-time (1)
zde66162,2.55,1,1,2.55,Low Value,One-time (1)
8ds03vna,2.55,1,1,2.55,Low Value,One-time (1)
sw56385w,2.55,1,1,2.55,Low Value,One-time (1)
8i3gfarz,2.55,1,1,2.55,Low Value,One-time (1)
n4pggnsf,2.55,1,1,2.55,Low Value,One-time (1)
n55saxf9,2.55,1,1,2.55,Low Value,One-time (1)
725b1vd7,2.55,1,1,2.55,Low Value,One-time (1)
0b4p295v,2.55,1,1,2.55,Low Value,One-time (1)
swgubwl3,2.55,1,1,2.55,Low Value,One-time (1)
8knoh81g,2.55,1,1,2.55,Low Value,One-time (1)
n4yitmce,2.55,1,1,2.55,Low Value,One-time (1)
7fb1a8fh,2.55,1,1,2.55,Low Value,One-time (1)
fcj0p9f4,2.54,1,1,2.54,Low Value,One-time (1)
8vfjtszg,2.54,1,1,2.54,Low Value,One-time (1)
y9afa3rn,2.54,1,1,2.54,Low Value,One-time (1)
y2967a2i,2.54,1,1,2.54,Low Value,One-time (1)
pyed21cn,2.54,1,1,2.54,Low Value,One-time (1)
zq1nvi3m,2.54,1,1,2.54,Low Value,One-time (1)
zn9ymlpu,2.54,1,1,2.54,Low Value,One-time (1)
n92fyiqc,2.54,1,1,2.54,Low Value,One-time (1)
bfvpijaw,2.54,1,1,2.54,Low Value,One-time (1)
5dht5g7h,2.54,1,1,2.54,Low Value,One-time (1)
zddjhd68,2.54,1,1,2.54,Low Value,One-time (1)
hqc711ux,2.54,1,1,2.54,Low Value,One-time (1)
c12d5qii,2.54,1,1,2.54,Low Value,One-time (1)
07259av0,2.54,1,1,2.54,Low Value,One-time (1)
k0j7tupk,2.54,1,1,2.54,Low Value,One-time (1)
a7hse09m,2.54,1,1,2.54,Low Value,One-time (1)
chrxpuh8,2.54,1,1,2.54,Low Value,One-time (1)
k3wr2xth,2.54,1,1,2.54,Low Value,One-time (1)
twttzsas,2.54,1,1,2.54,Low Value,One-time (1)
fhl4b5lw,2.54,1,1,2.54,Low Value,One-time (1)
7uewoguh,2.54,1,1,2.54,Low Value,One-time (1)
f6cf45fo,2.54,1,1,2.54,Low Value,One-time (1)
0zmuy69q,2.54,1,1,2.54,Low Value,One-time (1)
xywmgvvp,2.54,1,1,2.54,Low Value,One-time (1)
z6azvnea,2.54,1,1,2.54,Low Value,One-time (1)
gshc9mve,2.54,1,1,2.54,Low Value,One-time (1)
y1sxoc3x,2.54,1,1,2.54,Low Value,One-time (1)
ri95t5hw,2.54,1,1,2.54,Low Value,One-time (1)
o3w9othu,2.54,1,1,2.54,Low Value,One-time (1)
5pas653p,2.54,1,1,2.54,Low Value,One-time (1)
x4t19bke,2.54,1,1,2.54,Low Value,One-time (1)
g4f6hbm1,2.54,1,1,2.54,Low Value,One-time (1)
4lg84gws,2.54,1,1,2.54,Low Value,One-time (1)
w39vnd5a,2.54,1,1,2.54,Low Value,One-time (1)
na7ogpjv,2.53,1,1,2.53,Low Value,One-time (1)
42iwpvys,2.53,1,1,2.53,Low Value,One-time (1)
d2rvfikp,2.53,1,1,2.53,Low Value,One-time (1)
qem9ohsy,2.53,1,1,2.53,Low Value,One-time (1)
9ia6o015,2.53,1,1,2.53,Low Value,One-time (1)
66q8i2ay,2.53,1,1,2.53,Low Value,One-time (1)
ohtt2ttd,2.53,1,1,2.53,Low Value,One-time (1)
qr21udxa,2.53,1,1,2.53,Low Value,One-time (1)
qdlcsj03,2.52,1,1,2.52,Low Value,One-time (1)
m4wyit79,2.52,1,1,2.52,Low Value,One-time (1)
zlj2a5gb,2.51,1,1,2.51,Low Value,One-time (1)
ku5vcnrx,2.51,1,1,2.51,Low Value,One-time (1)
50xw6rb6,2.51,1,1,2.51,Low Value,One-time (1)
942e9z0b,2.5,1,1,2.5,Low Value,One-time (1)
xf3g1faf,2.5,1,1,2.5,Low Value,One-time (1)
0apotxtf,2.5,1,1,2.5,Low Value,One-time (1)
4cdftunt,2.5,1,1,2.5,Low Value,One-time (1)
3xhqekac,2.5,1,1,2.5,Low Value,One-time (1)
88cqqvg7,2.5,1,1,2.5,Low Value,One-time (1)
srhx6nei,2.5,1,1,2.5,Low Value,One-time (1)
91ieo974,2.5,1,1,2.5,Low Value,One-time (1)
2ohjxti8,2.5,1,1,2.5,Low Value,One-time (1)
z74jatu8,2.5,1,1,2.5,Low Value,One-time (1)
9yexbcyx,2.5,1,1,2.5,Low Value,One-time (1)
g1342tmy,2.5,1,1,2.5,Low Value,One-time (1)
u2sjr4x4,2.5,1,1,2.5,Low Value,One-time (1)
6smrb9ka,2.5,1,1,2.5,Low Value,One-time (1)
8zovrmkj,2.5,1,1,2.5,Low Value,One-time (1)
7u6k6xom,2.5,1,1,2.5,Low Value,One-time (1)
a3dmgyhq,2.5,1,1,2.5,Low Value,One-time (1)
wusdpeb5,2.5,1,1,2.5,Low Value,One-time (1)
r5n8rbe8,2.5,1,1,2.5,Low Value,One-time (1)
956z8mcu,2.5,1,1,2.5,Low Value,One-time (1)
m8jbvx9k,2.5,1,1,2.5,Low Value,One-time (1)
dlvn3ktz,2.5,1,1,2.5,Low Value,One-time (1)
9omfl1ef,2.5,1,1,2.5,Low Value,One-time (1)
05xny1ir,2.5,1,1,2.5,Low Value,One-time (1)
4ii5h05c,2.5,1,1,2.5,Low Value,One-time (1)
37tdggnf,2.5,1,1,2.5,Low Value,One-time (1)
89y8b8qt,2.5,1,1,2.5,Low Value,One-time (1)
be8bm6hc,2.5,1,1,2.5,Low Value,One-time (1)
ck7mhgt3,2.5,1,1,2.5,Low Value,One-time (1)
9dy4mdv2,2.5,1,1,2.5,Low Value,One-time (1)
6wbq51vj,2.5,1,1,2.5,Low Value,One-time (1)
99w3bhub,2.5,1,1,2.5,Low Value,One-time (1)
ss7i4piz,2.5,1,1,2.5,Low Value,One-time (1)
iiggnk5p,2.5,1,1,2.5,Low Value,One-time (1)
ctekqjwc,2.5,1,1,2.5,Low Value,One-time (1)
2sczsn74,2.5,1,1,2.5,Low Value,One-time (1)
8vy157xb,2.5,1,1,2.5,Low Value,One-time (1)
2r4t457k,2.5,1,1,2.5,Low Value,One-time (1)
tvmjvsif,2.5,1,1,2.5,Low Value,One-time (1)
wztatr74,2.5,1,1,2.5,Low Value,One-time (1)
l90jv2hk,2.5,1,1,2.5,Low Value,One-time (1)
cmevc3y2,2.5,1,1,2.5,Low Value,One-time (1)
w5fknjmv,2.5,1,1,2.5,Low Value,One-time (1)
rr8n6ufx,2.5,1,1,2.5,Low Value,One-time (1)
qfjnwr3s,2.5,1,1,2.5,Low Value,One-time (1)
17i2cdfu,2.5,1,1,2.5,Low Value,One-time (1)
22ouwb3j,2.5,1,1,2.5,Low Value,One-time (1)
nb6nhi6j,2.5,1,1,2.5,Low Value,One-time (1)
hg4gbyde,2.5,1,1,2.5,Low Value,One-time (1)
ooxk0lpd,2.5,1,1,2.5,Low Value,One-time (1)
0y052ilq,2.5,1,1,2.5,Low Value,One-time (1)
r6qvc1el,2.5,1,1,2.5,Low Value,One-time (1)
hi4x91yf,2.5,1,1,2.5,Low Value,One-time (1)
ahibuc2q,2.5,1,1,2.5,Low Value,One-time (1)
fq5eqfdy,2.5,1,1,2.5,Low Value,One-time (1)
cxl7jaml,2.5,1,1,2.5,Low Value,One-time (1)
7idu8mwl,2.5,1,1,2.5,Low Value,One-time (1)
vjcp60c9,2.49,1,1,2.49,Low Value,One-time (1)
92779y2i,2.49,1,1,2.49,Low Value,One-time (1)
if33cjyh,2.49,1,1,2.49,Low Value,One-time (1)
zh0m87ad,2.49,1,1,2.49,Low Value,One-time (1)
cyn24w5h,2.49,1,1,2.49,Low Value,One-time (1)
yrns47xr,2.49,1,1,2.49,Low Value,One-time (1)
xmcmxobv,2.49,1,1,2.49,Low Value,One-time (1)
wk80d7bd,2.49,1,1,2.49,Low Value,One-time (1)
h7d09316,2.49,1,1,2.49,Low Value,One-time (1)
h2lapfp8,2.49,1,1,2.49,Low Value,One-time (1)
3bqazgq1,2.49,1,1,2.49,Low Value,One-time (1)
z0u16u2b,2.49,1,1,2.49,Low Value,One-time (1)
fsmfj2h5,2.48,1,1,2.48,Low Value,One-time (1)
qd8jcpix,2.48,1,1,2.48,Low Value,One-time (1)
3cqgs66q,2.48,1,1,2.48,Low Value,One-time (1)
2w2xzt21,2.48,1,1,2.48,Low Value,One-time (1)
37vm704e,2.48,1,1,2.48,Low Value,One-time (1)
cxwo31ax,2.48,1,1,2.48,Low Value,One-time (1)
hhm51azd,2.48,1,1,2.48,Low Value,One-time (1)
nq0irbdr,2.48,1,1,2.48,Low Value,One-time (1)
fzmltbic,2.48,1,1,2.48,Low Value,One-time (1)
kpsp59d5,2.48,1,1,2.48,Low Value,One-time (1)
rdnc3qbu,2.48,1,1,2.48,Low Value,One-time (1)
lmlc8sbc,2.48,1,1,2.48,Low Value,One-time (1)
6w8r61z8,2.48,1,1,2.48,Low Value,One-time (1)
o925nhn0,2.48,1,1,2.48,Low Value,One-time (1)
j9i796w0,2.48,1,1,2.48,Low Value,One-time (1)
uqfal1wb,2.48,1,1,2.48,Low Value,One-time (1)
tzlw4hpi,2.48,1,1,2.48,Low Value,One-time (1)
ow8dt8cq,2.48,1,1,2.48,Low Value,One-time (1)
rxl4yojn,2.48,1,1,2.48,Low Value,One-time (1)
j5drxgii,2.48,1,1,2.48,Low Value,One-time (1)
qzshk64u,2.48,1,1,2.48,Low Value,One-time (1)
1xyirxfj,2.48,1,1,2.48,Low Value,One-time (1)
wcoq1kkq,2.48,1,1,2.48,Low Value,One-time (1)
chk0a754,2.48,1,1,2.48,Low Value,One-time (1)
4gsqw6bx,2.48,1,1,2.48,Low Value,One-time (1)
2lo0q18o,2.48,1,1,2.48,Low Value,One-time (1)
yc3s0dpj,2.48,1,1,2.48,Low Value,One-time (1)
6bzuisiz,2.48,1,1,2.48,Low Value,One-time (1)
oe4bwu13,2.48,1,1,2.48,Low Value,One-time (1)
keid4que,2.48,1,1,2.48,Low Value,One-time (1)
h3q35ltq,2.48,1,1,2.48,Low Value,One-time (1)
9089xndb,2.48,1,1,2.48,Low Value,One-time (1)
q1vqswdr,2.47,1,1,2.47,Low Value,One-time (1)
ee7ivx7x,2.47,1,1,2.47,Low Value,One-time (1)
lwbncrq8,2.47,1,1,2.47,Low Value,One-time (1)
pj4x6n0s,2.47,1,1,2.47,Low Value,One-time (1)
6wqhtl8w,2.47,1,1,2.47,Low Value,One-time (1)
99h4bugi,2.47,1,1,2.47,Low Value,One-time (1)
159z9866,2.47,1,1,2.47,Low Value,One-time (1)
gemnidpv,2.47,1,1,2.47,Low Value,One-time (1)
v5a9kkkk,2.47,1,1,2.47,Low Value,One-time (1)
xcq7tazv,2.47,1,1,2.47,Low Value,One-time (1)
dew4lhdq,2.47,1,1,2.47,Low Value,One-time (1)
u9xvfxu9,2.47,1,1,2.47,Low Value,One-time (1)
5elrezmf,2.47,1,1,2.47,Low Value,One-time (1)
wzy36gb9,2.47,1,1,2.47,Low Value,One-time (1)
bn64h9pj,2.47,1,1,2.47,Low Value,One-time (1)
btv5jm9r,2.47,1,1,2.47,Low Value,One-time (1)
075kdl7v,2.47,1,1,2.47,Low Value,One-time (1)
4chnhwhd,2.47,1,1,2.47,Low Value,One-time (1)
j27vpez0,2.47,1,1,2.47,Low Value,One-time (1)
2i2lm072,2.47,1,1,2.47,Low Value,One-time (1)
w8uspyz1,2.47,1,1,2.47,Low Value,One-time (1)
xk572lc3,2.47,1,1,2.47,Low Value,One-time (1)
eho032lb,2.47,1,1,2.47,Low Value,One-time (1)
zok71gmw,2.46,1,1,2.46,Low Value,One-time (1)
6mkt5pk6,2.46,1,1,2.46,Low Value,One-time (1)
7nas5giv,2.46,1,1,2.46,Low Value,One-time (1)
09e7swbq,2.46,1,1,2.46,Low Value,One-time (1)
zj5uh12r,2.46,1,1,2.46,Low Value,One-time (1)
lt86a74u,2.46,1,1,2.46,Low Value,One-time (1)
n8idn48w,2.46,1,1,2.46,Low Value,One-time (1)
7lt37guw,2.46,1,1,2.46,Low Value,One-time (1)
38hrrmji,2.46,1,1,2.46,Low Value,One-time (1)
jeham9fi,2.46,1,1,2.46,Low Value,One-time (1)
nxsou2vw,2.46,1,1,2.46,Low Value,One-time (1)
ojw4q0tc,2.46,1,1,2.46,Low Value,One-time (1)
0lemolca,2.46,1,1,2.46,Low Value,One-time (1)
f63s4ueq,2.46,1,1,2.46,Low Value,One-time (1)
rdyw68r3,2.46,1,1,2.46,Low Value,One-time (1)
secep9vq,2.46,1,1,2.46,Low Value,One-time (1)
e6i1dnhl,2.46,1,1,2.46,Low Value,One-time (1)
nrm8ctvm,2.46,1,1,2.46,Low Value,One-time (1)
fy5c361o,2.46,1,1,2.46,Low Value,One-time (1)
4f1eo4w4,2.46,1,1,2.46,Low Value,One-time (1)
lqhg864x,2.46,1,1,2.46,Low Value,One-time (1)
sscctepz,2.46,1,1,2.46,Low Value,One-time (1)
u2tz4g48,2.46,1,1,2.46,Low Value,One-time (1)
x6cwzxsk,2.46,1,1,2.46,Low Value,One-time (1)
cq9dbt6t,2.46,1,1,2.46,Low Value,One-time (1)
qdrze0my,2.46,1,1,2.46,Low Value,One-time (1)
kdt6tjsk,2.46,1,1,2.46,Low Value,One-time (1)
1od787vn,2.46,1,1,2.46,Low Value,One-time (1)
4zuadjc6,2.46,1,1,2.46,Low Value,One-time (1)
dirl481x,2.46,1,1,2.46,Low Value,One-time (1)
niwzysuh,2.46,1,1,2.46,Low Value,One-time (1)
8yokwcim,2.46,1,1,2.46,Low Value,One-time (1)
3kj23ejm,2.46,1,1,2.46,Low Value,One-time (1)
73n85np6,2.46,1,1,2.46,Low Value,One-time (1)
8yi34e84,2.46,1,1,2.46,Low Value,One-time (1)
dxghk8w6,2.46,1,1,2.46,Low Value,One-time (1)
xvtko6so,2.46,1,1,2.46,Low Value,One-time (1)
h0vo3yuk,2.46,1,1,2.46,Low Value,One-time (1)
kb3nk40o,2.46,1,1,2.46,Low Value,One-time (1)
pwuee9z3,2.46,1,1,2.46,Low Value,One-time (1)
mxils76h,2.46,1,1,2.46,Low Value,One-time (1)
9bhwpfng,2.46,1,1,2.46,Low Value,One-time (1)
k0nlt0fa,2.46,1,1,2.46,Low Value,One-time (1)
skxybyo1,2.46,1,1,2.46,Low Value,One-time (1)
5eq2zxlh,2.46,1,1,2.46,Low Value,One-time (1)
c157ocbp,2.46,1,1,2.46,Low Value,One-time (1)
nm1l3kve,2.46,1,1,2.46,Low Value,One-time (1)
8t9l3bku,2.46,1,1,2.46,Low Value,One-time (1)
hhg3fmbr,2.46,1,1,2.46,Low Value,One-time (1)
u8uderq0,2.46,1,1,2.46,Low Value,One-time (1)
96a0sbe0,2.46,1,1,2.46,Low Value,One-time (1)
kfqh16mn,2.46,1,1,2.46,Low Value,One-time (1)
6it1ekkh,2.46,1,1,2.46,Low Value,One-time (1)
hg618921,2.46,1,1,2.46,Low Value,One-time (1)
jybahlsp,2.46,1,1,2.46,Low Value,One-time (1)
ovgj42xg,2.46,1,1,2.46,Low Value,One-time (1)
u54m0nue,2.46,1,1,2.46,Low Value,One-time (1)
aj9qkmyt,2.46,1,1,2.46,Low Value,One-time (1)
cqgj9uym,2.46,1,1,2.46,Low Value,One-time (1)
6z57nw7b,2.46,1,1,2.46,Low Value,One-time (1)
aizwvb90,2.46,1,1,2.46,Low Value,One-time (1)
33ink13f,2.46,1,1,2.46,Low Value,One-time (1)
4h3i1ev3,2.46,1,1,2.46,Low Value,One-time (1)
ipezjotf,2.46,1,1,2.46,Low Value,One-time (1)
6dxwckqb,2.46,1,1,2.46,Low Value,One-time (1)
vam07sf7,2.46,1,1,2.46,Low Value,One-time (1)
hrbr3j1f,2.46,1,1,2.46,Low Value,One-time (1)
9wypgkuo,2.46,1,1,2.46,Low Value,One-time (1)
ifkctu80,2.46,1,1,2.46,Low Value,One-time (1)
aon59g11,2.46,1,1,2.46,Low Value,One-time (1)
f6ywi1va,2.46,1,1,2.46,Low Value,One-time (1)
s5jgdf2s,2.46,1,1,2.46,Low Value,One-time (1)
s5sv84ly,2.46,1,1,2.46,Low Value,One-time (1)
vyvjdo70,2.46,1,1,2.46,Low Value,One-time (1)
rqkutvs8,2.46,1,1,2.46,Low Value,One-time (1)
6udaeud6,2.46,1,1,2.46,Low Value,One-time (1)
g5izoamp,2.46,1,1,2.46,Low Value,One-time (1)
hpjxcbha,2.46,1,1,2.46,Low Value,One-time (1)
8fkz45xt,2.46,1,1,2.46,Low Value,One-time (1)
m22xvrq7,2.46,1,1,2.46,Low Value,One-time (1)
wfd2g6le,2.46,1,1,2.46,Low Value,One-time (1)
xoexl50o,2.46,1,1,2.46,Low Value,One-time (1)
m1d2jv5o,2.46,1,1,2.46,Low Value,One-time (1)
9r6w8fk2,2.46,1,1,2.46,Low Value,One-time (1)
wf0lug6k,2.46,1,1,2.46,Low Value,One-time (1)
t65kcv2o,2.46,1,1,2.46,Low Value,One-time (1)
bcjp7auv,2.46,1,1,2.46,Low Value,One-time (1)
wpyylm2t,2.46,1,1,2.46,Low Value,One-time (1)
cunppuyx,2.46,1,1,2.46,Low Value,One-time (1)
d7lqg55f,2.46,1,1,2.46,Low Value,One-time (1)
vo38x14m,2.46,1,1,2.46,Low Value,One-time (1)
yqr0mdw6,2.46,1,1,2.46,Low Value,One-time (1)
pfyo0jlk,2.46,1,1,2.46,Low Value,One-time (1)
n5l52a3h,2.46,1,1,2.46,Low Value,One-time (1)
7punlp8e,2.46,1,1,2.46,Low Value,One-time (1)
zf9exnxy,2.46,1,1,2.46,Low Value,One-time (1)
i794aysq,2.46,1,1,2.46,Low Value,One-time (1)
xqgvd4h1,2.46,1,1,2.46,Low Value,One-time (1)
g6ulp6wz,2.46,1,1,2.46,Low Value,One-time (1)
pdgvwzk8,2.46,1,1,2.46,Low Value,One-time (1)
eiapqz07,2.46,1,1,2.46,Low Value,One-time (1)
8jfy7kbg,2.46,1,1,2.46,Low Value,One-time (1)
mk2fuebr,2.46,1,1,2.46,Low Value,One-time (1)
ybbq8z1p,2.46,1,1,2.46,Low Value,One-time (1)
m8n13did,2.46,1,1,2.46,Low Value,One-time (1)
h44mzpau,2.46,1,1,2.46,Low Value,One-time (1)
ori1km41,2.46,1,1,2.46,Low Value,One-time (1)
6cd6izf0,2.46,1,1,2.46,Low Value,One-time (1)
0zvhj255,2.46,1,1,2.46,Low Value,One-time (1)
aoi8psbb,2.46,1,1,2.46,Low Value,One-time (1)
9uz3kzj9,2.46,1,1,2.46,Low Value,One-time (1)
3riz56o9,2.46,1,1,2.46,Low Value,One-time (1)
hmzf1r5t,2.46,1,1,2.46,Low Value,One-time (1)
ebr49bmo,2.46,1,1,2.46,Low Value,One-time (1)
uxjh938d,2.46,1,1,2.46,Low Value,One-time (1)
xnbklokr,2.46,1,1,2.46,Low Value,One-time (1)
1151fmd3,2.46,1,1,2.46,Low Value,One-time (1)
ipfx5a7g,2.46,1,1,2.46,Low Value,One-time (1)
lx3dxd36,2.46,1,1,2.46,Low Value,One-time (1)
b1rocw1y,2.46,1,1,2.46,Low Value,One-time (1)
kl569s0j,2.46,1,1,2.46,Low Value,One-time (1)
6gzbs39f,2.46,1,1,2.46,Low Value,One-time (1)
32qn0hum,2.46,1,1,2.46,Low Value,One-time (1)
0d86a1qz,2.46,1,1,2.46,Low Value,One-time (1)
330salkj,2.46,1,1,2.46,Low Value,One-time (1)
z0fd4cih,2.46,1,1,2.46,Low Value,One-time (1)
gb80ri9j,2.46,1,1,2.46,Low Value,One-time (1)
j46n6e0e,2.46,1,1,2.46,Low Value,One-time (1)
ott0bmlx,2.46,1,1,2.46,Low Value,One-time (1)
ny0e4a5y,2.46,1,1,2.46,Low Value,One-time (1)
iuptproe,2.46,1,1,2.46,Low Value,One-time (1)
6yt6kmwc,2.46,1,1,2.46,Low Value,One-time (1)
1elst5fn,2.46,1,1,2.46,Low Value,One-time (1)
ywel2yft,2.46,1,1,2.46,Low Value,One-time (1)
y4749yqf,2.46,1,1,2.46,Low Value,One-time (1)
m0bpdoov,2.46,1,1,2.46,Low Value,One-time (1)
r7t27rgv,2.46,1,1,2.46,Low Value,One-time (1)
l487bard,2.46,1,1,2.46,Low Value,One-time (1)
g5peimnx,2.45,1,1,2.45,Low Value,One-time (1)
32suh1o5,2.45,1,1,2.45,Low Value,One-time (1)
7dznaxs8,2.45,1,1,2.45,Low Value,One-time (1)
rfi0qe8z,2.45,1,1,2.45,Low Value,One-time (1)
avzcta94,2.45,1,1,2.45,Low Value,One-time (1)
vic9w5jt,2.45,1,1,2.45,Low Value,One-time (1)
royr6ccv,2.45,1,1,2.45,Low Value,One-time (1)
j7cpmrx6,2.45,1,1,2.45,Low Value,One-time (1)
lgxhkjeh,2.45,1,1,2.45,Low Value,One-time (1)
ufb7yew7,2.45,1,1,2.45,Low Value,One-time (1)
1alqimaw,2.45,1,1,2.45,Low Value,One-time (1)
ov6lucgv,2.45,1,1,2.45,Low Value,One-time (1)
4nh6wqg2,2.45,1,1,2.45,Low Value,One-time (1)
g60kiycv,2.45,1,1,2.45,Low Value,One-time (1)
oman9zki,2.45,1,1,2.45,Low Value,One-time (1)
5vlwojtx,2.45,1,1,2.45,Low Value,One-time (1)
jnj66b75,2.45,1,1,2.45,Low Value,One-time (1)
fu7uru8u,2.45,1,1,2.45,Low Value,One-time (1)
5jvsi47a,2.45,1,1,2.45,Low Value,One-time (1)
jpj05uja,2.45,1,1,2.45,Low Value,One-time (1)
6xly09b0,2.45,1,1,2.45,Low Value,One-time (1)
qb2kzyxq,2.45,1,1,2.45,Low Value,One-time (1)
6l1b00t3,2.45,1,1,2.45,Low Value,One-time (1)
00ctx4qy,2.45,1,1,2.45,Low Value,One-time (1)
s70fpyg6,2.45,1,1,2.45,Low Value,One-time (1)
7oba89fa,2.45,1,1,2.45,Low Value,One-time (1)
xwycajqw,2.45,1,1,2.45,Low Value,One-time (1)
hb4odbww,2.45,1,1,2.45,Low Value,One-time (1)
jk5snv0m,2.45,1,1,2.45,Low Value,One-time (1)
hovnjxx5,2.45,1,1,2.45,Low Value,One-time (1)
zpky32or,2.45,1,1,2.45,Low Value,One-time (1)
30vxhe8z,2.45,1,1,2.45,Low Value,One-time (1)
95e4bw27,2.45,1,1,2.45,Low Value,One-time (1)
0pg3duom,2.45,1,1,2.45,Low Value,One-time (1)
o8trgt87,2.45,1,1,2.45,Low Value,One-time (1)
p4gqitsn,2.45,1,1,2.45,Low Value,One-time (1)
0phyyd58,2.45,1,1,2.45,Low Value,One-time (1)
evlkvan6,2.45,1,1,2.45,Low Value,One-time (1)
yyj1fsqh,2.45,1,1,2.45,Low Value,One-time (1)
jdovr6zb,2.45,1,1,2.45,Low Value,One-time (1)
w209kyzq,2.45,1,1,2.45,Low Value,One-time (1)
eyq50vz7,2.45,1,1,2.45,Low Value,One-time (1)
rrz19nrm,2.45,1,1,2.45,Low Value,One-time (1)
s64c64j5,2.45,1,1,2.45,Low Value,One-time (1)
56ja4j5q,2.45,1,1,2.45,Low Value,One-time (1)
qbb3xmdk,2.45,1,1,2.45,Low Value,One-time (1)
78ion0rs,2.45,1,1,2.45,Low Value,One-time (1)
70bvbgcl,2.45,1,1,2.45,Low Value,One-time (1)
moshgcln,2.44,1,1,2.44,Low Value,One-time (1)
8qkkc9g4,2.43,1,1,2.43,Low Value,One-time (1)
yh84dxeu,2.43,1,1,2.43,Low Value,One-time (1)
rvauxad2,2.43,1,1,2.43,Low Value,One-time (1)
hygsupej,2.43,1,1,2.43,Low Value,One-time (1)
hp7h89zg,2.43,1,1,2.43,Low Value,One-time (1)
d9i3ok26,2.43,1,1,2.43,Low Value,One-time (1)
bvubxcjt,2.43,1,1,2.43,Low Value,One-time (1)
eda8cwrh,2.42,1,1,2.42,Low Value,One-time (1)
l7wwu985,2.42,1,1,2.42,Low Value,One-time (1)
toubmmsz,2.42,1,1,2.42,Low Value,One-time (1)
hkacuveo,2.42,1,1,2.42,Low Value,One-time (1)
iz8mxedj,2.42,1,1,2.42,Low Value,One-time (1)
6zsmwopj,2.42,1,1,2.42,Low Value,One-time (1)
scigkrch,2.42,1,1,2.42,Low Value,One-time (1)
8mmjmxpu,2.42,1,1,2.42,Low Value,One-time (1)
sz9ulpnl,2.42,1,1,2.42,Low Value,One-time (1)
t0bqg11s,2.42,1,1,2.42,Low Value,One-time (1)
pqechmqs,2.42,1,1,2.42,Low Value,One-time (1)
76oue4ah,2.42,1,1,2.42,Low Value,One-time (1)
rp23q94f,2.42,1,1,2.42,Low Value,One-time (1)
sb9zlcv4,2.42,1,1,2.42,Low Value,One-time (1)
yme6rpkz,2.42,1,1,2.42,Low Value,One-time (1)
m0d80629,2.42,1,1,2.42,Low Value,One-time (1)
tepnqebj,2.42,1,1,2.42,Low Value,One-time (1)
2vpffq1x,2.42,1,1,2.42,Low Value,One-time (1)
imvtm9oj,2.42,1,1,2.42,Low Value,One-time (1)
s5buuqfj,2.42,1,1,2.42,Low Value,One-time (1)
ad3ezuoi,2.42,1,1,2.42,Low Value,One-time (1)
fad1kb3p,2.42,1,1,2.42,Low Value,One-time (1)
fjyi7o8i,2.42,1,1,2.42,Low Value,One-time (1)
7n05s7ud,2.42,1,1,2.42,Low Value,One-time (1)
zehp0jp6,2.42,1,1,2.42,Low Value,One-time (1)
blnos3gq,2.42,1,1,2.42,Low Value,One-time (1)
3kiq6mwr,2.42,1,1,2.42,Low Value,One-time (1)
r6f4s0d3,2.42,1,1,2.42,Low Value,One-time (1)
7q6gjg27,2.42,1,1,2.42,Low Value,One-time (1)
bzychodo,2.42,1,1,2.42,Low Value,One-time (1)
0za3ejut,2.42,1,1,2.42,Low Value,One-time (1)
qzqq24wd,2.42,1,1,2.42,Low Value,One-time (1)
89svdz7f,2.42,1,1,2.42,Low Value,One-time (1)
rst9h8lk,2.42,1,1,2.42,Low Value,One-time (1)
zzaqxhij,2.42,1,1,2.42,Low Value,One-time (1)
3pisslee,2.42,1,1,2.42,Low Value,One-time (1)
7v2h3ofu,2.42,1,1,2.42,Low Value,One-time (1)
dk739nxz,2.42,1,1,2.42,Low Value,One-time (1)
nlas9xfb,2.42,1,1,2.42,Low Value,One-time (1)
bez6e2en,2.42,1,1,2.42,Low Value,One-time (1)
98om5sxh,2.42,1,1,2.42,Low Value,One-time (1)
xsr0jrqq,2.42,1,1,2.42,Low Value,One-time (1)
n3irhf2k,2.42,1,1,2.42,Low Value,One-time (1)
egreg8hk,2.42,1,1,2.42,Low Value,One-time (1)
lu8v2blz,2.42,1,1,2.42,Low Value,One-time (1)
v9cn9f3u,2.42,1,1,2.42,Low Value,One-time (1)
vu27mh20,2.41,1,1,2.41,Low Value,One-time (1)
wkidnb1n,2.41,1,1,2.41,Low Value,One-time (1)
ttqbe6z2,2.41,1,1,2.41,Low Value,One-time (1)
c7k0mibc,2.41,1,1,2.41,Low Value,One-time (1)
n6p8asob,2.41,1,1,2.41,Low Value,One-time (1)
3lvovm17,2.41,1,1,2.41,Low Value,One-time (1)
mwavl13u,2.41,1,1,2.41,Low Value,One-time (1)
32y71yt0,2.41,1,1,2.41,Low Value,One-time (1)
lab3l9v6,2.41,1,1,2.41,Low Value,One-time (1)
thyl6swh,2.41,1,1,2.41,Low Value,One-time (1)
ifrb6w77,2.4,1,1,2.4,Low Value,One-time (1)
nhlsgda8,2.4,1,1,2.4,Low Value,One-time (1)
kxvpsexj,2.4,1,1,2.4,Low Value,One-time (1)
gtenjejf,2.4,1,1,2.4,Low Value,One-time (1)
evkpityw,2.4,1,1,2.4,Low Value,One-time (1)
2n4yz251,2.4,1,1,2.4,Low Value,One-time (1)
whdsq73e,2.4,1,1,2.4,Low Value,One-time (1)
06jo4nuj,2.4,1,1,2.4,Low Value,One-time (1)
wjgcfd2g,2.4,1,1,2.4,Low Value,One-time (1)
iym5zq0n,2.4,1,1,2.4,Low Value,One-time (1)
d9qfa8k3,2.4,1,1,2.4,Low Value,One-time (1)
r7l03ehb,2.4,1,1,2.4,Low Value,One-time (1)
fwk9hf9o,2.4,1,1,2.4,Low Value,One-time (1)
xnl46u8y,2.4,1,1,2.4,Low Value,One-time (1)
sm8ps1x7,2.39,1,1,2.39,Low Value,One-time (1)
snqr9yj3,2.39,1,1,2.39,Low Value,One-time (1)
m147iurw,2.39,1,1,2.39,Low Value,One-time (1)
s2g8xmvb,2.39,1,1,2.39,Low Value,One-time (1)
k64k7rb3,2.39,1,1,2.39,Low Value,One-time (1)
ag9m5ek7,2.39,1,1,2.39,Low Value,One-time (1)
0j1e3zn1,2.39,1,1,2.39,Low Value,One-time (1)
hxmqv8h5,2.39,1,1,2.39,Low Value,One-time (1)
vx0h06yv,2.39,1,1,2.39,Low Value,One-time (1)
wrcypl1u,2.39,1,1,2.39,Low Value,One-time (1)
3frcs39e,2.39,1,1,2.39,Low Value,One-time (1)
6l9upn6j,2.39,1,1,2.39,Low Value,One-time (1)
wqrhamzr,2.39,1,1,2.39,Low Value,One-time (1)
f574zksi,2.39,1,1,2.39,Low Value,One-time (1)
25nfjnv2,2.39,1,1,2.39,Low Value,One-time (1)
z36dcvny,2.39,1,1,2.39,Low Value,One-time (1)
1wjdwhqv,2.38,1,1,2.38,Low Value,One-time (1)
9ux07uln,2.38,1,1,2.38,Low Value,One-time (1)
o2e6jt93,2.38,1,1,2.38,Low Value,One-time (1)
q1436eag,2.38,1,1,2.38,Low Value,One-time (1)
o3oa6c2k,2.38,1,1,2.38,Low Value,One-time (1)
f6rolvm6,2.38,1,1,2.38,Low Value,One-time (1)
egi3qupx,2.38,1,1,2.38,Low Value,One-time (1)
3ze4cfjl,2.38,1,1,2.38,Low Value,One-time (1)
106rt3xa,2.38,1,1,2.38,Low Value,One-time (1)
wwzrgmds,2.38,1,1,2.38,Low Value,One-time (1)
vdwspce5,2.38,1,1,2.38,Low Value,One-time (1)
4mdkw0au,2.38,1,1,2.38,Low Value,One-time (1)
9zyptzxd,2.38,1,1,2.38,Low Value,One-time (1)
vfpcwzm9,2.38,1,1,2.38,Low Value,One-time (1)
ia13yb9p,2.38,1,1,2.38,Low Value,One-time (1)
s0k7e64w,2.38,1,1,2.38,Low Value,One-time (1)
nbvd0e1u,2.38,1,1,2.38,Low Value,One-time (1)
4nxvkdc9,2.38,1,1,2.38,Low Value,One-time (1)
gt5t3q82,2.38,1,1,2.38,Low Value,One-time (1)
ws5qj5r6,2.38,1,1,2.38,Low Value,One-time (1)
qi0xej01,2.38,1,1,2.38,Low Value,One-time (1)
id3omva5,2.38,1,1,2.38,Low Value,One-time (1)
v5ac4hyc,2.38,1,1,2.38,Low Value,One-time (1)
4kctdxi1,2.38,1,1,2.38,Low Value,One-time (1)
i40ka3zb,2.38,1,1,2.38,Low Value,One-time (1)
ltpijoln,2.38,1,1,2.38,Low Value,One-time (1)
jgs9zk8w,2.38,1,1,2.38,Low Value,One-time (1)
ngmjnn3n,2.38,1,1,2.38,Low Value,One-time (1)
e6ctdb6l,2.38,1,1,2.38,Low Value,One-time (1)
jc9irruv,2.38,1,1,2.38,Low Value,One-time (1)
9i56gd54,2.38,1,1,2.38,Low Value,One-time (1)
j6yvw3w1,2.38,1,1,2.38,Low Value,One-time (1)
9jxkl3io,2.38,1,1,2.38,Low Value,One-time (1)
5ffwrq4g,2.38,1,1,2.38,Low Value,One-time (1)
upwckh3v,2.38,1,1,2.38,Low Value,One-time (1)
gkhat8zj,2.38,1,1,2.38,Low Value,One-time (1)
837aw7pd,2.38,1,1,2.38,Low Value,One-time (1)
p2q4crmb,2.38,1,1,2.38,Low Value,One-time (1)
1ezyuqyi,2.38,1,1,2.38,Low Value,One-time (1)
56ffjal6,2.38,1,1,2.38,Low Value,One-time (1)
1unhld9b,2.38,1,1,2.38,Low Value,One-time (1)
1ex7gh3w,2.38,1,1,2.38,Low Value,One-time (1)
o0o0n3i0,2.38,1,1,2.38,Low Value,One-time (1)
qwfu4lkb,2.38,1,1,2.38,Low Value,One-time (1)
xo5q5ige,2.38,1,1,2.38,Low Value,One-time (1)
ipumibri,2.38,1,1,2.38,Low Value,One-time (1)
eebgp17w,2.38,1,1,2.38,Low Value,One-time (1)
b0juh5ae,2.38,1,1,2.38,Low Value,One-time (1)
o1nx597k,2.38,1,1,2.38,Low Value,One-time (1)
4kcjg6he,2.38,1,1,2.38,Low Value,One-time (1)
i46pl9nc,2.38,1,1,2.38,Low Value,One-time (1)
4qkuq1mr,2.38,1,1,2.38,Low Value,One-time (1)
4prcs2d8,2.38,1,1,2.38,Low Value,One-time (1)
4znktv3p,2.38,1,1,2.38,Low Value,One-time (1)
ahvdma3z,2.38,1,1,2.38,Low Value,One-time (1)
mttv5ll2,2.38,1,1,2.38,Low Value,One-time (1)
fmemvju5,2.38,1,1,2.38,Low Value,One-time (1)
5mninho4,2.38,1,1,2.38,Low Value,One-time (1)
fpgnyu20,2.38,1,1,2.38,Low Value,One-time (1)
w7f0nicx,2.38,1,1,2.38,Low Value,One-time (1)
obegz6bu,2.38,1,1,2.38,Low Value,One-time (1)
6o8fvntp,2.38,1,1,2.38,Low Value,One-time (1)
ptglmy71,2.38,1,1,2.38,Low Value,One-time (1)
yizvrwwo,2.38,1,1,2.38,Low Value,One-time (1)
myrddsbo,2.38,1,1,2.38,Low Value,One-time (1)
xvh7eqjz,2.38,1,1,2.38,Low Value,One-time (1)
w56fkps0,2.38,1,1,2.38,Low Value,One-time (1)
hcr98dwf,2.38,1,1,2.38,Low Value,One-time (1)
6p74rkuo,2.38,1,1,2.38,Low Value,One-time (1)
rek58192,2.38,1,1,2.38,Low Value,One-time (1)
h9z1sxqu,2.38,1,1,2.38,Low Value,One-time (1)
ye3vao4x,2.38,1,1,2.38,Low Value,One-time (1)
7dff9jit,2.38,1,1,2.38,Low Value,One-time (1)
ram9p0np,2.38,1,1,2.38,Low Value,One-time (1)
rd0l3ucv,2.38,1,1,2.38,Low Value,One-time (1)
wg96t5uo,2.38,1,1,2.38,Low Value,One-time (1)
h2ucbg97,2.38,1,1,2.38,Low Value,One-time (1)
whx85xew,2.38,1,1,2.38,Low Value,One-time (1)
ahjxnykt,2.38,1,1,2.38,Low Value,One-time (1)
w55qbq8q,2.38,1,1,2.38,Low Value,One-time (1)
4pu6w93k,2.38,1,1,2.38,Low Value,One-time (1)
hzicjyh5,2.38,1,1,2.38,Low Value,One-time (1)
mfqg7272,2.38,1,1,2.38,Low Value,One-time (1)
84gfr4zk,2.38,1,1,2.38,Low Value,One-time (1)
gtpcf4bk,2.38,1,1,2.38,Low Value,One-time (1)
mgp6ire6,2.38,1,1,2.38,Low Value,One-time (1)
gtt0iaak,2.38,1,1,2.38,Low Value,One-time (1)
vohqlcvl,2.38,1,1,2.38,Low Value,One-time (1)
a6s8uuz0,2.38,1,1,2.38,Low Value,One-time (1)
en606n9r,2.38,1,1,2.38,Low Value,One-time (1)
gu2u5r7w,2.38,1,1,2.38,Low Value,One-time (1)
qh8t8u74,2.38,1,1,2.38,Low Value,One-time (1)
vqgrx5ou,2.38,1,1,2.38,Low Value,One-time (1)
7pocxxu5,2.38,1,1,2.38,Low Value,One-time (1)
mqe84mjj,2.38,1,1,2.38,Low Value,One-time (1)
yp0byu97,2.38,1,1,2.38,Low Value,One-time (1)
hy3q04tj,2.38,1,1,2.38,Low Value,One-time (1)
a9n8v55d,2.38,1,1,2.38,Low Value,One-time (1)
2gthhg3r,2.38,1,1,2.38,Low Value,One-time (1)
2edv8bys,2.38,1,1,2.38,Low Value,One-time (1)
hrwgynjj,2.38,1,1,2.38,Low Value,One-time (1)
wospd260,2.38,1,1,2.38,Low Value,One-time (1)
hly9vqo8,2.38,1,1,2.38,Low Value,One-time (1)
4t70tffd,2.38,1,1,2.38,Low Value,One-time (1)
hj7wx6qq,2.38,1,1,2.38,Low Value,One-time (1)
gx2xt5nc,2.38,1,1,2.38,Low Value,One-time (1)
bfl1qrvs,2.38,1,1,2.38,Low Value,One-time (1)
dcvuf87x,2.38,1,1,2.38,Low Value,One-time (1)
48ps3br7,2.38,1,1,2.38,Low Value,One-time (1)
qt6r4sgv,2.38,1,1,2.38,Low Value,One-time (1)
bd11ki9r,2.38,1,1,2.38,Low Value,One-time (1)
0gm62s60,2.38,1,1,2.38,Low Value,One-time (1)
3nu7phc7,2.38,1,1,2.38,Low Value,One-time (1)
ojdy08vm,2.38,1,1,2.38,Low Value,One-time (1)
1k76cp3y,2.38,1,1,2.38,Low Value,One-time (1)
5baxhmjj,2.38,1,1,2.38,Low Value,One-time (1)
3kwbctv8,2.38,1,1,2.38,Low Value,One-time (1)
lihuolxz,2.38,1,1,2.38,Low Value,One-time (1)
u0mlelkt,2.38,1,1,2.38,Low Value,One-time (1)
ljr8pm6l,2.38,1,1,2.38,Low Value,One-time (1)
b613hmxj,2.38,1,1,2.38,Low Value,One-time (1)
6kkxkjjm,2.38,1,1,2.38,Low Value,One-time (1)
dn5s1w9t,2.38,1,1,2.38,Low Value,One-time (1)
fhjknjz1,2.38,1,1,2.38,Low Value,One-time (1)
ch71zskx,2.38,1,1,2.38,Low Value,One-time (1)
u1jjj7vx,2.38,1,1,2.38,Low Value,One-time (1)
y21lfmjv,2.38,1,1,2.38,Low Value,One-time (1)
0ii93uyg,2.38,1,1,2.38,Low Value,One-time (1)
lk85py3e,2.38,1,1,2.38,Low Value,One-time (1)
90i2ldsy,2.38,1,1,2.38,Low Value,One-time (1)
8phldzqr,2.38,1,1,2.38,Low Value,One-time (1)
3twqbege,2.38,1,1,2.38,Low Value,One-time (1)
x8m50v24,2.38,1,1,2.38,Low Value,One-time (1)
42k7wfvb,2.38,1,1,2.38,Low Value,One-time (1)
kn4c5nnb,2.38,1,1,2.38,Low Value,One-time (1)
dty3ck6f,2.38,1,1,2.38,Low Value,One-time (1)
61imkvr2,2.38,1,1,2.38,Low Value,One-time (1)
5altka4i,2.38,1,1,2.38,Low Value,One-time (1)
zbf54fpe,2.38,1,1,2.38,Low Value,One-time (1)
qyhr280x,2.38,1,1,2.38,Low Value,One-time (1)
olt0go9q,2.38,1,1,2.38,Low Value,One-time (1)
dupe6zna,2.38,1,1,2.38,Low Value,One-time (1)
ki4yh0k8,2.38,1,1,2.38,Low Value,One-time (1)
g9fmk8c2,2.38,1,1,2.38,Low Value,One-time (1)
km7ukg3k,2.38,1,1,2.38,Low Value,One-time (1)
5d0q2ovz,2.38,1,1,2.38,Low Value,One-time (1)
72k757p2,2.38,1,1,2.38,Low Value,One-time (1)
3pprs0rv,2.38,1,1,2.38,Low Value,One-time (1)
nkp98tid,2.38,1,1,2.38,Low Value,One-time (1)
kgaqlvxn,2.38,1,1,2.38,Low Value,One-time (1)
tsqrbze4,2.38,1,1,2.38,Low Value,One-time (1)
xhuo3flc,2.38,1,1,2.38,Low Value,One-time (1)
l8k7e4j1,2.38,1,1,2.38,Low Value,One-time (1)
84wxkb76,2.38,1,1,2.38,Low Value,One-time (1)
bp4l4ldd,2.38,1,1,2.38,Low Value,One-time (1)
djzivem3,2.38,1,1,2.38,Low Value,One-time (1)
u3d1bc88,2.38,1,1,2.38,Low Value,One-time (1)
1izy163k,2.38,1,1,2.38,Low Value,One-time (1)
dm2q3qst,2.38,1,1,2.38,Low Value,One-time (1)
87sw1k9m,2.38,1,1,2.38,Low Value,One-time (1)
fzcnvs3f,2.38,1,1,2.38,Low Value,One-time (1)
fzbqws2u,2.38,1,1,2.38,Low Value,One-time (1)
g7alrnby,2.38,1,1,2.38,Low Value,One-time (1)
3wnpe8v4,2.38,1,1,2.38,Low Value,One-time (1)
ua29r2pu,2.38,1,1,2.38,Low Value,One-time (1)
xkv3mspb,2.38,1,1,2.38,Low Value,One-time (1)
bakvsczw,2.38,1,1,2.38,Low Value,One-time (1)
3v45hzm7,2.38,1,1,2.38,Low Value,One-time (1)
jow1hlhe,2.38,1,1,2.38,Low Value,One-time (1)
70sx8rrm,2.38,1,1,2.38,Low Value,One-time (1)
b4i32ago,2.38,1,1,2.38,Low Value,One-time (1)
jr29g7jp,2.38,1,1,2.38,Low Value,One-time (1)
6wzs3t60,2.38,1,1,2.38,Low Value,One-time (1)
y4ckkmh1,2.38,1,1,2.38,Low Value,One-time (1)
4clt6vl5,2.38,1,1,2.38,Low Value,One-time (1)
zdtsh4uc,2.38,1,1,2.38,Low Value,One-time (1)
py1fbh2v,2.38,1,1,2.38,Low Value,One-time (1)
dqi9vaob,2.38,1,1,2.38,Low Value,One-time (1)
dq8jncgb,2.38,1,1,2.38,Low Value,One-time (1)
9e03klzl,2.38,1,1,2.38,Low Value,One-time (1)
fjcnwp5r,2.38,1,1,2.38,Low Value,One-time (1)
3bekiduk,2.38,1,1,2.38,Low Value,One-time (1)
cglywfno,2.38,1,1,2.38,Low Value,One-time (1)
qr63xtc1,2.38,1,1,2.38,Low Value,One-time (1)
8gjbfi4u,2.38,1,1,2.38,Low Value,One-time (1)
y4ekrnmx,2.38,1,1,2.38,Low Value,One-time (1)
u44laogd,2.38,1,1,2.38,Low Value,One-time (1)
nokkm44q,2.38,1,1,2.38,Low Value,One-time (1)
gncuqk0a,2.37,1,1,2.37,Low Value,One-time (1)
02duhf5o,2.37,1,1,2.37,Low Value,One-time (1)
1hh0kdun,2.37,1,1,2.37,Low Value,One-time (1)
jtzmnta9,2.37,1,1,2.37,Low Value,One-time (1)
fokzixza,2.37,1,1,2.37,Low Value,One-time (1)
ayfcvzek,2.37,1,1,2.37,Low Value,One-time (1)
j1nzlw0a,2.37,1,1,2.37,Low Value,One-time (1)
5424nmm0,2.36,1,1,2.36,Low Value,One-time (1)
x9hrg1gj,2.36,1,1,2.36,Low Value,One-time (1)
52mvofg3,2.36,1,1,2.36,Low Value,One-time (1)
mrrtxbur,2.36,1,1,2.36,Low Value,One-time (1)
syscczxu,2.36,1,1,2.36,Low Value,One-time (1)
c19feoth,2.36,1,1,2.36,Low Value,One-time (1)
ig9nf5tb,2.36,1,1,2.36,Low Value,One-time (1)
esow1h0u,2.36,1,1,2.36,Low Value,One-time (1)
07rrmmfo,2.36,1,1,2.36,Low Value,One-time (1)
7cl5ew5h,2.35,1,1,2.35,Low Value,One-time (1)
8rg159rz,2.35,1,1,2.35,Low Value,One-time (1)
433e1i1p,2.35,1,1,2.35,Low Value,One-time (1)
1k4bdjra,2.35,1,1,2.35,Low Value,One-time (1)
kj1wjr8y,2.35,1,1,2.35,Low Value,One-time (1)
exs4cyqn,2.35,1,1,2.35,Low Value,One-time (1)
wkzirnk6,2.35,1,1,2.35,Low Value,One-time (1)
289bbizc,2.35,1,1,2.35,Low Value,One-time (1)
8f6e8y7q,2.35,1,1,2.35,Low Value,One-time (1)
n0hwcqf6,2.35,1,1,2.35,Low Value,One-time (1)
etomeo31,2.35,1,1,2.35,Low Value,One-time (1)
5odkowch,2.35,1,1,2.35,Low Value,One-time (1)
xx0ux8ya,2.35,1,1,2.35,Low Value,One-time (1)
ans14dkr,2.35,1,1,2.35,Low Value,One-time (1)
wkxzx696,2.35,1,1,2.35,Low Value,One-time (1)
rjfs8pad,2.35,1,1,2.35,Low Value,One-time (1)
0wl0dvsb,2.35,1,1,2.35,Low Value,One-time (1)
455tpy6m,2.35,1,1,2.35,Low Value,One-time (1)
yigf3xao,2.35,1,1,2.35,Low Value,One-time (1)
6nyycj4q,2.35,1,1,2.35,Low Value,One-time (1)
yddi0erc,2.35,1,1,2.35,Low Value,One-time (1)
kt8a6jbe,2.35,1,1,2.35,Low Value,One-time (1)
w4rard0t,2.35,1,1,2.35,Low Value,One-time (1)
17czut4g,2.35,1,1,2.35,Low Value,One-time (1)
3sc8iq7w,2.35,1,1,2.35,Low Value,One-time (1)
6ouva2wo,2.35,1,1,2.35,Low Value,One-time (1)
7hj2omfw,2.35,1,1,2.35,Low Value,One-time (1)
9ecbd4cf,2.35,1,1,2.35,Low Value,One-time (1)
rptr10ld,2.35,1,1,2.35,Low Value,One-time (1)
azyh83h9,2.35,1,1,2.35,Low Value,One-time (1)
r0hwqbac,2.35,1,1,2.35,Low Value,One-time (1)
2uwhtvtg,2.35,1,1,2.35,Low Value,One-time (1)
b0ips5ov,2.35,1,1,2.35,Low Value,One-time (1)
jxlrh4sv,2.35,1,1,2.35,Low Value,One-time (1)
5z1dn69u,2.35,1,1,2.35,Low Value,One-time (1)
5yfn3l2h,2.35,1,1,2.35,Low Value,One-time (1)
c8dmbt7c,2.35,1,1,2.35,Low Value,One-time (1)
4ik3my5s,2.35,1,1,2.35,Low Value,One-time (1)
q7yymr9x,2.35,1,1,2.35,Low Value,One-time (1)
5grr202k,2.35,1,1,2.35,Low Value,One-time (1)
0jdb8gjs,2.35,1,1,2.35,Low Value,One-time (1)
ecb5wgsd,2.35,1,1,2.35,Low Value,One-time (1)
yy18xjzm,2.35,1,1,2.35,Low Value,One-time (1)
nz5x51o0,2.35,1,1,2.35,Low Value,One-time (1)
y8momhri,2.35,1,1,2.35,Low Value,One-time (1)
lwinu5we,2.35,1,1,2.35,Low Value,One-time (1)
695c69el,2.35,1,1,2.35,Low Value,One-time (1)
y6ddvq5m,2.35,1,1,2.35,Low Value,One-time (1)
lpkq0urh,2.35,1,1,2.35,Low Value,One-time (1)
9bkjayyr,2.35,1,1,2.35,Low Value,One-time (1)
6mgbh6c3,2.35,1,1,2.35,Low Value,One-time (1)
nhj3aco9,2.35,1,1,2.35,Low Value,One-time (1)
3cqui9mj,2.35,1,1,2.35,Low Value,One-time (1)
0lc1s772,2.35,1,1,2.35,Low Value,One-time (1)
fz0g967e,2.35,1,1,2.35,Low Value,One-time (1)
dekg0z5x,2.35,1,1,2.35,Low Value,One-time (1)
jhsn88eu,2.35,1,1,2.35,Low Value,One-time (1)
ad7mecml,2.35,1,1,2.35,Low Value,One-time (1)
1vldszoc,2.35,1,1,2.35,Low Value,One-time (1)
pw5k0jjs,2.35,1,1,2.35,Low Value,One-time (1)
gql6n34a,2.35,1,1,2.35,Low Value,One-time (1)
f57hfsy3,2.35,1,1,2.35,Low Value,One-time (1)
cwpouqru,2.35,1,1,2.35,Low Value,One-time (1)
mkhbkuuo,2.35,1,1,2.35,Low Value,One-time (1)
wqnjbbyx,2.35,1,1,2.35,Low Value,One-time (1)
g403g4tc,2.35,1,1,2.35,Low Value,One-time (1)
cw8w4t0w,2.35,1,1,2.35,Low Value,One-time (1)
8t0ccuwt,2.35,1,1,2.35,Low Value,One-time (1)
4s3eymht,2.35,1,1,2.35,Low Value,One-time (1)
ffxxuw80,2.35,1,1,2.35,Low Value,One-time (1)
midbsuox,2.35,1,1,2.35,Low Value,One-time (1)
4r77k6up,2.35,1,1,2.35,Low Value,One-time (1)
6572ud0a,2.35,1,1,2.35,Low Value,One-time (1)
rw0m07m1,2.35,1,1,2.35,Low Value,One-time (1)
6esaw5e1,2.35,1,1,2.35,Low Value,One-time (1)
kf3e6l3u,2.35,1,1,2.35,Low Value,One-time (1)
vo71l8r4,2.35,1,1,2.35,Low Value,One-time (1)
mf3avjut,2.35,1,1,2.35,Low Value,One-time (1)
tyrodypv,2.35,1,1,2.35,Low Value,One-time (1)
wsygjgto,2.35,1,1,2.35,Low Value,One-time (1)
5x6emewl,2.35,1,1,2.35,Low Value,One-time (1)
a1bbffei,2.35,1,1,2.35,Low Value,One-time (1)
7w2sehe2,2.35,1,1,2.35,Low Value,One-time (1)
cq3khzm6,2.35,1,1,2.35,Low Value,One-time (1)
vcevfny6,2.35,1,1,2.35,Low Value,One-time (1)
urvqt3g8,2.35,1,1,2.35,Low Value,One-time (1)
hatt774n,2.34,1,1,2.34,Low Value,One-time (1)
27cb16rt,2.34,1,1,2.34,Low Value,One-time (1)
w43spvdt,2.34,1,1,2.34,Low Value,One-time (1)
u4fgpit9,2.34,1,1,2.34,Low Value,One-time (1)
m7hrhne7,2.34,1,1,2.34,Low Value,One-time (1)
n60tzm8h,2.33,1,1,2.33,Low Value,One-time (1)
hh1kbcbi,2.32,1,1,2.32,Low Value,One-time (1)
ber9yx5l,2.32,1,1,2.32,Low Value,One-time (1)
vp6gdgy8,2.32,1,1,2.32,Low Value,One-time (1)
apzri8g1,2.32,1,1,2.32,Low Value,One-time (1)
88deqcgy,2.32,1,1,2.32,Low Value,One-time (1)
wlu84wk3,2.32,1,1,2.32,Low Value,One-time (1)
1wzn06we,2.32,1,1,2.32,Low Value,One-time (1)
4fn8poe6,2.32,1,1,2.32,Low Value,One-time (1)
1wqtrz18,2.31,1,1,2.31,Low Value,One-time (1)
knamw7pv,2.31,1,1,2.31,Low Value,One-time (1)
oawvfeak,2.31,1,1,2.31,Low Value,One-time (1)
ev0krrv3,2.31,1,1,2.31,Low Value,One-time (1)
hd6wpbmd,2.31,1,1,2.31,Low Value,One-time (1)
aqwp2eo6,2.31,1,1,2.31,Low Value,One-time (1)
smopmoja,2.31,1,1,2.31,Low Value,One-time (1)
opa0k3d8,2.31,1,1,2.31,Low Value,One-time (1)
1ruq3bfs,2.31,1,1,2.31,Low Value,One-time (1)
gmo1tapo,2.31,1,1,2.31,Low Value,One-time (1)
urmybd2q,2.3,1,1,2.3,Low Value,One-time (1)
v3njcny4,2.3,1,1,2.3,Low Value,One-time (1)
4ebahehg,2.3,1,1,2.3,Low Value,One-time (1)
cv2wphj1,2.3,1,1,2.3,Low Value,One-time (1)
h5ju8s8f,2.3,1,1,2.3,Low Value,One-time (1)
ln3ox5fl,2.3,1,1,2.3,Low Value,One-time (1)
ygrsgi8l,2.3,1,1,2.3,Low Value,One-time (1)
xen2ll1m,2.3,1,1,2.3,Low Value,One-time (1)
8kzcz22f,2.3,1,1,2.3,Low Value,One-time (1)
u6htj9p9,2.3,1,1,2.3,Low Value,One-time (1)
0bqfdfl3,2.3,1,1,2.3,Low Value,One-time (1)
8o5fo1z5,2.3,1,1,2.3,Low Value,One-time (1)
mfk2xbpf,2.3,1,1,2.3,Low Value,One-time (1)
xgdisnio,2.3,1,1,2.3,Low Value,One-time (1)
o4uykst2,2.3,1,1,2.3,Low Value,One-time (1)
5uy4gozq,2.3,1,1,2.3,Low Value,One-time (1)
qv6qz093,2.3,1,1,2.3,Low Value,One-time (1)
ogwovc0j,2.3,1,1,2.3,Low Value,One-time (1)
cfmzffyj,2.3,1,1,2.3,Low Value,One-time (1)
snhxzv2x,2.3,1,1,2.3,Low Value,One-time (1)
1hj4aarc,2.3,1,1,2.3,Low Value,One-time (1)
283345xi,2.3,1,1,2.3,Low Value,One-time (1)
lpgwdq8n,2.3,1,1,2.3,Low Value,One-time (1)
3rsvz2e1,2.3,1,1,2.3,Low Value,One-time (1)
ut398qq6,2.3,1,1,2.3,Low Value,One-time (1)
3rapzk3z,2.3,1,1,2.3,Low Value,One-time (1)
5qfagq6j,2.3,1,1,2.3,Low Value,One-time (1)
kkic10e0,2.3,1,1,2.3,Low Value,One-time (1)
yg51gj1s,2.3,1,1,2.3,Low Value,One-time (1)
5bgbdj9k,2.3,1,1,2.3,Low Value,One-time (1)
h3ij9oir,2.3,1,1,2.3,Low Value,One-time (1)
ltm9pjqc,2.3,1,1,2.3,Low Value,One-time (1)
jdqymaeb,2.3,1,1,2.3,Low Value,One-time (1)
e5ewko3d,2.3,1,1,2.3,Low Value,One-time (1)
jl3hxr2s,2.3,1,1,2.3,Low Value,One-time (1)
wtg6e0z4,2.3,1,1,2.3,Low Value,One-time (1)
lxnootkf,2.3,1,1,2.3,Low Value,One-time (1)
fcon8kry,2.3,1,1,2.3,Low Value,One-time (1)
08b7tine,2.3,1,1,2.3,Low Value,One-time (1)
jbvarmfx,2.3,1,1,2.3,Low Value,One-time (1)
atwu1ar0,2.3,1,1,2.3,Low Value,One-time (1)
08t3r7og,2.3,1,1,2.3,Low Value,One-time (1)
20ck8qua,2.3,1,1,2.3,Low Value,One-time (1)
9skoceuz,2.3,1,1,2.3,Low Value,One-time (1)
jrgzw83h,2.3,1,1,2.3,Low Value,One-time (1)
sho315gl,2.3,1,1,2.3,Low Value,One-time (1)
ffawpcyk,2.3,1,1,2.3,Low Value,One-time (1)
j9dr4zsr,2.3,1,1,2.3,Low Value,One-time (1)
5aw2yhr4,2.3,1,1,2.3,Low Value,One-time (1)
m4zx263l,2.3,1,1,2.3,Low Value,One-time (1)
wk4l4dw7,2.3,1,1,2.3,Low Value,One-time (1)
b23qoaln,2.3,1,1,2.3,Low Value,One-time (1)
02m13o38,2.3,1,1,2.3,Low Value,One-time (1)
gbetdm18,2.3,1,1,2.3,Low Value,One-time (1)
65kwno3a,2.3,1,1,2.3,Low Value,One-time (1)
pmkzvor9,2.3,1,1,2.3,Low Value,One-time (1)
l2bvpwzn,2.3,1,1,2.3,Low Value,One-time (1)
dpe2avul,2.3,1,1,2.3,Low Value,One-time (1)
5beyxl5n,2.3,1,1,2.3,Low Value,One-time (1)
t3ksk4dp,2.3,1,1,2.3,Low Value,One-time (1)
4au9s6j6,2.3,1,1,2.3,Low Value,One-time (1)
beosaplf,2.3,1,1,2.3,Low Value,One-time (1)
kawu19yj,2.3,1,1,2.3,Low Value,One-time (1)
k8wjpjz6,2.3,1,1,2.3,Low Value,One-time (1)
acvu2985,2.3,1,1,2.3,Low Value,One-time (1)
rjdxnvvs,2.3,1,1,2.3,Low Value,One-time (1)
acvx4vb9,2.3,1,1,2.3,Low Value,One-time (1)
8xdux0yg,2.3,1,1,2.3,Low Value,One-time (1)
9pugr5dc,2.3,1,1,2.3,Low Value,One-time (1)
pkh5xlat,2.3,1,1,2.3,Low Value,One-time (1)
uyzx0ju9,2.3,1,1,2.3,Low Value,One-time (1)
fv4td57e,2.3,1,1,2.3,Low Value,One-time (1)
rkwrsevu,2.3,1,1,2.3,Low Value,One-time (1)
xpk6vhm0,2.3,1,1,2.3,Low Value,One-time (1)
xpgf75y5,2.3,1,1,2.3,Low Value,One-time (1)
fvwjypdt,2.3,1,1,2.3,Low Value,One-time (1)
hmdv47iq,2.3,1,1,2.3,Low Value,One-time (1)
322pcqoq,2.3,1,1,2.3,Low Value,One-time (1)
vxn7eoum,2.3,1,1,2.3,Low Value,One-time (1)
4y30188q,2.3,1,1,2.3,Low Value,One-time (1)
xt9q6pg3,2.3,1,1,2.3,Low Value,One-time (1)
5m80fgqn,2.3,1,1,2.3,Low Value,One-time (1)
cy94fmd8,2.3,1,1,2.3,Low Value,One-time (1)
vx4h9lx6,2.3,1,1,2.3,Low Value,One-time (1)
oot21qzv,2.3,1,1,2.3,Low Value,One-time (1)
pksqzsmm,2.3,1,1,2.3,Low Value,One-time (1)
31dcs6wp,2.3,1,1,2.3,Low Value,One-time (1)
k71rmdhi,2.3,1,1,2.3,Low Value,One-time (1)
vvkg1vaa,2.3,1,1,2.3,Low Value,One-time (1)
rai3gopv,2.3,1,1,2.3,Low Value,One-time (1)
n3jgc4f7,2.3,1,1,2.3,Low Value,One-time (1)
k3r3udrl,2.3,1,1,2.3,Low Value,One-time (1)
rc1eoxgq,2.3,1,1,2.3,Low Value,One-time (1)
vtu04g5u,2.3,1,1,2.3,Low Value,One-time (1)
3obvzxur,2.3,1,1,2.3,Low Value,One-time (1)
vqoizjjc,2.3,1,1,2.3,Low Value,One-time (1)
0iqo1y2a,2.3,1,1,2.3,Low Value,One-time (1)
xmkuxrkd,2.3,1,1,2.3,Low Value,One-time (1)
g137z8ew,2.3,1,1,2.3,Low Value,One-time (1)
i3ikjbl4,2.3,1,1,2.3,Low Value,One-time (1)
zvtuhxmb,2.3,1,1,2.3,Low Value,One-time (1)
xkv6s8s5,2.3,1,1,2.3,Low Value,One-time (1)
zw7of7xs,2.3,1,1,2.3,Low Value,One-time (1)
1fubnumc,2.3,1,1,2.3,Low Value,One-time (1)
u5dq1vcf,2.3,1,1,2.3,Low Value,One-time (1)
isaxysmt,2.3,1,1,2.3,Low Value,One-time (1)
9ov3iqa1,2.3,1,1,2.3,Low Value,One-time (1)
nz394nve,2.3,1,1,2.3,Low Value,One-time (1)
iz88qfoc,2.3,1,1,2.3,Low Value,One-time (1)
vp5tuz69,2.3,1,1,2.3,Low Value,One-time (1)
n9kr2fvb,2.3,1,1,2.3,Low Value,One-time (1)
zukeom4x,2.3,1,1,2.3,Low Value,One-time (1)
hitp9hwc,2.3,1,1,2.3,Low Value,One-time (1)
3optg4sr,2.3,1,1,2.3,Low Value,One-time (1)
w3jztt0n,2.3,1,1,2.3,Low Value,One-time (1)
mpeufdjy,2.3,1,1,2.3,Low Value,One-time (1)
ttj4812u,2.3,1,1,2.3,Low Value,One-time (1)
h0in6t3e,2.29,1,1,2.29,Low Value,One-time (1)
uirvufn0,2.29,1,1,2.29,Low Value,One-time (1)
7sls8gux,2.29,1,1,2.29,Low Value,One-time (1)
6xddptvr,2.29,1,1,2.29,Low Value,One-time (1)
sqvf8ipx,2.29,1,1,2.29,Low Value,One-time (1)
sftddgrd,2.29,1,1,2.29,Low Value,One-time (1)
rfx9k5lu,2.29,1,1,2.29,Low Value,One-time (1)
sh14tne5,2.29,1,1,2.29,Low Value,One-time (1)
l4bkuu5c,2.29,1,1,2.29,Low Value,One-time (1)
74hni8ly,2.29,1,1,2.29,Low Value,One-time (1)
y3h2vp2h,2.29,1,1,2.29,Low Value,One-time (1)
9e7b1sjq,2.29,1,1,2.29,Low Value,One-time (1)
8kszbffz,2.29,1,1,2.29,Low Value,One-time (1)
ni7qy4n5,2.29,1,1,2.29,Low Value,One-time (1)
siq4bnb8,2.29,1,1,2.29,Low Value,One-time (1)
i3iha9jv,2.29,1,1,2.29,Low Value,One-time (1)
bsgop2dv,2.29,1,1,2.29,Low Value,One-time (1)
dyoxehwr,2.29,1,1,2.29,Low Value,One-time (1)
n459wfay,2.29,1,1,2.29,Low Value,One-time (1)
ubbg15x9,2.29,1,1,2.29,Low Value,One-time (1)
0u433u0u,2.29,1,1,2.29,Low Value,One-time (1)
89ub9su4,2.29,1,1,2.29,Low Value,One-time (1)
aovm5ntz,2.29,1,1,2.29,Low Value,One-time (1)
cbg9e6ep,2.29,1,1,2.29,Low Value,One-time (1)
vycgsm5p,2.29,1,1,2.29,Low Value,One-time (1)
d2f1p46o,2.29,1,1,2.29,Low Value,One-time (1)
c1pfs6br,2.29,1,1,2.29,Low Value,One-time (1)
54irme94,2.29,1,1,2.29,Low Value,One-time (1)
ilqft9bj,2.29,1,1,2.29,Low Value,One-time (1)
qzeq9b6r,2.29,1,1,2.29,Low Value,One-time (1)
x3cfhf34,2.29,1,1,2.29,Low Value,One-time (1)
lxn32nbz,2.29,1,1,2.29,Low Value,One-time (1)
auasmyw5,2.29,1,1,2.29,Low Value,One-time (1)
au19felj,2.28,1,1,2.28,Low Value,One-time (1)
agm4rg2v,2.28,1,1,2.28,Low Value,One-time (1)
takc437a,2.28,1,1,2.28,Low Value,One-time (1)
pt38jyn1,2.28,1,1,2.28,Low Value,One-time (1)
f3ehtzca,2.28,1,1,2.28,Low Value,One-time (1)
3wv3yk0s,2.28,1,1,2.28,Low Value,One-time (1)
1ydpc1h2,2.28,1,1,2.28,Low Value,One-time (1)
3dd03uvu,2.28,1,1,2.28,Low Value,One-time (1)
gvdnh08s,2.28,1,1,2.28,Low Value,One-time (1)
kcg0hk05,2.28,1,1,2.28,Low Value,One-time (1)
kfnnvzfe,2.28,1,1,2.28,Low Value,One-time (1)
r0fzauxb,2.28,1,1,2.28,Low Value,One-time (1)
yrjwvaz7,2.28,1,1,2.28,Low Value,One-time (1)
ty6r53zg,2.28,1,1,2.28,Low Value,One-time (1)
qf2mtcoh,2.28,1,1,2.28,Low Value,One-time (1)
k5pxobzm,2.28,1,1,2.28,Low Value,One-time (1)
62b01g7n,2.28,1,1,2.28,Low Value,One-time (1)
9nyuk7sd,2.28,1,1,2.28,Low Value,One-time (1)
iy7poa7q,2.28,1,1,2.28,Low Value,One-time (1)
nhm6rqv4,2.28,1,1,2.28,Low Value,One-time (1)
lp5qo4iv,2.28,1,1,2.28,Low Value,One-time (1)
iphjt50c,2.28,1,1,2.28,Low Value,One-time (1)
invvubi9,2.28,1,1,2.28,Low Value,One-time (1)
gfqpyofg,2.28,1,1,2.28,Low Value,One-time (1)
xk12kndn,2.28,1,1,2.28,Low Value,One-time (1)
m1220ty0,2.28,1,1,2.28,Low Value,One-time (1)
fxhx0wp6,2.28,1,1,2.28,Low Value,One-time (1)
lwm8piq3,2.28,1,1,2.28,Low Value,One-time (1)
uk61mahv,2.28,1,1,2.28,Low Value,One-time (1)
xql3om1t,2.28,1,1,2.28,Low Value,One-time (1)
8lqwxk8a,2.27,1,1,2.27,Low Value,One-time (1)
81qgin41,2.27,1,1,2.27,Low Value,One-time (1)
vhojxe39,2.27,1,1,2.27,Low Value,One-time (1)
zhrz4ejw,2.26,1,1,2.26,Low Value,One-time (1)
3imhubi5,2.26,1,1,2.26,Low Value,One-time (1)
ln0ufdpc,2.26,1,1,2.26,Low Value,One-time (1)
w9lds9or,2.26,1,1,2.26,Low Value,One-time (1)
65kr94xy,2.26,1,1,2.26,Low Value,One-time (1)
but4cubj,2.26,1,1,2.26,Low Value,One-time (1)
qfwrvrc5,2.26,1,1,2.26,Low Value,One-time (1)
fm8jv1us,2.26,1,1,2.26,Low Value,One-time (1)
s3mzc158,2.26,1,1,2.26,Low Value,One-time (1)
okz8ucp0,2.26,1,1,2.26,Low Value,One-time (1)
adl54i9h,2.26,1,1,2.26,Low Value,One-time (1)
nw7m80xl,2.26,1,1,2.26,Low Value,One-time (1)
1a3ku9o1,2.25,1,1,2.25,Low Value,One-time (1)
x5swgomf,2.25,1,1,2.25,Low Value,One-time (1)
7wy75c1l,2.25,1,1,2.25,Low Value,One-time (1)
hamgzu3i,2.25,1,1,2.25,Low Value,One-time (1)
fwodag6z,2.24,1,1,2.24,Low Value,One-time (1)
6x6pjw0b,2.23,1,1,2.23,Low Value,One-time (1)
mh7j5h0o,2.23,1,1,2.23,Low Value,One-time (1)
k6dkkgmg,2.23,1,1,2.23,Low Value,One-time (1)
2k39gy7m,2.23,1,1,2.23,Low Value,One-time (1)
3v9or8gx,2.23,1,1,2.23,Low Value,One-time (1)
5axm456o,2.23,1,1,2.23,Low Value,One-time (1)
s4nui8wx,2.23,1,1,2.23,Low Value,One-time (1)
pykt3oqh,2.23,1,1,2.23,Low Value,One-time (1)
pja1wj0t,2.23,1,1,2.23,Low Value,One-time (1)
s7j15nfj,2.23,1,1,2.23,Low Value,One-time (1)
5qmktgv4,2.23,1,1,2.23,Low Value,One-time (1)
u7c1a7yj,2.23,1,1,2.23,Low Value,One-time (1)
gtbdirt1,2.23,1,1,2.23,Low Value,One-time (1)
7ezzsn9r,2.23,1,1,2.23,Low Value,One-time (1)
xv1q9ppd,2.23,1,1,2.23,Low Value,One-time (1)
qxerh9b3,2.23,1,1,2.23,Low Value,One-time (1)
nud7kud2,2.23,1,1,2.23,Low Value,One-time (1)
rgzwcz9n,2.23,1,1,2.23,Low Value,One-time (1)
om7v59ib,2.23,1,1,2.23,Low Value,One-time (1)
m8m4odo9,2.23,1,1,2.23,Low Value,One-time (1)
zlvfjds8,2.23,1,1,2.23,Low Value,One-time (1)
eag3wexf,2.23,1,1,2.23,Low Value,One-time (1)
k2au5nzy,2.23,1,1,2.23,Low Value,One-time (1)
qc84anyp,2.21,1,1,2.21,Low Value,One-time (1)
b7u7y7zz,2.21,1,1,2.21,Low Value,One-time (1)
1kkjig9h,2.21,1,1,2.21,Low Value,One-time (1)
ak0igxbx,2.21,1,1,2.21,Low Value,One-time (1)
anopv6oi,2.21,1,1,2.21,Low Value,One-time (1)
8nq9b81o,2.21,1,1,2.21,Low Value,One-time (1)
i7knr7c8,2.21,1,1,2.21,Low Value,One-time (1)
xy87haqm,2.21,1,1,2.21,Low Value,One-time (1)
qncse7ju,2.21,1,1,2.21,Low Value,One-time (1)
bmmy2nqh,2.21,1,1,2.21,Low Value,One-time (1)
4ry3yk7y,2.21,1,1,2.21,Low Value,One-time (1)
pt5avsii,2.21,1,1,2.21,Low Value,One-time (1)
1guvcpyy,2.21,1,1,2.21,Low Value,One-time (1)
xlkv97ic,2.21,1,1,2.21,Low Value,One-time (1)
4t6vwu4n,2.21,1,1,2.21,Low Value,One-time (1)
uyqmqtic,2.21,1,1,2.21,Low Value,One-time (1)
w3chnj6g,2.21,1,1,2.21,Low Value,One-time (1)
z9smidug,2.21,1,1,2.21,Low Value,One-time (1)
xzyzfxr0,2.21,1,1,2.21,Low Value,One-time (1)
87j5ie3l,2.21,1,1,2.21,Low Value,One-time (1)
93rjnlha,2.21,1,1,2.21,Low Value,One-time (1)
wp6hwuno,2.21,1,1,2.21,Low Value,One-time (1)
6w81t14a,2.21,1,1,2.21,Low Value,One-time (1)
sy6g5w4t,2.21,1,1,2.21,Low Value,One-time (1)
45zd2km7,2.21,1,1,2.21,Low Value,One-time (1)
98rgt82m,2.21,1,1,2.21,Low Value,One-time (1)
gy254m6w,2.21,1,1,2.21,Low Value,One-time (1)
7y9x276q,2.21,1,1,2.21,Low Value,One-time (1)
o5avhuci,2.21,1,1,2.21,Low Value,One-time (1)
6o7quzoe,2.21,1,1,2.21,Low Value,One-time (1)
wouvyibs,2.21,1,1,2.21,Low Value,One-time (1)
lctgskfm,2.21,1,1,2.21,Low Value,One-time (1)
1qz9ewng,2.21,1,1,2.21,Low Value,One-time (1)
e76pvrtj,2.21,1,1,2.21,Low Value,One-time (1)
0jrwxauu,2.21,1,1,2.21,Low Value,One-time (1)
cqadc13v,2.21,1,1,2.21,Low Value,One-time (1)
1uqhmbaa,2.21,1,1,2.21,Low Value,One-time (1)
57wfarfr,2.21,1,1,2.21,Low Value,One-time (1)
5yznll00,2.21,1,1,2.21,Low Value,One-time (1)
dnib6oyx,2.21,1,1,2.21,Low Value,One-time (1)
w0h7idmm,2.2,1,1,2.2,Low Value,One-time (1)
bm1dbqd5,2.2,1,1,2.2,Low Value,One-time (1)
tjqv698s,2.2,1,1,2.2,Low Value,One-time (1)
hdar383j,2.2,1,1,2.2,Low Value,One-time (1)
3gws4gzu,2.2,1,1,2.2,Low Value,One-time (1)
b2t1btcv,2.2,1,1,2.2,Low Value,One-time (1)
u5ii3n6u,2.2,1,1,2.2,Low Value,One-time (1)
1vsk4lij,2.2,1,1,2.2,Low Value,One-time (1)
colt85u2,2.2,1,1,2.2,Low Value,One-time (1)
fufmy4j1,2.2,1,1,2.2,Low Value,One-time (1)
ql4xwoh6,2.2,1,1,2.2,Low Value,One-time (1)
p1yfmcww,2.2,1,1,2.2,Low Value,One-time (1)
fz0yld52,2.2,1,1,2.2,Low Value,One-time (1)
nzyynr66,2.2,1,1,2.2,Low Value,One-time (1)
kgqr8uhj,2.2,1,1,2.2,Low Value,One-time (1)
xg4e132r,2.2,1,1,2.2,Low Value,One-time (1)
ghodjbo7,2.2,1,1,2.2,Low Value,One-time (1)
67fc5v2k,2.2,1,1,2.2,Low Value,One-time (1)
cxycyjny,2.2,1,1,2.2,Low Value,One-time (1)
f3npi9ku,2.2,1,1,2.2,Low Value,One-time (1)
6v0yja7p,2.2,1,1,2.2,Low Value,One-time (1)
s1g3mb6m,2.2,1,1,2.2,Low Value,One-time (1)
bx38089n,2.2,1,1,2.2,Low Value,One-time (1)
g9ncbekg,2.2,1,1,2.2,Low Value,One-time (1)
mf6g6zvf,2.2,1,1,2.2,Low Value,One-time (1)
0aqg1rs3,2.2,1,1,2.2,Low Value,One-time (1)
l08xmqr6,2.2,1,1,2.2,Low Value,One-time (1)
698u62n8,2.19,1,1,2.19,Low Value,One-time (1)
jk6a9vg2,2.19,1,1,2.19,Low Value,One-time (1)
sf3x2k1c,2.18,1,1,2.18,Low Value,One-time (1)
leuvxonn,2.18,1,1,2.18,Low Value,One-time (1)
xivf8ev0,2.18,1,1,2.18,Low Value,One-time (1)
2epdojro,2.18,1,1,2.18,Low Value,One-time (1)
nlhduyit,2.18,1,1,2.18,Low Value,One-time (1)
vi116fmf,2.18,1,1,2.18,Low Value,One-time (1)
m5ydea2s,2.18,1,1,2.18,Low Value,One-time (1)
ykvo40ie,2.18,1,1,2.18,Low Value,One-time (1)
oi4207nx,2.18,1,1,2.18,Low Value,One-time (1)
tfmldrgl,2.17,1,1,2.17,Low Value,One-time (1)
vmpnfzv3,2.17,1,1,2.17,Low Value,One-time (1)
2ml52bm7,2.17,1,1,2.17,Low Value,One-time (1)
bh2n28bv,2.16,1,1,2.16,Low Value,One-time (1)
yl27dtg4,2.16,1,1,2.16,Low Value,One-time (1)
9gz3uqzf,2.16,1,1,2.16,Low Value,One-time (1)
dm0r9udh,2.16,1,1,2.16,Low Value,One-time (1)
p5gndy8d,2.16,1,1,2.16,Low Value,One-time (1)
l39dg5ri,2.16,1,1,2.16,Low Value,One-time (1)
8gy39bu4,2.16,1,1,2.16,Low Value,One-time (1)
hscz211j,2.16,1,1,2.16,Low Value,One-time (1)
15z8vmuh,2.16,1,1,2.16,Low Value,One-time (1)
kgca5w38,2.16,1,1,2.16,Low Value,One-time (1)
flyf15st,2.16,1,1,2.16,Low Value,One-time (1)
q1fia793,2.16,1,1,2.16,Low Value,One-time (1)
d1wcrv68,2.16,1,1,2.16,Low Value,One-time (1)
fv0q3r7g,2.16,1,1,2.16,Low Value,One-time (1)
c36300n8,2.16,1,1,2.16,Low Value,One-time (1)
x7tpzsv8,2.16,1,1,2.16,Low Value,One-time (1)
s19ehzpk,2.16,1,1,2.16,Low Value,One-time (1)
zxz9ogf2,2.16,1,1,2.16,Low Value,One-time (1)
ddcvos3d,2.16,1,1,2.16,Low Value,One-time (1)
hhl76xw9,2.16,1,1,2.16,Low Value,One-time (1)
ix8yvnuq,2.16,1,1,2.16,Low Value,One-time (1)
54fextpf,2.16,1,1,2.16,Low Value,One-time (1)
dt5v3ruq,2.16,1,1,2.16,Low Value,One-time (1)
3s3ahr9f,2.16,1,1,2.16,Low Value,One-time (1)
y32jjywh,2.16,1,1,2.16,Low Value,One-time (1)
xi359k59,2.16,1,1,2.16,Low Value,One-time (1)
1ytqysat,2.16,1,1,2.16,Low Value,One-time (1)
qq0nas3y,2.16,1,1,2.16,Low Value,One-time (1)
o0po05oc,2.16,1,1,2.16,Low Value,One-time (1)
0q28ni4m,2.16,1,1,2.16,Low Value,One-time (1)
tf8rt7x9,2.16,1,1,2.16,Low Value,One-time (1)
a0yi3h4h,2.16,1,1,2.16,Low Value,One-time (1)
vkt0fry0,2.16,1,1,2.16,Low Value,One-time (1)
uuxdk12s,2.16,1,1,2.16,Low Value,One-time (1)
mfi92m8t,2.16,1,1,2.16,Low Value,One-time (1)
ovqnkz3r,2.16,1,1,2.16,Low Value,One-time (1)
vocykjea,2.16,1,1,2.16,Low Value,One-time (1)
ki9nex5m,2.16,1,1,2.16,Low Value,One-time (1)
yn4269oc,2.16,1,1,2.16,Low Value,One-time (1)
76uk6y4s,2.16,1,1,2.16,Low Value,One-time (1)
ocyx5oku,2.15,1,1,2.15,Low Value,One-time (1)
crq33zt1,2.15,1,1,2.15,Low Value,One-time (1)
22srcvrl,2.14,1,1,2.14,Low Value,One-time (1)
vv2615ga,2.14,1,1,2.14,Low Value,One-time (1)
57shp8r1,2.14,1,1,2.14,Low Value,One-time (1)
sopkxcvm,2.14,1,1,2.14,Low Value,One-time (1)
a8uvpyci,2.14,1,1,2.14,Low Value,One-time (1)
u1isap2s,2.14,1,1,2.14,Low Value,One-time (1)
4lwawr18,2.14,1,1,2.14,Low Value,One-time (1)
ujun9iwf,2.14,1,1,2.14,Low Value,One-time (1)
flhwdq6f,2.14,1,1,2.14,Low Value,One-time (1)
2xppv56n,2.14,1,1,2.14,Low Value,One-time (1)
eaa6xfgc,2.14,1,1,2.14,Low Value,One-time (1)
zx4z7gg6,2.14,1,1,2.14,Low Value,One-time (1)
fh66qaxe,2.14,1,1,2.14,Low Value,One-time (1)
wbewi1qr,2.14,1,1,2.14,Low Value,One-time (1)
s6r9ew89,2.14,1,1,2.14,Low Value,One-time (1)
262cb5em,2.14,1,1,2.14,Low Value,One-time (1)
g6g04jgs,2.14,1,1,2.14,Low Value,One-time (1)
md0dmwho,2.14,1,1,2.14,Low Value,One-time (1)
9fb0aqt8,2.14,1,1,2.14,Low Value,One-time (1)
4u0zm0dd,2.14,1,1,2.14,Low Value,One-time (1)
i8xfm99n,2.14,1,1,2.14,Low Value,One-time (1)
rzdgmv39,2.14,1,1,2.14,Low Value,One-time (1)
37j4wwop,2.14,1,1,2.14,Low Value,One-time (1)
8i7dyial,2.14,1,1,2.14,Low Value,One-time (1)
hnxd657v,2.14,1,1,2.14,Low Value,One-time (1)
vtodp7n2,2.13,1,1,2.13,Low Value,One-time (1)
2wp0g4z3,2.13,1,1,2.13,Low Value,One-time (1)
k3a9414f,2.13,1,1,2.13,Low Value,One-time (1)
iqc0dyg2,2.13,1,1,2.13,Low Value,One-time (1)
vfxp2ir5,2.13,1,1,2.13,Low Value,One-time (1)
j4v2q630,2.13,1,1,2.13,Low Value,One-time (1)
viijk15g,2.13,1,1,2.13,Low Value,One-time (1)
v3yxwsw7,2.13,1,1,2.13,Low Value,One-time (1)
e7idafnt,2.13,1,1,2.13,Low Value,One-time (1)
o6zgbhnc,2.13,1,1,2.13,Low Value,One-time (1)
bm4ywy9c,2.13,1,1,2.13,Low Value,One-time (1)
27mnwaqu,2.13,1,1,2.13,Low Value,One-time (1)
ki69zlvs,2.13,1,1,2.13,Low Value,One-time (1)
x2sz0gxc,2.13,1,1,2.13,Low Value,One-time (1)
zf86r462,2.13,1,1,2.13,Low Value,One-time (1)
fb431sl6,2.13,1,1,2.13,Low Value,One-time (1)
h2wl5y51,2.13,1,1,2.13,Low Value,One-time (1)
5a1bkkqt,2.13,1,1,2.13,Low Value,One-time (1)
lz78cxbs,2.13,1,1,2.13,Low Value,One-time (1)
odev6mo1,2.13,1,1,2.13,Low Value,One-time (1)
6zhatha8,2.13,1,1,2.13,Low Value,One-time (1)
ye9b0w1c,2.13,1,1,2.13,Low Value,One-time (1)
hft0jwkb,2.13,1,1,2.13,Low Value,One-time (1)
0a5bqo7w,2.13,1,1,2.13,Low Value,One-time (1)
wlc33h8g,2.13,1,1,2.13,Low Value,One-time (1)
qefs4y2x,2.13,1,1,2.13,Low Value,One-time (1)
wi8fy8hs,2.13,1,1,2.13,Low Value,One-time (1)
2elc7r55,2.13,1,1,2.13,Low Value,One-time (1)
mfxeep76,2.13,1,1,2.13,Low Value,One-time (1)
djq90scq,2.13,1,1,2.13,Low Value,One-time (1)
zvrnf5ba,2.13,1,1,2.13,Low Value,One-time (1)
hl3gcgzd,2.13,1,1,2.13,Low Value,One-time (1)
fycry9fy,2.13,1,1,2.13,Low Value,One-time (1)
8wigthre,2.13,1,1,2.13,Low Value,One-time (1)
kfomvruq,2.13,1,1,2.13,Low Value,One-time (1)
xebzhylr,2.13,1,1,2.13,Low Value,One-time (1)
lhhgi7hv,2.13,1,1,2.13,Low Value,One-time (1)
rou6h0we,2.13,1,1,2.13,Low Value,One-time (1)
64qnihmx,2.12,1,1,2.12,Low Value,One-time (1)
uk6m8ftr,2.12,1,1,2.12,Low Value,One-time (1)
0p9semdy,2.12,1,1,2.12,Low Value,One-time (1)
k4669xnt,2.12,1,1,2.12,Low Value,One-time (1)
gjddp1f4,2.12,1,1,2.12,Low Value,One-time (1)
9e9ww0gc,2.12,1,1,2.12,Low Value,One-time (1)
mmcja71b,2.12,1,1,2.12,Low Value,One-time (1)
9oq14yc3,2.12,1,1,2.12,Low Value,One-time (1)
y1f7bbdv,2.12,1,1,2.12,Low Value,One-time (1)
lkrmlvsv,2.12,1,1,2.12,Low Value,One-time (1)
zhjjsduw,2.12,1,1,2.12,Low Value,One-time (1)
5qmt1sh2,2.12,1,1,2.12,Low Value,One-time (1)
ppfa0ggt,2.12,1,1,2.12,Low Value,One-time (1)
mfb72kjh,2.12,1,1,2.12,Low Value,One-time (1)
rydgf7wj,2.12,1,1,2.12,Low Value,One-time (1)
rylyd8ue,2.12,1,1,2.12,Low Value,One-time (1)
g7jfwbb7,2.12,1,1,2.12,Low Value,One-time (1)
03fbcl81,2.12,1,1,2.12,Low Value,One-time (1)
gas0r778,2.12,1,1,2.12,Low Value,One-time (1)
rr66r6fk,2.12,1,1,2.12,Low Value,One-time (1)
7yjr3wcj,2.12,1,1,2.12,Low Value,One-time (1)
32r9jzf8,2.12,1,1,2.12,Low Value,One-time (1)
o2ucbnun,2.12,1,1,2.12,Low Value,One-time (1)
s6ty44z4,2.12,1,1,2.12,Low Value,One-time (1)
0p48q7dr,2.12,1,1,2.12,Low Value,One-time (1)
m249kim6,2.12,1,1,2.12,Low Value,One-time (1)
1qdg8d7z,2.12,1,1,2.12,Low Value,One-time (1)
iroh1j3e,2.12,1,1,2.12,Low Value,One-time (1)
pwimyahy,2.12,1,1,2.12,Low Value,One-time (1)
bqwzkuq8,2.12,1,1,2.12,Low Value,One-time (1)
ohctjkvd,2.12,1,1,2.12,Low Value,One-time (1)
lg6rxjcm,2.12,1,1,2.12,Low Value,One-time (1)
bvn7nprb,2.12,1,1,2.12,Low Value,One-time (1)
yzcsaehd,2.12,1,1,2.12,Low Value,One-time (1)
70sx20do,2.12,1,1,2.12,Low Value,One-time (1)
tlcj5wan,2.12,1,1,2.12,Low Value,One-time (1)
hfj7upfl,2.12,1,1,2.12,Low Value,One-time (1)
du1j3qkn,2.12,1,1,2.12,Low Value,One-time (1)
xrkb24ra,2.12,1,1,2.12,Low Value,One-time (1)
tpp57k0b,2.12,1,1,2.12,Low Value,One-time (1)
60f5rxwt,2.12,1,1,2.12,Low Value,One-time (1)
r9dkijjv,2.12,1,1,2.12,Low Value,One-time (1)
6botymba,2.12,1,1,2.12,Low Value,One-time (1)
2j1lvkiy,2.12,1,1,2.12,Low Value,One-time (1)
yl5fgyrq,2.12,1,1,2.12,Low Value,One-time (1)
kdu1spuo,2.12,1,1,2.12,Low Value,One-time (1)
6pztbyq1,2.12,1,1,2.12,Low Value,One-time (1)
fsvvfjgf,2.12,1,1,2.12,Low Value,One-time (1)
3lyi0700,2.12,1,1,2.12,Low Value,One-time (1)
fme9448y,2.12,1,1,2.12,Low Value,One-time (1)
n4nza1j4,2.12,1,1,2.12,Low Value,One-time (1)
aa32h7j1,2.12,1,1,2.12,Low Value,One-time (1)
9bsg2t5f,2.12,1,1,2.12,Low Value,One-time (1)
c5a002yh,2.12,1,1,2.12,Low Value,One-time (1)
5nund8br,2.12,1,1,2.12,Low Value,One-time (1)
l2dpsz63,2.12,1,1,2.12,Low Value,One-time (1)
veokvyck,2.12,1,1,2.12,Low Value,One-time (1)
6ntmx5gr,2.12,1,1,2.12,Low Value,One-time (1)
iav7l941,2.12,1,1,2.12,Low Value,One-time (1)
miy0jh5i,2.12,1,1,2.12,Low Value,One-time (1)
01ny33nz,2.12,1,1,2.12,Low Value,One-time (1)
72f86v9y,2.12,1,1,2.12,Low Value,One-time (1)
8d4u3q0j,2.12,1,1,2.12,Low Value,One-time (1)
5jayi5py,2.12,1,1,2.12,Low Value,One-time (1)
41gl5z2j,2.12,1,1,2.12,Low Value,One-time (1)
jv9zlmcu,2.12,1,1,2.12,Low Value,One-time (1)
23u7oub7,2.12,1,1,2.12,Low Value,One-time (1)
rn9lf5jw,2.12,1,1,2.12,Low Value,One-time (1)
245ehjzp,2.12,1,1,2.12,Low Value,One-time (1)
c8tmhgd6,2.12,1,1,2.12,Low Value,One-time (1)
qdfkt6e6,2.12,1,1,2.12,Low Value,One-time (1)
7quusfn0,2.12,1,1,2.12,Low Value,One-time (1)
gf71vv41,2.11,1,1,2.11,Low Value,One-time (1)
j3fknuc4,2.11,1,1,2.11,Low Value,One-time (1)
fwv9cbk3,2.1,1,1,2.1,Low Value,One-time (1)
z7wgf5jf,2.1,1,1,2.1,Low Value,One-time (1)
m30srx8n,2.1,1,1,2.1,Low Value,One-time (1)
fbmenui3,2.1,1,1,2.1,Low Value,One-time (1)
1vmzj429,2.1,1,1,2.1,Low Value,One-time (1)
0k757mwo,2.1,1,1,2.1,Low Value,One-time (1)
3jgesvoq,2.1,1,1,2.1,Low Value,One-time (1)
auh6dsxm,2.1,1,1,2.1,Low Value,One-time (1)
24dcclc5,2.1,1,1,2.1,Low Value,One-time (1)
maru46y7,2.09,1,1,2.09,Low Value,One-time (1)
mrc82gm2,2.09,1,1,2.09,Low Value,One-time (1)
8yivot9z,2.09,1,1,2.09,Low Value,One-time (1)
k3im6py3,2.09,1,1,2.09,Low Value,One-time (1)
duupm8no,2.09,1,1,2.09,Low Value,One-time (1)
pjsy61dk,2.09,1,1,2.09,Low Value,One-time (1)
93nu0st7,2.09,1,1,2.09,Low Value,One-time (1)
pa9lifwd,2.09,1,1,2.09,Low Value,One-time (1)
r8ke9f15,2.09,1,1,2.09,Low Value,One-time (1)
jvuilpo9,2.09,1,1,2.09,Low Value,One-time (1)
ctoxtxek,2.09,1,1,2.09,Low Value,One-time (1)
lckz9168,2.09,1,1,2.09,Low Value,One-time (1)
47k3u8hb,2.09,1,1,2.09,Low Value,One-time (1)
53q71p6b,2.09,1,1,2.09,Low Value,One-time (1)
ly1oglns,2.09,1,1,2.09,Low Value,One-time (1)
javfl6ij,2.09,1,1,2.09,Low Value,One-time (1)
3b22mc58,2.09,1,1,2.09,Low Value,One-time (1)
vqvvexmo,2.09,1,1,2.09,Low Value,One-time (1)
30y3m7jk,2.09,1,1,2.09,Low Value,One-time (1)
giqulce2,2.09,1,1,2.09,Low Value,One-time (1)
1h34aguw,2.09,1,1,2.09,Low Value,One-time (1)
g2wxnn3n,2.09,1,1,2.09,Low Value,One-time (1)
ibq57for,2.09,1,1,2.09,Low Value,One-time (1)
9zo58jau,2.09,1,1,2.09,Low Value,One-time (1)
vguxgpmm,2.09,1,1,2.09,Low Value,One-time (1)
fe16ugom,2.09,1,1,2.09,Low Value,One-time (1)
x3yf1kze,2.09,1,1,2.09,Low Value,One-time (1)
bt3m7cj8,2.09,1,1,2.09,Low Value,One-time (1)
ywfezzsc,2.09,1,1,2.09,Low Value,One-time (1)
f7k7fbgg,2.09,1,1,2.09,Low Value,One-time (1)
0u7twfiv,2.09,1,1,2.09,Low Value,One-time (1)
wjtmd7iy,2.09,1,1,2.09,Low Value,One-time (1)
oaeuucso,2.09,1,1,2.09,Low Value,One-time (1)
q8hbmqke,2.09,1,1,2.09,Low Value,One-time (1)
f2duxyhk,2.09,1,1,2.09,Low Value,One-time (1)
5um1ovuo,2.09,1,1,2.09,Low Value,One-time (1)
5oxxlykj,2.09,1,1,2.09,Low Value,One-time (1)
vnxiv9iw,2.09,1,1,2.09,Low Value,One-time (1)
xrr858f0,2.09,1,1,2.09,Low Value,One-time (1)
yfkprig7,2.09,1,1,2.09,Low Value,One-time (1)
n8f98ntn,2.08,1,1,2.08,Low Value,One-time (1)
6rl0nwrn,2.08,1,1,2.08,Low Value,One-time (1)
vc7h56e4,2.08,1,1,2.08,Low Value,One-time (1)
qmibzuwd,2.07,1,1,2.07,Low Value,One-time (1)
l1s2qpkg,2.07,1,1,2.07,Low Value,One-time (1)
o7lo0zxy,2.07,1,1,2.07,Low Value,One-time (1)
nazhqb0z,2.07,1,1,2.07,Low Value,One-time (1)
nmc40q9n,2.07,1,1,2.07,Low Value,One-time (1)
behndgty,2.07,1,1,2.07,Low Value,One-time (1)
h2qj51ot,2.07,1,1,2.07,Low Value,One-time (1)
3ytik6th,2.07,1,1,2.07,Low Value,One-time (1)
htxh15jy,2.07,1,1,2.07,Low Value,One-time (1)
qp8q3kw5,2.07,1,1,2.07,Low Value,One-time (1)
yo9g89zc,2.07,1,1,2.07,Low Value,One-time (1)
5f99ajmt,2.07,1,1,2.07,Low Value,One-time (1)
ru088t51,2.07,1,1,2.07,Low Value,One-time (1)
a6yy35x4,2.07,1,1,2.07,Low Value,One-time (1)
y6plk6j8,2.07,1,1,2.07,Low Value,One-time (1)
g5mq4hll,2.07,1,1,2.07,Low Value,One-time (1)
0kgvuj8g,2.07,1,1,2.07,Low Value,One-time (1)
g24479qt,2.07,1,1,2.07,Low Value,One-time (1)
7sju5rhh,2.07,1,1,2.07,Low Value,One-time (1)
vchug07t,2.07,1,1,2.07,Low Value,One-time (1)
ohnwq3qr,2.07,1,1,2.07,Low Value,One-time (1)
41dsdaiu,2.07,1,1,2.07,Low Value,One-time (1)
feq8sejr,2.07,1,1,2.07,Low Value,One-time (1)
i89n9aej,2.07,1,1,2.07,Low Value,One-time (1)
v0tj6uz4,2.07,1,1,2.07,Low Value,One-time (1)
q498q1vi,2.07,1,1,2.07,Low Value,One-time (1)
23dxvbcv,2.07,1,1,2.07,Low Value,One-time (1)
gk7doqfa,2.07,1,1,2.07,Low Value,One-time (1)
vzh97zb5,2.07,1,1,2.07,Low Value,One-time (1)
h2jwo55a,2.07,1,1,2.07,Low Value,One-time (1)
sqc4yybl,2.07,1,1,2.07,Low Value,One-time (1)
n7fbmhef,2.07,1,1,2.07,Low Value,One-time (1)
f2wfvu3h,2.07,1,1,2.07,Low Value,One-time (1)
utn9bwj3,2.07,1,1,2.07,Low Value,One-time (1)
on8bgexx,2.07,1,1,2.07,Low Value,One-time (1)
amfckcz1,2.07,1,1,2.07,Low Value,One-time (1)
xna7t762,2.07,1,1,2.07,Low Value,One-time (1)
gtmt5odb,2.07,1,1,2.07,Low Value,One-time (1)
akfus3s7,2.07,1,1,2.07,Low Value,One-time (1)
8whl1wcm,2.07,1,1,2.07,Low Value,One-time (1)
l8cmkuh7,2.07,1,1,2.07,Low Value,One-time (1)
njhxuax7,2.07,1,1,2.07,Low Value,One-time (1)
ou0jvn2r,2.07,1,1,2.07,Low Value,One-time (1)
ubxqe2f5,2.07,1,1,2.07,Low Value,One-time (1)
c1nrfdjg,2.07,1,1,2.07,Low Value,One-time (1)
y1dk85c5,2.07,1,1,2.07,Low Value,One-time (1)
9tb7u90a,2.07,1,1,2.07,Low Value,One-time (1)
0laa6irb,2.07,1,1,2.07,Low Value,One-time (1)
lm54u5hx,2.07,1,1,2.07,Low Value,One-time (1)
bfiy5pu5,2.07,1,1,2.07,Low Value,One-time (1)
hp9u3xjq,2.07,1,1,2.07,Low Value,One-time (1)
bwxvhz8k,2.06,1,1,2.06,Low Value,One-time (1)
dps1dx2t,2.06,1,1,2.06,Low Value,One-time (1)
nooqxzyk,2.06,1,1,2.06,Low Value,One-time (1)
2blm5uy2,2.06,1,1,2.06,Low Value,One-time (1)
qb9dzizj,2.06,1,1,2.06,Low Value,One-time (1)
c1ff6cat,2.06,1,1,2.06,Low Value,One-time (1)
p2tz8asi,2.06,1,1,2.06,Low Value,One-time (1)
45a5hjzr,2.06,1,1,2.06,Low Value,One-time (1)
xzdt9gq7,2.06,1,1,2.06,Low Value,One-time (1)
t4fba0k4,2.06,1,1,2.06,Low Value,One-time (1)
zjauxcoj,2.06,1,1,2.06,Low Value,One-time (1)
o6q7s6r7,2.06,1,1,2.06,Low Value,One-time (1)
z09vjdck,2.06,1,1,2.06,Low Value,One-time (1)
0b377apg,2.06,1,1,2.06,Low Value,One-time (1)
om9o7ye3,2.06,1,1,2.06,Low Value,One-time (1)
z1qnj2h9,2.06,1,1,2.06,Low Value,One-time (1)
7p3mxllm,2.05,1,1,2.05,Low Value,One-time (1)
p2lonrqa,2.05,1,1,2.05,Low Value,One-time (1)
74sgqyyl,2.05,1,1,2.05,Low Value,One-time (1)
snzmchzh,2.05,1,1,2.05,Low Value,One-time (1)
xjr69o1q,2.05,1,1,2.05,Low Value,One-time (1)
zp8sic1k,2.05,1,1,2.05,Low Value,One-time (1)
bttti6pn,2.05,1,1,2.05,Low Value,One-time (1)
2si6rts3,2.05,1,1,2.05,Low Value,One-time (1)
blnqk79h,2.05,1,1,2.05,Low Value,One-time (1)
4ay0d6rb,2.05,1,1,2.05,Low Value,One-time (1)
zp9j3onh,2.05,1,1,2.05,Low Value,One-time (1)
yk7fmnvq,2.05,1,1,2.05,Low Value,One-time (1)
yk7cfgb6,2.05,1,1,2.05,Low Value,One-time (1)
n5va4omr,2.05,1,1,2.05,Low Value,One-time (1)
i0yh478a,2.05,1,1,2.05,Low Value,One-time (1)
z34rjruq,2.05,1,1,2.05,Low Value,One-time (1)
c3uk17db,2.05,1,1,2.05,Low Value,One-time (1)
egd0xpac,2.05,1,1,2.05,Low Value,One-time (1)
411hi4p8,2.05,1,1,2.05,Low Value,One-time (1)
n5n74j4l,2.05,1,1,2.05,Low Value,One-time (1)
6aamd3bh,2.05,1,1,2.05,Low Value,One-time (1)
pxxz9oz9,2.05,1,1,2.05,Low Value,One-time (1)
5wnwr7gf,2.05,1,1,2.05,Low Value,One-time (1)
c2wyg33e,2.05,1,1,2.05,Low Value,One-time (1)
pfeqkrxe,2.05,1,1,2.05,Low Value,One-time (1)
2p0xlr4k,2.05,1,1,2.05,Low Value,One-time (1)
ac3uy718,2.05,1,1,2.05,Low Value,One-time (1)
8vuewo3f,2.05,1,1,2.05,Low Value,One-time (1)
253iqquo,2.05,1,1,2.05,Low Value,One-time (1)
74gyh14b,2.05,1,1,2.05,Low Value,One-time (1)
x0ucu59a,2.05,1,1,2.05,Low Value,One-time (1)
ty6du258,2.05,1,1,2.05,Low Value,One-time (1)
ht39pmud,2.05,1,1,2.05,Low Value,One-time (1)
oaa85hil,2.05,1,1,2.05,Low Value,One-time (1)
0b6870vj,2.05,1,1,2.05,Low Value,One-time (1)
tpgoct7u,2.05,1,1,2.05,Low Value,One-time (1)
too9p4da,2.05,1,1,2.05,Low Value,One-time (1)
dlgqz0ag,2.05,1,1,2.05,Low Value,One-time (1)
wa62mczt,2.05,1,1,2.05,Low Value,One-time (1)
danrgm6j,2.05,1,1,2.05,Low Value,One-time (1)
wrenbjm9,2.05,1,1,2.05,Low Value,One-time (1)
gwr0o9ty,2.05,1,1,2.05,Low Value,One-time (1)
ffsn80of,2.05,1,1,2.05,Low Value,One-time (1)
qaub4eyt,2.05,1,1,2.05,Low Value,One-time (1)
96xyv6ds,2.05,1,1,2.05,Low Value,One-time (1)
cactilwz,2.05,1,1,2.05,Low Value,One-time (1)
x9qzi3nd,2.05,1,1,2.05,Low Value,One-time (1)
xhwt2mop,2.05,1,1,2.05,Low Value,One-time (1)
koekzk1p,2.05,1,1,2.05,Low Value,One-time (1)
3zvzyqfy,2.05,1,1,2.05,Low Value,One-time (1)
qb3qdt5p,2.05,1,1,2.05,Low Value,One-time (1)
kp9dfhxt,2.05,1,1,2.05,Low Value,One-time (1)
988dx8zx,2.05,1,1,2.05,Low Value,One-time (1)
yycgo92r,2.05,1,1,2.05,Low Value,One-time (1)
qq1zaruk,2.05,1,1,2.05,Low Value,One-time (1)
5rl321ie,2.05,1,1,2.05,Low Value,One-time (1)
9qiif00j,2.05,1,1,2.05,Low Value,One-time (1)
l3ps4igs,2.05,1,1,2.05,Low Value,One-time (1)
vdhf0xdk,2.05,1,1,2.05,Low Value,One-time (1)
8o7j2bh7,2.05,1,1,2.05,Low Value,One-time (1)
em0c5ipy,2.05,1,1,2.05,Low Value,One-time (1)
j6dem1by,2.05,1,1,2.05,Low Value,One-time (1)
m087t3kq,2.05,1,1,2.05,Low Value,One-time (1)
6tdbxnj9,2.05,1,1,2.05,Low Value,One-time (1)
3ibg3hkc,2.05,1,1,2.05,Low Value,One-time (1)
tnijiqqb,2.05,1,1,2.05,Low Value,One-time (1)
m1snitje,2.05,1,1,2.05,Low Value,One-time (1)
ic9jmjwg,2.05,1,1,2.05,Low Value,One-time (1)
q05bwlb7,2.05,1,1,2.05,Low Value,One-time (1)
u5l1484n,2.05,1,1,2.05,Low Value,One-time (1)
j61grus0,2.05,1,1,2.05,Low Value,One-time (1)
m3psr0ma,2.05,1,1,2.05,Low Value,One-time (1)
phgy07r4,2.05,1,1,2.05,Low Value,One-time (1)
28hfa78g,2.05,1,1,2.05,Low Value,One-time (1)
66jsoiiu,2.03,1,1,2.03,Low Value,One-time (1)
ckk8dupk,2.03,1,1,2.03,Low Value,One-time (1)
dtf2welf,2.03,1,1,2.03,Low Value,One-time (1)
tuw34p2p,2.03,1,1,2.03,Low Value,One-time (1)
uuge7xot,2.03,1,1,2.03,Low Value,One-time (1)
2qdavnsb,2.03,1,1,2.03,Low Value,One-time (1)
zto248j4,2.03,1,1,2.03,Low Value,One-time (1)
p1i1gb78,2.03,1,1,2.03,Low Value,One-time (1)
8xwk8zcb,2.03,1,1,2.03,Low Value,One-time (1)
13wtpugc,2.02,1,1,2.02,Low Value,One-time (1)
jya98ezo,2.02,1,1,2.02,Low Value,One-time (1)
dzfkzbnz,2.02,1,1,2.02,Low Value,One-time (1)
euoft5qe,2.02,1,1,2.02,Low Value,One-time (1)
042r9skb,2.02,1,1,2.02,Low Value,One-time (1)
grio7b2n,2.02,1,1,2.02,Low Value,One-time (1)
b3y9r6au,2.02,1,1,2.02,Low Value,One-time (1)
6vt0ja8k,2.02,1,1,2.02,Low Value,One-time (1)
qgpex6p9,2.02,1,1,2.02,Low Value,One-time (1)
m5aaijbt,2.02,1,1,2.02,Low Value,One-time (1)
mfyfavk3,2.02,1,1,2.02,Low Value,One-time (1)
zklong7h,2.02,1,1,2.02,Low Value,One-time (1)
y9lhktey,2.02,1,1,2.02,Low Value,One-time (1)
kygtvwwu,2.02,1,1,2.02,Low Value,One-time (1)
xj37c9h4,2.02,1,1,2.02,Low Value,One-time (1)
d0cj2rk7,2.02,1,1,2.02,Low Value,One-time (1)
mrd62dwc,2.02,1,1,2.02,Low Value,One-time (1)
jltpr9d2,2.02,1,1,2.02,Low Value,One-time (1)
gkdv7i5c,2.02,1,1,2.02,Low Value,One-time (1)
z8gddgwl,2.02,1,1,2.02,Low Value,One-time (1)
c6mp8qv8,2.02,1,1,2.02,Low Value,One-time (1)
3ufalidl,2.02,1,1,2.02,Low Value,One-time (1)
fkdc8my2,2.02,1,1,2.02,Low Value,One-time (1)
kgpbhaq1,2.02,1,1,2.02,Low Value,One-time (1)
wiyuptbb,2.02,1,1,2.02,Low Value,One-time (1)
e1ufj4ze,2.02,1,1,2.02,Low Value,One-time (1)
dancpgzs,2.01,1,1,2.01,Low Value,One-time (1)
24f8obti,2.01,1,1,2.01,Low Value,One-time (1)
m78hy2w7,2.01,1,1,2.01,Low Value,One-time (1)
crv7utj1,2.01,1,1,2.01,Low Value,One-time (1)
8gmnhie9,2.01,1,1,2.01,Low Value,One-time (1)
svu7zup8,2.0,1,1,2.0,Low Value,One-time (1)
uh0lwmx0,2.0,1,1,2.0,Low Value,One-time (1)
2wqwk7ya,2.0,1,1,2.0,Low Value,One-time (1)
qzlbgr1o,2.0,1,1,2.0,Low Value,One-time (1)
x8yr75yz,2.0,1,1,2.0,Low Value,One-time (1)
arrbyz32,2.0,1,1,2.0,Low Value,One-time (1)
m8d35r9f,2.0,1,1,2.0,Low Value,One-time (1)
bnu55df1,2.0,1,1,2.0,Low Value,One-time (1)
bz2ykuln,2.0,1,1,2.0,Low Value,One-time (1)
7a70fb58,2.0,1,1,2.0,Low Value,One-time (1)
xwaaw3tk,2.0,1,1,2.0,Low Value,One-time (1)
4erg9fmq,2.0,1,1,2.0,Low Value,One-time (1)
tz1pt7oi,2.0,1,1,2.0,Low Value,One-time (1)
9vt3x8ve,2.0,1,1,2.0,Low Value,One-time (1)
ghdiluvn,2.0,1,1,2.0,Low Value,One-time (1)
722417dp,2.0,1,1,2.0,Low Value,One-time (1)
9r6uxtxq,2.0,1,1,2.0,Low Value,One-time (1)
lx516p5q,2.0,1,1,2.0,Low Value,One-time (1)
4cc6amfv,2.0,1,1,2.0,Low Value,One-time (1)
ljwltmg0,2.0,1,1,2.0,Low Value,One-time (1)
pjrm6drr,2.0,1,1,2.0,Low Value,One-time (1)
8rtcgbc5,2.0,1,1,2.0,Low Value,One-time (1)
nz30fnrf,2.0,1,1,2.0,Low Value,One-time (1)
sq8lfg5p,1.99,1,1,1.99,Low Value,One-time (1)
v5lkpl1o,1.98,1,1,1.98,Low Value,One-time (1)
aqgkffe6,1.98,1,1,1.98,Low Value,One-time (1)
inwzlyei,1.97,1,1,1.97,Low Value,One-time (1)
hsr22buc,1.97,1,1,1.97,Low Value,One-time (1)
46nmvoiu,1.97,1,1,1.97,Low Value,One-time (1)
5guru0gh,1.97,1,1,1.97,Low Value,One-time (1)
pjxyhe0b,1.97,1,1,1.97,Low Value,One-time (1)
ujf7burv,1.97,1,1,1.97,Low Value,One-time (1)
qb9b3zjx,1.96,1,1,1.96,Low Value,One-time (1)
zgwg8s43,1.96,1,1,1.96,Low Value,One-time (1)
45udtk22,1.96,1,1,1.96,Low Value,One-time (1)
z95vgywv,1.96,1,1,1.96,Low Value,One-time (1)
ccxcvz94,1.96,1,1,1.96,Low Value,One-time (1)
7tzfuymf,1.96,1,1,1.96,Low Value,One-time (1)
1fdvgmvl,1.96,1,1,1.96,Low Value,One-time (1)
46zpu1j3,1.96,1,1,1.96,Low Value,One-time (1)
b3cjwww5,1.96,1,1,1.96,Low Value,One-time (1)
15x3kk1f,1.96,1,1,1.96,Low Value,One-time (1)
v3yhj65o,1.96,1,1,1.96,Low Value,One-time (1)
7p56esh5,1.96,1,1,1.96,Low Value,One-time (1)
0gggu9fj,1.96,1,1,1.96,Low Value,One-time (1)
qtmzc8en,1.96,1,1,1.96,Low Value,One-time (1)
kj53sbbs,1.96,1,1,1.96,Low Value,One-time (1)
3r7uigp7,1.96,1,1,1.96,Low Value,One-time (1)
wbjkw3e9,1.96,1,1,1.96,Low Value,One-time (1)
phqmv1zu,1.96,1,1,1.96,Low Value,One-time (1)
cj4t0sek,1.95,1,1,1.95,Low Value,One-time (1)
896xxvc1,1.95,1,1,1.95,Low Value,One-time (1)
b54w53vu,1.95,1,1,1.95,Low Value,One-time (1)
i9ax5qrm,1.95,1,1,1.95,Low Value,One-time (1)
68uvo8cp,1.95,1,1,1.95,Low Value,One-time (1)
xvokajdl,1.94,1,1,1.94,Low Value,One-time (1)
00at2ng2,1.94,1,1,1.94,Low Value,One-time (1)
ro62b551,1.94,1,1,1.94,Low Value,One-time (1)
zz6kw5h4,1.94,1,1,1.94,Low Value,One-time (1)
1q818yyp,1.94,1,1,1.94,Low Value,One-time (1)
mbpbexgn,1.94,1,1,1.94,Low Value,One-time (1)
s4htbb8k,1.94,1,1,1.94,Low Value,One-time (1)
uy38td74,1.94,1,1,1.94,Low Value,One-time (1)
lshd91ej,1.94,1,1,1.94,Low Value,One-time (1)
f9mqpsym,1.94,1,1,1.94,Low Value,One-time (1)
gnfqrpgb,1.94,1,1,1.94,Low Value,One-time (1)
senvk26m,1.94,1,1,1.94,Low Value,One-time (1)
42rfuhpw,1.94,1,1,1.94,Low Value,One-time (1)
h3cuq6d5,1.94,1,1,1.94,Low Value,One-time (1)
itk2rigi,1.94,1,1,1.94,Low Value,One-time (1)
w6ml32z5,1.94,1,1,1.94,Low Value,One-time (1)
yhie2bxb,1.94,1,1,1.94,Low Value,One-time (1)
qlkt3vbe,1.94,1,1,1.94,Low Value,One-time (1)
ut739vo9,1.94,1,1,1.94,Low Value,One-time (1)
kxxky99d,1.94,1,1,1.94,Low Value,One-time (1)
cjcjcxe4,1.94,1,1,1.94,Low Value,One-time (1)
0kqg9dym,1.92,1,1,1.92,Low Value,One-time (1)
ob4weyyl,1.92,1,1,1.92,Low Value,One-time (1)
w79ujsdo,1.92,1,1,1.92,Low Value,One-time (1)
az7o9i6q,1.92,1,1,1.92,Low Value,One-time (1)
4ohchqnt,1.92,1,1,1.92,Low Value,One-time (1)
27bzrkex,1.91,1,1,1.91,Low Value,One-time (1)
1w04vil3,1.91,1,1,1.91,Low Value,One-time (1)
cyruylqy,1.91,1,1,1.91,Low Value,One-time (1)
qzisnef5,1.91,1,1,1.91,Low Value,One-time (1)
t3ggufr1,1.91,1,1,1.91,Low Value,One-time (1)
pkv79hzj,1.9,1,1,1.9,Low Value,One-time (1)
74oa7izt,1.9,1,1,1.9,Low Value,One-time (1)
0c2d19c5,1.9,1,1,1.9,Low Value,One-time (1)
6ra1tyuw,1.9,1,1,1.9,Low Value,One-time (1)
chd3qe05,1.9,1,1,1.9,Low Value,One-time (1)
6oov4dh9,1.9,1,1,1.9,Low Value,One-time (1)
lqbqeu2g,1.9,1,1,1.9,Low Value,One-time (1)
p7hg6g2c,1.9,1,1,1.9,Low Value,One-time (1)
873ek411,1.9,1,1,1.9,Low Value,One-time (1)
lobrso7g,1.9,1,1,1.9,Low Value,One-time (1)
he4udfk7,1.9,1,1,1.9,Low Value,One-time (1)
b57o5iul,1.9,1,1,1.9,Low Value,One-time (1)
suhdw2sn,1.9,1,1,1.9,Low Value,One-time (1)
8ab13t4y,1.9,1,1,1.9,Low Value,One-time (1)
p7mcyz51,1.9,1,1,1.9,Low Value,One-time (1)
1xofu6be,1.9,1,1,1.9,Low Value,One-time (1)
yb96vj4j,1.9,1,1,1.9,Low Value,One-time (1)
u4cmfcj4,1.9,1,1,1.9,Low Value,One-time (1)
vohz57u4,1.9,1,1,1.9,Low Value,One-time (1)
4tayhgl0,1.9,1,1,1.9,Low Value,One-time (1)
6jdirq43,1.9,1,1,1.9,Low Value,One-time (1)
j0ilxy2j,1.9,1,1,1.9,Low Value,One-time (1)
odycc466,1.9,1,1,1.9,Low Value,One-time (1)
m6syvu4q,1.9,1,1,1.9,Low Value,One-time (1)
mm01o4kp,1.9,1,1,1.9,Low Value,One-time (1)
cugpnfzy,1.9,1,1,1.9,Low Value,One-time (1)
rxa9nbkb,1.9,1,1,1.9,Low Value,One-time (1)
63lrimn9,1.9,1,1,1.9,Low Value,One-time (1)
jtd8ag4w,1.9,1,1,1.9,Low Value,One-time (1)
t0v3v6pt,1.9,1,1,1.9,Low Value,One-time (1)
ks02w22e,1.9,1,1,1.9,Low Value,One-time (1)
a0s2k62e,1.9,1,1,1.9,Low Value,One-time (1)
xvv1z696,1.9,1,1,1.9,Low Value,One-time (1)
13s7kw56,1.89,1,1,1.89,Low Value,One-time (1)
zauty1kn,1.88,1,1,1.88,Low Value,One-time (1)
32l9qkv7,1.88,1,1,1.88,Low Value,One-time (1)
0183aybl,1.88,1,1,1.88,Low Value,One-time (1)
uy3voq7t,1.88,1,1,1.88,Low Value,One-time (1)
birya2e0,1.88,1,1,1.88,Low Value,One-time (1)
1gpbvyek,1.88,1,1,1.88,Low Value,One-time (1)
4sa4zavm,1.88,1,1,1.88,Low Value,One-time (1)
eiza1xc5,1.88,1,1,1.88,Low Value,One-time (1)
hmsj797h,1.88,1,1,1.88,Low Value,One-time (1)
yl0nhjjk,1.88,1,1,1.88,Low Value,One-time (1)
go8mv4y0,1.88,1,1,1.88,Low Value,One-time (1)
c00yrxbv,1.88,1,1,1.88,Low Value,One-time (1)
7u984wov,1.88,1,1,1.88,Low Value,One-time (1)
x1pce3et,1.88,1,1,1.88,Low Value,One-time (1)
sgfamql1,1.88,1,1,1.88,Low Value,One-time (1)
c415yhqz,1.88,1,1,1.88,Low Value,One-time (1)
u2yd4gxu,1.88,1,1,1.88,Low Value,One-time (1)
jv9bc3cb,1.88,1,1,1.88,Low Value,One-time (1)
17xdi51b,1.88,1,1,1.88,Low Value,One-time (1)
pm2xq7o2,1.88,1,1,1.88,Low Value,One-time (1)
op7hkb3q,1.88,1,1,1.88,Low Value,One-time (1)
ca1oaoti,1.88,1,1,1.88,Low Value,One-time (1)
t4dg7s27,1.88,1,1,1.88,Low Value,One-time (1)
dpyfl52d,1.88,1,1,1.88,Low Value,One-time (1)
48gzenxy,1.88,1,1,1.88,Low Value,One-time (1)
phi35l3a,1.88,1,1,1.88,Low Value,One-time (1)
42a165e6,1.88,1,1,1.88,Low Value,One-time (1)
ocuepx5m,1.88,1,1,1.88,Low Value,One-time (1)
8jprt4f9,1.88,1,1,1.88,Low Value,One-time (1)
q9f57tg6,1.88,1,1,1.88,Low Value,One-time (1)
lgahpwii,1.88,1,1,1.88,Low Value,One-time (1)
h8782fdx,1.88,1,1,1.88,Low Value,One-time (1)
t39dstz8,1.87,1,1,1.87,Low Value,One-time (1)
eiiagtpa,1.87,1,1,1.87,Low Value,One-time (1)
hnp34d08,1.87,1,1,1.87,Low Value,One-time (1)
0htq2792,1.87,1,1,1.87,Low Value,One-time (1)
qevp7rpm,1.87,1,1,1.87,Low Value,One-time (1)
v1zsvcqe,1.87,1,1,1.87,Low Value,One-time (1)
apt88z8n,1.87,1,1,1.87,Low Value,One-time (1)
24luhj0n,1.87,1,1,1.87,Low Value,One-time (1)
xlot52ac,1.87,1,1,1.87,Low Value,One-time (1)
1b1rh0qm,1.87,1,1,1.87,Low Value,One-time (1)
8jysp3jd,1.87,1,1,1.87,Low Value,One-time (1)
emoqcamm,1.87,1,1,1.87,Low Value,One-time (1)
od4iuh4p,1.87,1,1,1.87,Low Value,One-time (1)
pm87tx6w,1.87,1,1,1.87,Low Value,One-time (1)
azfzaoxu,1.87,1,1,1.87,Low Value,One-time (1)
gs77be7i,1.87,1,1,1.87,Low Value,One-time (1)
pba6rjt5,1.87,1,1,1.87,Low Value,One-time (1)
qvedt5f7,1.87,1,1,1.87,Low Value,One-time (1)
yp18maw6,1.87,1,1,1.87,Low Value,One-time (1)
6oq8hjk4,1.86,1,1,1.86,Low Value,One-time (1)
43d8w3zp,1.86,1,1,1.86,Low Value,One-time (1)
5o2nepz7,1.86,1,1,1.86,Low Value,One-time (1)
f6kqvbvf,1.85,1,1,1.85,Low Value,One-time (1)
pl0ov45o,1.84,1,1,1.84,Low Value,One-time (1)
5f28nk5d,1.84,1,1,1.84,Low Value,One-time (1)
jg9txx6m,1.84,1,1,1.84,Low Value,One-time (1)
osf3bkde,1.84,1,1,1.84,Low Value,One-time (1)
ua7dsm32,1.84,1,1,1.84,Low Value,One-time (1)
gzsy9fnn,1.84,1,1,1.84,Low Value,One-time (1)
k5tc1jf2,1.84,1,1,1.84,Low Value,One-time (1)
pbbgro28,1.84,1,1,1.84,Low Value,One-time (1)
vitobu0e,1.84,1,1,1.84,Low Value,One-time (1)
nnr7ykan,1.84,1,1,1.84,Low Value,One-time (1)
nngh8rie,1.84,1,1,1.84,Low Value,One-time (1)
1o082sfr,1.84,1,1,1.84,Low Value,One-time (1)
zcotohp6,1.84,1,1,1.84,Low Value,One-time (1)
0kyfp0yw,1.84,1,1,1.84,Low Value,One-time (1)
wjt82d3b,1.84,1,1,1.84,Low Value,One-time (1)
cyzkqopy,1.84,1,1,1.84,Low Value,One-time (1)
rdjzpes3,1.84,1,1,1.84,Low Value,One-time (1)
iz2fmjif,1.84,1,1,1.84,Low Value,One-time (1)
c8n9ct3s,1.84,1,1,1.84,Low Value,One-time (1)
4xalikn5,1.84,1,1,1.84,Low Value,One-time (1)
9pwn4rfz,1.84,1,1,1.84,Low Value,One-time (1)
lqj5sxvw,1.84,1,1,1.84,Low Value,One-time (1)
583re04v,1.84,1,1,1.84,Low Value,One-time (1)
fxh7n5ac,1.84,1,1,1.84,Low Value,One-time (1)
5fab82vx,1.84,1,1,1.84,Low Value,One-time (1)
t4stxzf5,1.84,1,1,1.84,Low Value,One-time (1)
2el6slur,1.84,1,1,1.84,Low Value,One-time (1)
eg8treq5,1.84,1,1,1.84,Low Value,One-time (1)
at1l2o45,1.84,1,1,1.84,Low Value,One-time (1)
x6w4q5fy,1.84,1,1,1.84,Low Value,One-time (1)
yqvcznyr,1.83,1,1,1.83,Low Value,One-time (1)
pe43pimp,1.82,1,1,1.82,Low Value,One-time (1)
pwz4477a,1.82,1,1,1.82,Low Value,One-time (1)
rldq26cm,1.82,1,1,1.82,Low Value,One-time (1)
msy7azul,1.82,1,1,1.82,Low Value,One-time (1)
1361bgmy,1.82,1,1,1.82,Low Value,One-time (1)
j0mpw3gi,1.82,1,1,1.82,Low Value,One-time (1)
rwugdcl7,1.82,1,1,1.82,Low Value,One-time (1)
9m1t4xio,1.82,1,1,1.82,Low Value,One-time (1)
5zek0al3,1.82,1,1,1.82,Low Value,One-time (1)
k3n8oc1y,1.82,1,1,1.82,Low Value,One-time (1)
csnnlpug,1.82,1,1,1.82,Low Value,One-time (1)
scib2vsp,1.82,1,1,1.82,Low Value,One-time (1)
kn5wubqp,1.82,1,1,1.82,Low Value,One-time (1)
1r4jrrey,1.82,1,1,1.82,Low Value,One-time (1)
8pb69uiq,1.82,1,1,1.82,Low Value,One-time (1)
2ggkat8x,1.82,1,1,1.82,Low Value,One-time (1)
ll685anw,1.81,1,1,1.81,Low Value,One-time (1)
4pe6yqrw,1.81,1,1,1.81,Low Value,One-time (1)
4kzvvxni,1.81,1,1,1.81,Low Value,One-time (1)
h6ues8o3,1.81,1,1,1.81,Low Value,One-time (1)
1uumnwqu,1.81,1,1,1.81,Low Value,One-time (1)
bewjegma,1.81,1,1,1.81,Low Value,One-time (1)
9xba6twg,1.81,1,1,1.81,Low Value,One-time (1)
heb3b3zy,1.8,1,1,1.8,Low Value,One-time (1)
imq2ksro,1.8,1,1,1.8,Low Value,One-time (1)
3ui3rifh,1.8,1,1,1.8,Low Value,One-time (1)
yo7kl4qd,1.8,1,1,1.8,Low Value,One-time (1)
mtjmma1e,1.8,1,1,1.8,Low Value,One-time (1)
rtrkofve,1.8,1,1,1.8,Low Value,One-time (1)
7uobansv,1.8,1,1,1.8,Low Value,One-time (1)
wfmax9fk,1.8,1,1,1.8,Low Value,One-time (1)
zdloxvk9,1.8,1,1,1.8,Low Value,One-time (1)
prxu91oc,1.8,1,1,1.8,Low Value,One-time (1)
1dfsts3y,1.8,1,1,1.8,Low Value,One-time (1)
xdbx1tbv,1.8,1,1,1.8,Low Value,One-time (1)
9q66owth,1.8,1,1,1.8,Low Value,One-time (1)
wjzrmuwm,1.8,1,1,1.8,Low Value,One-time (1)
vffrpfr3,1.8,1,1,1.8,Low Value,One-time (1)
bflnspqy,1.8,1,1,1.8,Low Value,One-time (1)
rlt7u5a6,1.8,1,1,1.8,Low Value,One-time (1)
pfmod3m7,1.8,1,1,1.8,Low Value,One-time (1)
kmnx6xfz,1.8,1,1,1.8,Low Value,One-time (1)
e90litvz,1.8,1,1,1.8,Low Value,One-time (1)
pd51tixb,1.8,1,1,1.8,Low Value,One-time (1)
1zjl8b03,1.8,1,1,1.8,Low Value,One-time (1)
42rpvq8x,1.8,1,1,1.8,Low Value,One-time (1)
x11hah8f,1.8,1,1,1.8,Low Value,One-time (1)
hdhcr945,1.8,1,1,1.8,Low Value,One-time (1)
0iu3s9aq,1.8,1,1,1.8,Low Value,One-time (1)
59sri617,1.8,1,1,1.8,Low Value,One-time (1)
0w3oq5h9,1.8,1,1,1.8,Low Value,One-time (1)
jyrmfxsa,1.8,1,1,1.8,Low Value,One-time (1)
788xc2z2,1.8,1,1,1.8,Low Value,One-time (1)
9381bnau,1.8,1,1,1.8,Low Value,One-time (1)
bx96d1qp,1.8,1,1,1.8,Low Value,One-time (1)
i7o16az6,1.8,1,1,1.8,Low Value,One-time (1)
x7e31qv5,1.8,1,1,1.8,Low Value,One-time (1)
4ljeajqv,1.8,1,1,1.8,Low Value,One-time (1)
i5u7c7z1,1.8,1,1,1.8,Low Value,One-time (1)
d251cy01,1.8,1,1,1.8,Low Value,One-time (1)
45c7tukq,1.8,1,1,1.8,Low Value,One-time (1)
wud39tqe,1.8,1,1,1.8,Low Value,One-time (1)
8p7hl18f,1.8,1,1,1.8,Low Value,One-time (1)
i8eo6jqq,1.78,1,1,1.78,Low Value,One-time (1)
g7r9ann4,1.78,1,1,1.78,Low Value,One-time (1)
4x489wkp,1.78,1,1,1.78,Low Value,One-time (1)
u9hzj1ql,1.78,1,1,1.78,Low Value,One-time (1)
iv4jyagu,1.78,1,1,1.78,Low Value,One-time (1)
fb8mn4z3,1.78,1,1,1.78,Low Value,One-time (1)
5elygzor,1.76,1,1,1.76,Low Value,One-time (1)
uhx0zudq,1.75,1,1,1.75,Low Value,One-time (1)
v80ijapp,1.75,1,1,1.75,Low Value,One-time (1)
3sy3kgfe,1.75,1,1,1.75,Low Value,One-time (1)
d0gb7pmu,1.75,1,1,1.75,Low Value,One-time (1)
7ja7dx0u,1.74,1,1,1.74,Low Value,One-time (1)
cdc5e8ak,1.72,1,1,1.72,Low Value,One-time (1)
c9ix5hvd,1.72,1,1,1.72,Low Value,One-time (1)
onva7f80,1.72,1,1,1.72,Low Value,One-time (1)
c8z8hayw,1.71,1,1,1.71,Low Value,One-time (1)
muro5x01,1.71,1,1,1.71,Low Value,One-time (1)
uoh6zutv,1.7,1,1,1.7,Low Value,One-time (1)
opxaoajn,1.7,1,1,1.7,Low Value,One-time (1)
3sj38epz,1.7,1,1,1.7,Low Value,One-time (1)
zmk3ax6w,1.7,1,1,1.7,Low Value,One-time (1)
8s3exydw,1.7,1,1,1.7,Low Value,One-time (1)
owg5o8ws,1.7,1,1,1.7,Low Value,One-time (1)
5d0yillo,1.7,1,1,1.7,Low Value,One-time (1)
38gwlk2o,1.7,1,1,1.7,Low Value,One-time (1)
utw965jv,1.7,1,1,1.7,Low Value,One-time (1)
z23c0t1x,1.7,1,1,1.7,Low Value,One-time (1)
rixobrky,1.7,1,1,1.7,Low Value,One-time (1)
otl4e77r,1.7,1,1,1.7,Low Value,One-time (1)
nwziv3az,1.7,1,1,1.7,Low Value,One-time (1)
seuek0nz,1.7,1,1,1.7,Low Value,One-time (1)
6em6tbnf,1.7,1,1,1.7,Low Value,One-time (1)
x6hl0fg8,1.7,1,1,1.7,Low Value,One-time (1)
bzo9q5fe,1.7,1,1,1.7,Low Value,One-time (1)
sxlzy0oi,1.7,1,1,1.7,Low Value,One-time (1)
g884sim0,1.7,1,1,1.7,Low Value,One-time (1)
qjrnlbnc,1.7,1,1,1.7,Low Value,One-time (1)
jzx474nq,1.7,1,1,1.7,Low Value,One-time (1)
qpawb6ca,1.7,1,1,1.7,Low Value,One-time (1)
9el6kd9t,1.7,1,1,1.7,Low Value,One-time (1)
xd686kgr,1.69,1,1,1.69,Low Value,One-time (1)
q8w32a0y,1.69,1,1,1.69,Low Value,One-time (1)
ckdjxr47,1.69,1,1,1.69,Low Value,One-time (1)
78277r97,1.68,1,1,1.68,Low Value,One-time (1)
ur5mvgj4,1.68,1,1,1.68,Low Value,One-time (1)
gjbpc8s3,1.68,1,1,1.68,Low Value,One-time (1)
a1ryztbv,1.67,1,1,1.67,Low Value,One-time (1)
r4ox28j2,1.67,1,1,1.67,Low Value,One-time (1)
imj70e3p,1.66,1,1,1.66,Low Value,One-time (1)
npi4ddre,1.65,1,1,1.65,Low Value,One-time (1)
dbfxa2wd,1.65,1,1,1.65,Low Value,One-time (1)
gpv6vssf,1.65,1,1,1.65,Low Value,One-time (1)
sr1erjsn,1.65,1,1,1.65,Low Value,One-time (1)
n2kuh8ys,1.65,1,1,1.65,Low Value,One-time (1)
s21h7fxi,1.65,1,1,1.65,Low Value,One-time (1)
z6fmwaon,1.65,1,1,1.65,Low Value,One-time (1)
oj0lisg7,1.64,1,1,1.64,Low Value,One-time (1)
gsh5cwhy,1.64,1,1,1.64,Low Value,One-time (1)
mtz6mbhl,1.64,1,1,1.64,Low Value,One-time (1)
bl1fnb0h,1.64,1,1,1.64,Low Value,One-time (1)
ge0si39d,1.64,1,1,1.64,Low Value,One-time (1)
hb82cm04,1.64,1,1,1.64,Low Value,One-time (1)
dsfg27r5,1.64,1,1,1.64,Low Value,One-time (1)
budkbd0e,1.64,1,1,1.64,Low Value,One-time (1)
tp9pk2mh,1.64,1,1,1.64,Low Value,One-time (1)
yjl86fz4,1.64,1,1,1.64,Low Value,One-time (1)
pwly56ts,1.64,1,1,1.64,Low Value,One-time (1)
tfyye3sa,1.64,1,1,1.64,Low Value,One-time (1)
m9o7xf2w,1.64,1,1,1.64,Low Value,One-time (1)
gato3ejq,1.64,1,1,1.64,Low Value,One-time (1)
6sxjrlcm,1.64,1,1,1.64,Low Value,One-time (1)
bnvfolp6,1.64,1,1,1.64,Low Value,One-time (1)
1i4kbtcv,1.64,1,1,1.64,Low Value,One-time (1)
f8sxe2cz,1.64,1,1,1.64,Low Value,One-time (1)
w2vifhx6,1.64,1,1,1.64,Low Value,One-time (1)
fx7xjz6u,1.64,1,1,1.64,Low Value,One-time (1)
yoenq2nw,1.64,1,1,1.64,Low Value,One-time (1)
gl04w37x,1.64,1,1,1.64,Low Value,One-time (1)
x2coj8uq,1.64,1,1,1.64,Low Value,One-time (1)
f9qxzvpy,1.64,1,1,1.64,Low Value,One-time (1)
pck6z71c,1.64,1,1,1.64,Low Value,One-time (1)
shi5sh7n,1.63,1,1,1.63,Low Value,One-time (1)
spzbndvf,1.62,1,1,1.62,Low Value,One-time (1)
gie9yz1d,1.6,1,1,1.6,Low Value,One-time (1)
61rwukwn,1.6,1,1,1.6,Low Value,One-time (1)
f2uwufuk,1.59,1,1,1.59,Low Value,One-time (1)
y2s4z6al,1.56,1,1,1.56,Low Value,One-time (1)
fsne1m6z,1.53,1,1,1.53,Low Value,One-time (1)
46d3mjzn,1.53,1,1,1.53,Low Value,One-time (1)
ki75x0mp,1.52,1,1,1.52,Low Value,One-time (1)
y3tuuwjf,1.51,1,1,1.51,Low Value,One-time (1)
9eodcnsi,1.48,1,1,1.48,Low Value,One-time (1)
z3fbganb,1.47,1,1,1.47,Low Value,One-time (1)
wz8swal9,1.31,1,1,1.31,Low Value,One-time (1)
26gmq2d7,1.31,1,1,1.31,Low Value,One-time (1)
